No,Datetime,NOx(µg/Nm3},SO2(µg/Nm3},O3(µg/Nm3},PM-10(µg/Nm3},PM-2-5(µg/Nm3},NO(µg/Nm3},NO2(µg/Nm3},CO(mg/Nm3},PM-1(µg/m3}
1,03:00 18/09/2019,-,0,124.2955,110.62,91.0317,2.091,12.7422,812.8472,82.5469
2,04:00 18/09/2019,-,0,140.2281,73.1515,52.2027,2.0413,14.8128,1120.7292,43.5853
3,05:00 18/09/2019,-,0,142.0196,123.542,103.6208,2.1548,14.7015,1673.1596,90.9644
4,06:00 18/09/2019,-,0,137.1535,149.2294,120.7061,3.8022,18.6181,1921.3196,107.2657
5,07:00 18/09/2019,-,0,151.8071,137.9871,73.0467,14.3054,27.3561,1104.3403,57.816
6,08:00 18/09/2019,-,0,97.8806,207.7296,97.6707,16.9082,35.9578,1290.7464,75.4815
7,09:00 18/09/2019,-,0,109.1995,164.9913,62.2783,16.7787,47.3102,1414.8783,42.887
8,10:00 18/09/2019,-,0,142.1389,125.6095,45.7207,8.6756,33.347,1265.9724,31.5565
9,11:00 18/09/2019,-,0,171.6647,146.4885,52.321,6.3194,30.4183,971.7882,36.7897
10,12:00 18/09/2019,-,0,220.8465,140.9131,52.4958,3.0971,20.3161,911.3195,37.4619
11,13:00 18/09/2019,-,0,222.0978,135.5507,48.562,5.9855,29.3682,778.2465,33.1638
12,14:00 18/09/2019,-,0,217.713,95.5538,45.7412,10.0377,35.6278,682.1528,34.879
13,15:00 18/09/2019,-,0,259.5631,349.2987,69.1919,3.7328,19.8776,632.9166,28.2656
14,16:00 18/09/2019,-,0,180.2998,31.8883,20.303,11.8115,51.7916,1125,16.7091
15,17:00 18/09/2019,-,0,172.3058,28.3703,18.2302,9.1146,43.7993,792.5,15.4059
16,18:00 18/09/2019,-,0,166.4843,55.6565,34.7369,9.879,49.0929,935.1736,29.5072
17,19:00 18/09/2019,-,0,164.3508,41.5537,23.9155,4.1345,34.8878,935.4687,20.066
18,20:00 18/09/2019,-,0,190.5569,41.2116,24.7994,2.0236,25.2004,712.178,20.9551
19,21:00 18/09/2019,-,0,189.2501,40.1295,23.3172,1.8866,24.1068,734.1493,19.1555
20,22:00 18/09/2019,-,0,174.9736,57.0145,38.4268,1.9562,25.6602,738.4201,32.4045
21,23:00 18/09/2019,-,0,156.8247,106.1797,76.063,2.3573,29.4701,878.0903,62.1422
22,00:00 19/09/2019,-,0,113.7394,566.8144,461.3879,10.4885,44.8656,1101.6146,358.8141
23,01:00 19/09/2019,-,0,105.1668,1098.5954,807.9914,12.1802,46.7585,1033.316,550.9909
24,02:00 19/09/2019,-,0,110.2645,3971.853,2756.086,15.9058,50.8365,1647.917,1633.501
25,03:00 19/09/2019,-,0,109.0989,885.3718,738.7926,9.9208,40.4164,1001.059,626.0365
26,04:00 19/09/2019,-,0,132.5666,790.6247,660.4428,12.8752,37.7902,1098.7502,565.1508
27,05:00 19/09/2019,-,0,146.2157,979.9582,852.0584,25.0286,43.2361,1354.4618,726.546
28,06:00 19/09/2019,-,0,136.8451,416.7095,371.0336,6.4324,27.2055,865.2604,330.6452
29,07:00 19/09/2019,-,0,129.9753,56.7485,47.6986,2.9474,19.4365,925.2604,42.7661
30,08:00 19/09/2019,-,0,130.4533,34.8687,28.0352,3.5391,19.5589,863.1423,25.122
31,09:00 19/09/2019,-,0,130.1614,35.3562,25.161,14.7095,54.8655,1100.2257,21.216
32,10:00 19/09/2019,-,0,137.6815,40.3873,31.2017,8.8956,37.039,992.5695,27.4927
33,11:00 19/09/2019,-,0,143.8685,28.4807,22.3794,10.221,39.4011,821.6319,19.6934
34,12:00 19/09/2019,-,0,153.1766,22.7718,18.0102,24.6232,56.9215,916.5972,15.909
35,13:00 19/09/2019,-,0,144.6608,42.8063,33.3059,25.7803,73.8199,1212.9861,29.4752
36,14:00 19/09/2019,-,0,164.0097,27.7141,23.6315,12.6382,51.8689,773.6459,21.7788
37,15:00 19/09/2019,-,0,205.4589,23.7236,20.3249,3.6316,22.8995,558.316,18.9898
38,16:00 19/09/2019,-,0,218.0312,33.8136,25.2688,3.5782,21.9721,565.7639,23.0455
39,17:00 19/09/2019,-,0,220.126,41.0077,29.452,11.9988,46.1214,570.5208,26.1465
40,18:00 19/09/2019,-,0,258.3754,43.7394,29.857,2.7642,26.005,541.7292,26.2425
41,19:00 19/09/2019,-,0,209.4018,53.8753,32.7565,5.5416,33.5193,764.1666,28.1721
42,20:00 19/09/2019,-,0,198.874,52.8814,33.4711,2.5572,31.8755,787.8993,29.1123
43,21:00 19/09/2019,-,0,188.4977,73.8247,52.4201,2.3052,31.2801,853.8368,46.8926
44,22:00 19/09/2019,-,0,172.5463,57.0619,38.2257,1.8406,30.5741,881.8403,33.8452
45,23:00 19/09/2019,-,0,152.8135,75.44,58.388,2.1395,36.0882,1031.8229,53.7122
46,00:00 20/09/2019,-,0,122.5254,601.3098,500.046,3.8572,42.1564,1209.132,387.0646
47,01:00 20/09/2019,-,0,109.5975,845.7912,720.426,7.6142,51.1172,1184.8089,614.167
48,02:00 20/09/2019,-,0,113.4284,361.684,310.6053,7.2784,47.2243,1116.3889,278.4534
49,03:00 20/09/2019,-,0,107.5078,670.449,571.2718,8.198,41.4705,1237.9339,497.003
50,04:00 20/09/2019,-,0,124.8027,363.8235,293.6527,5.4387,34.5851,1173.9409,249.4845
51,05:00 20/09/2019,-,0,131.5317,414.0276,349.6962,9.3595,30.8793,1175.6944,301.8418
52,06:00 20/09/2019,-,0,132.9782,201.1847,167.5849,5.4711,22.7965,1025.4514,145.0318
53,07:00 20/09/2019,-,0,116.4706,102.96,76.1264,5.8316,23.4153,966.7187,63.7322
54,08:00 20/09/2019,-,0,93.1389,71.0446,43.9726,21.5288,29.4415,1068.7846,35.518
55,09:00 20/09/2019,-,0,102.0128,69.5378,41.7917,9.1435,24.8052,1007.4652,33.9481
56,10:00 20/09/2019,-,0,112.042,99.2433,66.9992,9.9927,30.1168,1375.1563,57.2233
57,11:00 20/09/2019,-,0,151.1455,96.6837,65.835,6.6661,29.6113,1324.0104,57.2338
58,12:00 20/09/2019,-,0,186.8375,89.1536,48.701,7.9451,37.2718,930.4514,41.0682
59,13:00 20/09/2019,-,0,185.7085,127.6337,47.1465,9.0469,43.5961,1001.2847,34.4808
60,19:00 23/10/2019,72.9987,2.75,60.5153,216.2061,72.2617,12.6673,60.3314,840.0694,46.2417
61,20:00 23/10/2019,89.9871,2.7273,52.6461,157.089,70.2945,36.2753,53.7118,739.3576,52.5213
62,21:00 23/10/2019,53.2801,2.5724,54.9239,113.3403,49.5531,13.8465,39.4337,598.559,36.2346
63,22:00 23/10/2019,27.2642,2.6336,60.8475,61.9604,31.9281,3.3919,23.8723,667.5347,24.1478
64,23:00 23/10/2019,22.9976,3.0348,61.9718,69.143,27.9945,3.0139,19.9837,398.6979,19.4936
65,00:00 24/10/2019,12.6239,3.4145,60.9422,55.6904,14.6323,2.2592,10.3647,335.191,8.5819
66,01:00 24/10/2019,9.8678,3.6981,65.0109,13.4231,7.8736,1.6549,8.2129,318.2812,6.229
67,02:00 24/10/2019,12.0569,4.0147,64.0394,14.8616,7.4483,1.9346,10.1222,307.6736,5.2684
68,03:00 24/10/2019,11.7216,3.884,61.9009,14.7517,7.6879,1.7468,9.9747,305.0694,5.4297
69,04:00 24/10/2019,15.4238,3.3402,60.9314,18.6274,12.8726,1.7396,13.6842,450.2257,10.4529
70,05:00 24/10/2019,10.5587,3.4012,67.5655,23.768,16.9919,1.458,9.1008,310.4735,14.7807
71,06:00 24/10/2019,25.8089,3.4058,49.6569,25.4186,19.3271,5.3756,20.4333,467.691,17.4863
72,07:00 24/10/2019,20.0297,3.8717,46.0468,20.5186,13.5314,3.6642,16.3655,745.2431,11.3597
73,08:00 24/10/2019,26.8893,4.57,42.6987,18.9811,12.3239,4.9902,21.8991,565.191,10.1549
74,09:00 24/10/2019,51.5573,5.1925,41.0849,44.242,26.9836,16.5069,35.0504,733.9931,21.9634
75,10:00 24/10/2019,39.6302,5.6082,45.5452,57.8222,44.9918,10.8733,28.7569,702.2917,39.7689
76,11:00 24/10/2019,39.1977,5.1559,49.5727,44.3255,32.2344,11.2787,27.919,618.8542,28.3779
77,12:00 24/10/2019,44.1775,4.3261,49.4497,30.0741,16.6128,14.9071,29.2704,560.5556,13.5609
78,13:00 24/10/2019,88.4471,4.3496,42.1611,48.8632,25.0044,36.7279,51.7192,659.3403,19.5085
79,14:00 24/10/2019,46.2579,4.0715,43.1669,39.2944,24.3434,15.6467,30.6112,599.6007,19.8767
80,15:00 24/10/2019,32.7567,4.4171,44.6298,33.879,20.9153,9.1665,23.5902,584.3403,17.4491
81,16:00 24/10/2019,59.9542,5.0451,42.3094,32.0226,16.2972,19.8558,40.0984,593.941,12.8532
82,17:00 24/10/2019,135.9493,5.6207,25.36,46.9644,17.8291,70.7237,65.2256,826.2847,12.5978
83,18:00 24/10/2019,80.7457,5.714,31.9968,55.4614,25.7361,28.7666,51.979,880.4688,20.1685
84,19:00 24/10/2019,46.9739,4.9788,35.0008,62.7879,29.6807,13.7311,33.2428,797.2743,23.3326
85,20:00 24/10/2019,37.4246,4.0266,30.5407,52.7531,31.5913,8.7984,28.6262,835.9375,26.0314
86,21:00 24/10/2019,27.4391,4.0652,30.6937,54.4315,25.6805,6.1497,21.2894,785.2257,20.0777
87,22:00 24/10/2019,34.013,4.2531,32.1343,35.1987,21.2565,14.4387,19.5743,708.6979,18.2025
88,23:00 24/10/2019,20.3358,4.7599,32.9974,33.5554,21.8942,4.4801,15.8557,610.9375,18.4778
89,00:00 25/10/2019,12.8883,5.3724,35.6607,33.5814,23.9691,1.9964,10.8919,566.684,20.9793
90,01:00 25/10/2019,10.8771,5.4864,36.4858,37.8248,29.7535,2.0044,8.8727,475.3472,26.0437
91,02:00 25/10/2019,8.6376,5.546,40.4896,33.5981,25.8855,1.5918,7.0458,400.3472,22.5706
92,03:00 25/10/2019,9.8021,4.9736,43.1838,38.3801,29.7212,1.7182,8.0839,449.9826,26.0947
93,04:00 25/10/2019,9.7861,4.3051,46.4522,26.361,19.9424,1.6517,8.1344,449.6354,17.2294
94,05:00 25/10/2019,11.1963,4.2618,47.5294,23.0333,17.5318,1.7293,9.4669,419.375,14.7472
95,06:00 25/10/2019,12.792,4.3023,45.2533,36.4141,28.3094,1.8356,10.9564,542.2396,24.746
96,07:00 25/10/2019,15.6718,4.6257,40.4625,41.3996,32.9368,2.324,13.3479,690.6424,29.6196
97,08:00 25/10/2019,38.743,5.2648,26.3116,97.3671,69.1421,11.1732,27.5698,961.5451,60.9753
98,09:00 25/10/2019,39.8348,5.7426,28.1129,56.3809,27.5764,11.6844,28.1504,781.1111,22.1339
99,10:00 25/10/2019,50.6769,5.8408,28.4081,70.2032,30.1307,18.9323,31.7446,752.1006,22.8251
100,11:00 25/10/2019,54.8188,5.2684,29.4407,84.904,34.1678,17.897,36.9218,747.5695,24.1378
101,12:00 25/10/2019,57.8445,4.1708,35.6935,95.4903,46.3725,21.2088,36.6357,687.257,36.9285
102,13:00 25/10/2019,45.1068,4.1764,48.2723,102.6684,60.2203,13.0207,32.086,581.4757,51.5518
103,14:00 25/10/2019,39.4916,4.1041,56.7053,70.717,41.4191,10.1485,29.3431,597.309,32.109
104,15:00 25/10/2019,59.5435,4.2487,53.9009,68.7983,34.1397,16.4554,43.0881,644.809,26.6773
105,16:00 25/10/2019,58.6147,6.0032,67.4259,76.7844,36.4996,15.9026,42.7121,584.3924,28.5931
106,17:00 25/10/2019,50.818,10.1014,77.484,121.3904,82.5373,9.7243,41.0937,628.5243,74.0665
107,18:00 25/10/2019,86.632,9.0527,61.3663,100.8907,61.0934,23.0564,63.5756,780.0868,51.9697
108,19:00 25/10/2019,104.0309,7.0416,44.5411,136.9456,82.2866,23.622,80.409,1082.6736,66.9875
109,20:00 25/10/2019,77.0247,4.8322,31.3283,240.5202,162.3182,8.5295,68.4952,1385.3125,135.7178
110,21:00 25/10/2019,84.365,4.4584,20.1186,167.9532,106.7721,13.7424,70.6225,1385.4341,88.5204
111,22:00 25/10/2019,78.564,4.3178,18.6304,137.6793,86.1956,10.9415,67.6225,1310.0521,70.1512
112,23:00 25/10/2019,93.1244,4.5677,15.535,131.1349,86.6898,32.2276,60.8968,1274.0277,72.0049
113,00:00 26/10/2019,81.6744,5.37,13.7021,182.8916,134.8234,30.8421,50.8322,1352.1006,114.7921
114,01:00 26/10/2019,85.4992,5.7184,12.7425,131.9375,91.9479,30.8965,54.6027,1122.1875,77.3076
115,02:00 26/10/2019,82.5843,6.1736,17.6589,1008.8785,876.2058,29.4744,53.1099,1548.9236,768.46
116,03:00 26/10/2019,81.6258,5.7641,17.494,835.0896,722.2398,33.1637,48.4621,1516.0591,636.8856
117,04:00 26/10/2019,65.0121,5.1226,19.3888,853.3996,731.8092,27.3075,37.7046,1450.7639,633.6879
118,05:00 26/10/2019,49.571,5.0467,18.3096,802.7502,689.3293,18.7068,30.8642,979.3923,581.6492
119,06:00 26/10/2019,42.2478,4.8811,16.9898,474.112,415.3285,14.3017,27.9461,812.066,363.9616
120,07:00 26/10/2019,35.0021,5.1424,14.3676,108.7988,85.6251,8.061,26.9411,690.9722,75.211
121,08:00 26/10/2019,45.878,6.2388,12.2529,70.4728,47.653,18.0868,27.7912,912.0486,40.1544
122,09:00 26/10/2019,66.6077,6.5176,13.5086,189.5891,90.0801,36.8418,29.7659,1607.6041,68.809
123,10:00 26/10/2019,69.064,6.4092,14.1337,153.2246,75.9716,32.1596,36.9044,1229.722,60.6729
124,11:00 26/10/2019,67.7179,6.2713,21.8491,148.513,72.4475,27.365,40.3528,740.3473,56.8729
125,12:00 26/10/2019,87.8509,4.6141,29.29,125.0488,61.5632,30.6356,57.2153,856.632,48.2167
126,13:00 26/10/2019,83.4755,4.0989,38.0388,112.9433,58.1556,22.3665,61.1091,797.9514,45.7578
127,14:00 26/10/2019,56.866,4.1855,62.9491,154.3381,57.1088,14.8859,41.9801,583.9757,40.1124
128,15:00 26/10/2019,28.2172,4.5967,100.6915,102.4882,52.7569,3.5313,24.6859,488.1771,41.2911
129,16:00 26/10/2019,51.8494,4.6296,107.6417,93.5782,47.4575,7.9263,43.9231,456.3194,37.3608
130,17:00 26/10/2019,73.7284,5.0074,93.7938,111.9105,69.9051,14.1498,59.5786,548.0556,59.637
131,18:00 26/10/2019,85.3007,4.972,66.5559,125.9078,62.2392,13.9693,71.3314,812.7778,48.5007
132,19:00 26/10/2019,166.6872,4.7186,28.9606,198.6335,101.4649,61.8779,104.8094,1475.0694,80.3919
133,20:00 26/10/2019,87.1067,3.8685,35.9726,147.6041,78.5284,10.2817,76.825,1247.4134,62.702
134,21:00 26/10/2019,84.2002,3.7776,29.4293,156.4461,101.3891,10.6513,73.5489,1528.42,85.9571
135,22:00 26/10/2019,98.0914,3.7109,23.3111,142.4509,101.8109,22.2814,75.81,1906.1112,88.6888
136,23:00 26/10/2019,97.23,4.0052,19.1572,123.7229,87.4686,21.6274,75.6026,1492.6561,75.8958
137,00:00 27/10/2019,72.9778,4.5883,16.2892,133.8879,95.4124,11.6533,61.3245,1641.2847,81.9232
138,01:00 27/10/2019,52.3505,5.0241,19.2846,138.2693,112.2598,8.4554,43.8951,995.2084,99.2819
139,02:00 27/10/2019,53.3719,5.1397,20.7734,124.8921,103.2845,9.8216,43.5502,758.8542,91.7312
140,03:00 27/10/2019,31.1928,4.8334,21.6466,100.7852,85.3248,3.6387,27.5541,681.4773,77.2806
141,04:00 27/10/2019,25.5725,4.1677,24.6677,83.3177,61.0225,3.2988,22.2736,606.8924,53.4125
142,05:00 27/10/2019,25.0289,3.8634,24.2653,84.6581,59.2968,4.0213,21.0076,712.2743,50.3103
143,06:00 27/10/2019,24.346,3.8821,23.0575,77.4926,58.9542,3.9435,20.4025,813.2986,51.2208
144,07:00 27/10/2019,39.2418,4.2439,23.6168,65.5916,50.1592,15.4266,23.8153,898.8021,44.678
145,08:00 27/10/2019,115.9971,5.1901,15.6561,92.1992,57.3203,65.1752,50.822,1212.9167,49.1238
146,09:00 27/10/2019,91.1608,6.3186,20.5323,127.8532,81.1015,37.9494,53.2114,2013.3159,69.573
147,10:00 27/10/2019,101.9011,7.4229,24.4019,114.2865,67.8679,34.3753,67.5258,1078.5416,57.2088
148,11:00 27/10/2019,81.0942,7.3097,32.5739,127.969,67.3911,15.7402,65.354,697.3958,47.1644
149,12:00 27/10/2019,100.0671,6.4147,33.813,157.6138,67.4607,24.2899,75.7772,669.3676,44.4742
150,13:00 27/10/2019,58.0178,4.1589,61.0945,105.1527,48.1513,8.0999,49.9179,627.1007,37.2928
151,14:00 27/10/2019,37.7872,3.6056,86.0548,87.8175,40.2722,4.1346,33.6525,497.4653,30.5033
152,15:00 27/10/2019,35.7788,3.3537,78.3159,77.7164,36.034,4.6887,31.0901,451.0938,27.4511
153,16:00 27/10/2019,43.7851,3.4094,71.3893,59.1548,27.8763,9.6932,34.0918,360.7118,21.3037
154,17:00 27/10/2019,34.4326,3.3474,70.6651,31.5454,20.2581,4.5238,29.9088,298.9583,16.9289
155,18:00 27/10/2019,35.1742,3.5567,67.8286,29.2325,17.4472,5.1145,30.0597,337.2049,14.673
156,19:00 27/10/2019,65.6439,3.7331,46.8394,43.7601,24.9153,10.6575,54.9864,539.4965,20.3865
157,20:00 27/10/2019,70.1608,3.5349,35.7146,65.9499,42.3742,15.3592,54.8016,1046.2848,36.3476
158,21:00 27/10/2019,52.7117,3.2719,33.7094,82.3603,58.0292,6.1966,46.5151,997.4305,50.6112
159,22:00 27/10/2019,55.9862,3.3001,29.2198,90.1253,66.9604,5.3274,50.6588,1088.5764,58.857
160,23:00 27/10/2019,56.6513,3.3502,28.09,101.9205,79.4307,7.5995,49.0518,1077.361,70.0775
161,00:00 28/10/2019,70.2551,3.6755,23.1742,94.2193,73.2546,12.6299,57.6253,1397.5348,64.386
162,01:00 28/10/2019,68.5067,3.9226,18.3682,87.496,65.9782,10.607,57.8997,1264.5486,57.8517
163,02:00 28/10/2019,55.7063,4.0179,20.076,97.1829,73.8723,5.6723,50.034,1019.2535,64.3909
164,03:00 28/10/2019,31.514,4.2515,25.7767,85.0057,67.4233,3.6991,27.8149,816.875,58.7254
165,04:00 28/10/2019,27.7349,3.8964,27.2119,84.1902,66.5276,3.4566,24.2783,707.1181,58.0891
166,05:00 28/10/2019,44.7625,3.4824,25.2356,74.2264,51.441,6.3121,38.4503,627.5174,43.6424
167,06:00 28/10/2019,70.0191,3.6636,24.4594,110.7428,76.7748,13.7843,56.2348,837.0313,62.76
168,07:00 28/10/2019,55.6744,3.7275,23.5039,86.4807,57.7289,13.1409,42.5335,933.5244,48.5484
169,08:00 28/10/2019,61.0344,3.7776,22.7854,76.3746,58.0932,21.5485,39.4859,1376.4584,51.3162
170,09:00 28/10/2019,133.2197,5.0304,19.2489,83.1635,56.6889,73.4195,59.8002,1675.434,49.4546
171,10:00 28/10/2019,79.269,7.9603,15.8659,76.8358,47.7506,34.6667,44.6023,885.9375,40.2878
172,11:00 28/10/2019,83.2216,9.6187,14.5867,74.1904,40.7737,40.441,42.7805,747.8819,33.0527
173,12:00 28/10/2019,65.4187,8.0847,15.5879,58.4682,34.5082,32.7353,32.6834,654.5139,28.7326
174,13:00 28/10/2019,50.7769,6.3595,17.6678,34.035,17.9583,27.4261,23.3508,611.4583,14.3882
175,14:00 28/10/2019,35.4334,7.3156,35.9923,26.4899,12.4338,11.3399,24.0934,453.5764,9.403
176,15:00 28/10/2019,60.2788,6.9129,39.8777,19.3466,10.6699,21.3421,38.9367,510.2951,8.3024
177,16:00 28/10/2019,59.4263,6.9244,42.9805,32.5173,20.4156,22.3516,37.0747,511.0764,16.6432
178,17:00 28/10/2019,42.7952,7.1436,44.5851,42.301,27.0537,11.5793,31.2159,544.5139,22.6046
179,18:00 28/10/2019,51.1429,6.4835,31.0735,81.3368,52.5312,15.2324,35.9105,710.6076,43.6885
180,19:00 28/10/2019,50.1893,8.5649,31.0098,70.6317,40.4541,13.9008,36.2885,615.2257,32.9795
181,20:00 28/10/2019,57.8135,9.1711,29.5335,100.0394,66.3436,17.0781,40.7354,1046.7187,56.9844
182,21:00 28/10/2019,53.5445,13.1008,22.1839,79.684,57.1333,16.9385,36.606,1006.0938,49.7349
183,22:00 28/10/2019,52.7019,12.7727,16.6827,36.0907,23.7544,16.5116,36.1903,756.2152,20.0836
184,23:00 28/10/2019,59.0618,31.0068,23.3688,174.484,144.0792,21.4787,37.5831,2920.2951,126.9787
185,00:00 29/10/2019,100.3391,51.8407,19.3498,985.7361,858.6033,44.88,55.4591,1943.9409,736.3711
186,01:00 29/10/2019,64.1338,22.4562,8.7256,1176.2273,1013.85,25.714,38.4198,1290.9722,872.3293
187,02:00 29/10/2019,60.8059,16.8867,13.3205,1225.5377,1070.6557,24.9916,35.8143,1457.5521,924.033
188,03:00 29/10/2019,60.8853,15.1123,8.0255,1078.6098,903.1724,22.4135,38.4717,1069.9305,764.375
189,04:00 29/10/2019,75.7875,19.1926,11.7073,1151.7256,1004.2214,31.9341,43.8535,2082.0834,874.0687
190,05:00 29/10/2019,73.9538,27.7936,11.5252,963.9877,819.5207,35.6823,38.2714,2170.8853,694.6402
191,06:00 29/10/2019,58.6573,43.5268,9.4018,823.0002,692.9059,25.7174,32.9399,1342.6562,590.0696
192,07:00 29/10/2019,29.2123,32.2084,9.5236,118.5101,90.7894,6.5852,22.6271,619.5486,75.6922
193,08:00 29/10/2019,52.4629,33.1236,9.6515,61.4564,38.1611,20.5779,31.8849,996.493,31.2614
194,09:00 29/10/2019,61.2832,35.4771,13.0729,61.3463,36.5203,27.3862,33.897,908.4201,28.2409
195,10:00 29/10/2019,38.869,36.8304,30.5955,47.6663,24.979,13.6881,25.1809,921.875,20.1547
196,11:00 29/10/2019,33.8374,30.9579,49.6015,47.0299,19.5534,9.1059,24.7316,681.059,15.0039
197,12:00 29/10/2019,35.422,19.0555,61.2868,73.5809,21.3404,7.9589,27.4631,343.559,13.8758
198,13:00 29/10/2019,27.8614,13.7649,83.6794,73.3316,23.9673,5.6611,22.2003,363.0903,16.0609
199,14:00 29/10/2019,23.6202,14.1685,96.2716,63.4106,23.6614,4.5942,19.026,503.8541,16.7792
200,15:00 29/10/2019,26.0406,13.0436,95.3888,54.9402,17.7024,5.2033,20.8373,246.5278,11.536
201,16:00 29/10/2019,36.283,16.3433,98.1048,65.5772,19.3276,6.268,30.0149,340.0868,12.3239
202,17:00 29/10/2019,55.8087,27.1986,96.0147,65.264,26.6006,9.1755,46.6332,490.1215,20.0075
203,18:00 29/10/2019,60.3073,34.5015,92.6794,67.7107,27.5326,9.4303,50.877,569.0451,20.1162
204,19:00 29/10/2019,76.2907,25.8218,54.9828,116.1414,58.7955,10.3251,65.9656,594.9479,45.8123
205,20:00 29/10/2019,99.6906,21.2383,35.1047,144.9129,66.6248,28.4878,71.2028,1138.0728,49.332
206,21:00 29/10/2019,85.8859,14.905,16.7577,142.8685,65.2553,20.6637,65.2222,1458.6979,49.1003
207,22:00 29/10/2019,113.2256,9.5536,2.1582,193.3284,102.7563,46.3716,66.854,1764.7048,79.1572
208,23:00 29/10/2019,111.549,9.0503,2.0763,204.7965,113.7575,43.7296,67.8194,1544.2882,90.917
209,00:00 30/10/2019,84.1779,12.3699,4.3247,269.0643,205.4037,22.2139,61.964,1434.1667,171.9941
210,01:00 30/10/2019,53.0003,14.1149,2.4139,113.6831,85.6618,5.4596,47.5407,888.368,74.4842
211,02:00 30/10/2019,43.9303,10.9892,2.8823,100.2472,74.6622,6.2565,37.6738,965.8333,63.2606
212,03:00 30/10/2019,32.1454,9.2068,5.3134,88.1305,66.2556,4.4192,27.7261,626.9271,56.1794
213,04:00 30/10/2019,40.2712,7.8579,3.5294,106.4322,66.8792,4.3727,35.8985,807.2743,51.0738
214,05:00 30/10/2019,36.7179,7.6016,5.167,111.7139,76.9939,4.2418,32.476,1078.9238,61.1813
215,06:00 30/10/2019,35.7553,7.774,5.7578,120.4109,97.1815,5.3758,30.3795,1081.8055,80.8064
216,07:00 30/10/2019,37.9808,7.9079,6.7403,103.1513,80.6075,6.6859,31.295,1060.3646,67.8855
217,08:00 30/10/2019,55.3618,8.5085,4.7792,111.0268,77.7247,21.5738,33.788,866.2153,62.1187
218,09:00 30/10/2019,74.9278,10.6122,12.7949,95.6144,47.8397,27.6786,47.2491,686.9792,37.1129
219,10:00 30/10/2019,51.5216,10.3127,28.126,66.7171,30.2971,15.1033,36.4183,507.6042,23.8695
220,11:00 30/10/2019,96.9429,12.9745,36.8123,131.4581,53.5266,30.7519,66.191,638.3333,39.3336
221,12:00 30/10/2019,45.0721,10.9053,87.3594,100.1678,28.8018,7.8747,37.1974,376.0069,17.4794
222,13:00 30/10/2019,58.3512,8.8422,86.432,131.5218,30.5405,10.5464,47.8049,544.9827,14.5089
223,14:00 30/10/2019,42.8619,9.9981,102.1601,133.4762,31.0635,7.346,35.5159,298.941,13.1889
224,15:00 30/10/2019,63.2901,9.8924,101.3675,101.1499,32.9024,14.8844,48.4056,341.9097,20.4078
225,16:00 30/10/2019,57.081,15.5004,111.564,72.6807,25.486,10.4728,46.6081,380.1562,16.5721
226,17:00 30/10/2019,101.4157,21.8933,77.4861,132.503,35.0025,33.3829,68.0328,499.0972,18.1452
227,18:00 30/10/2019,100.9743,32.4252,78.7788,126.3966,43.3796,18.1094,82.8649,831.7188,28.1277
228,19:00 30/10/2019,131.3996,50.1144,44.425,201.3679,89.0998,23.0754,108.3242,1301.9098,63.0712
229,20:00 30/10/2019,145.6055,15.301,13.1949,334.9387,164.3736,38.0378,107.5677,1649.7396,120.8647
230,21:00 30/10/2019,154.1265,7.917,5.8424,402.3751,252.9347,50.8271,103.2994,2460.2952,215.8786
231,22:00 30/10/2019,95.108,9.4217,4.3479,312.499,192.0775,17.6962,77.4118,2384.1145,157.6171
232,23:00 30/10/2019,108.2877,8.271,1.7239,357.5901,239.7117,22.4604,85.8272,2294.5138,202.3064
233,00:00 31/10/2019,93.0571,8.1713,0.5343,249.3476,177.2587,15.6907,77.3665,1409.7918,152.2119
234,01:00 31/10/2019,73.3329,9.0563,1.2322,214.6933,144.1509,14.338,58.9949,1225.1215,119.8423
235,02:00 31/10/2019,36.6394,8.7107,6.3754,97.6617,69,4.3351,32.3043,676.684,58.4995
236,03:00 31/10/2019,31.3888,7.6819,8.6369,142.2536,112.7704,3.819,27.5698,727.0486,99.5511
237,04:00 31/10/2019,39.0157,6.7734,6.9856,146.6483,110.6416,5.8322,33.1835,788.1597,90.3457
238,05:00 31/10/2019,42.8934,6.1307,6.2939,245.368,193.6898,6.7151,36.1784,1070.3473,160.2524
239,06:00 31/10/2019,39.8166,6.3917,6.0784,184.3376,141.9979,6.5284,33.2882,671.3542,115.0329
240,07:00 31/10/2019,61.4514,8.0898,8.6348,132.4347,92.2197,22.3179,39.1336,697.1701,79.5267
241,08:00 31/10/2019,104.501,31.5514,9.3292,176.496,106.8535,48.9859,55.5151,1579.0972,87.3157
242,09:00 31/10/2019,73.6126,50.9962,12.4824,121.3143,63.0126,24.71,48.9026,1099.5486,49.5768
243,10:00 31/10/2019,69.0745,35.1057,18.3227,99.1544,44.4966,21.6082,47.4662,795.5555,33.7004
244,11:00 31/10/2019,59.3777,23.817,34.9285,100.812,38.046,14.3454,45.0322,521.9618,26.7461
245,12:00 31/10/2019,67.2436,18.1535,56.5618,104.5346,37.3088,14.9356,52.308,375.2951,25.1571
246,13:00 31/10/2019,51.7172,13.5083,78.176,204.095,47.1061,9.461,42.2562,381.7708,23.6092
247,14:00 31/10/2019,44.8651,16.0331,80.2473,98.7541,33.1214,6.1495,38.7156,286.1458,19.9721
248,15:00 31/10/2019,54.6425,15.3153,75.2693,111.3874,33.4846,8.4312,46.2113,362.4479,18.1952
249,16:00 31/10/2019,159.6436,32.4487,41.6486,160.2287,50.5902,52.6488,106.9949,618.7153,28.8788
250,17:00 31/10/2019,204.5336,64.4422,18.8649,272.568,99.3555,82.3776,122.1559,1512.1701,66.9984
251,18:00 31/10/2019,138.3452,41.5856,15.4403,259.1556,109.1618,36.3843,101.9608,1503.6457,79.4072
252,19:00 31/10/2019,124.6381,38.4368,13.7018,288.2839,136.0941,32.2341,92.404,1562.4479,104.7964
253,20:00 31/10/2019,87.4262,20.5841,24.0564,214.3169,99.232,14.2185,73.2077,1129.1146,74.9169
254,21:00 31/10/2019,62.9294,11.9318,25.7961,253.278,104.975,8.6975,54.2319,1130.8507,75.9664
255,22:00 31/10/2019,39.0496,11.3403,33.9415,132.7695,71.7201,3.6178,35.4318,781.1111,56.0221
256,23:00 31/10/2019,40.2862,9.9027,33.8874,146.8399,78.0253,4.2882,35.9981,1087.6389,59.7026
257,1/11/2019 0:00,61.0294,12.7357,22.7735,598.4521,502.3578,6.4007,54.6287,1365.5902,434.9677
258,1/11/2019 1:00,34.1369,9.9603,32.5355,192.1137,157.4928,3.3329,30.804,518.5764,139.1827
259,1/11/2019 2:00,38.9364,7.8432,40.3783,505.4844,424.2034,6.3263,32.6101,576.1458,370.3837
260,1/11/2019 3:00,70.1066,7.156,28.8108,1202.9667,1036.7555,15.1467,54.9599,1173.9931,880.7835
261,1/11/2019 4:00,67.4547,8.0434,29.2701,1196.222,1046.2959,15.7772,51.6775,2304.0625,901.8385
262,1/11/2019 5:00,48.8097,7.8213,64.223,1356.0686,1177.2359,9.3729,39.4368,1558.0036,979.3427
263,1/11/2019 6:00,31.9635,8.0688,40.0178,573.7591,497.0591,5.6997,26.2638,373.6111,427.5568
264,1/11/2019 7:00,19.381,7.5377,58.9486,39.9582,31.1502,3.0474,16.3336,168.4375,26.1368
265,1/11/2019 8:00,25.4816,6.5625,65.1192,26.4565,18.5984,3.8125,21.6691,659.5139,15.3617
266,1/11/2019 9:00,46.5285,8.5017,54.0899,31.667,21.8155,7.0212,39.5073,737.5868,17.7136
267,1/11/2019 10:00,47.0889,8.4295,52.6309,29.2033,19.4753,8.9681,38.1208,893.5938,15.946
268,1/11/2019 11:00,83.609,9.4722,38.5097,47.2222,30.4222,19.9878,63.6212,1635.1736,25.0061
269,1/11/2019 12:00,96.7524,11.9675,32.0054,39.7019,24.8663,26.5125,70.24,1056.0243,19.9102
270,1/11/2019 13:00,89.5005,10.9498,31.9545,46.6773,29.8745,23.0964,66.4041,1328.2292,24.3094
271,1/11/2019 14:00,99.0153,12.3588,24.2094,49.1603,33.2582,25.7034,73.3118,1528.507,28.1764
272,1/11/2019 15:00,68.7997,14.9383,30.5431,38.1268,29.6988,17.725,51.0747,1537.3438,26.4879
273,1/11/2019 16:00,91.3051,18.6218,25.8291,43.8592,29.0608,22.1318,69.1733,1239.375,23.907
274,1/11/2019 17:00,107.5743,25.1521,20.596,45.1805,26.7466,32.6322,74.9422,972.9861,21.9915
275,1/11/2019 18:00,111.9469,28.6945,13.155,46.6169,27.256,35.9204,76.0265,1111.3194,21.986
276,1/11/2019 19:00,121.1569,29.6014,9.903,55.4857,33.3749,43.2144,77.9425,1101.2152,26.9565
277,1/11/2019 20:00,52.0759,26.2524,15.6052,61.0696,40.6344,6.9084,45.1675,736.5625,35.0085
278,1/11/2019 21:00,33.3583,15.4043,23.3441,47.8835,36.0833,3.0187,30.3396,595.625,32.5201
279,1/11/2019 22:00,25.4258,11.8928,29.8776,38.8804,30.538,2.3859,23.0399,428.6979,27.5546
280,1/11/2019 23:00,34.2372,10.0116,28.0138,101.8826,86.2332,4.3649,29.8723,492.4306,76.7151
281,2/11/2019 0:00,91.776,9.7653,31.4786,980.8286,857.2105,39.4958,52.2803,1694.0105,729.2062
282,2/11/2019 1:00,72.7588,11.1266,10.2516,1174.5535,1032.548,24.4989,48.2599,2279.6007,893.4264
283,2/11/2019 2:00,82.3418,13.2811,8.3946,958.1399,860.6078,32.9588,49.383,3318.0207,762.5887
284,2/11/2019 3:00,63.1437,13.0897,10.5659,1034.994,941.8909,24.7561,38.3875,1264.2015,844.4014
285,2/11/2019 4:00,63.8488,11.0539,9.6456,968.8526,863.7723,24.8784,38.9704,1080.3992,762.472
286,2/11/2019 5:00,77.6824,9.8396,8.0735,1051.5789,904.9664,35.1153,42.5672,1059.6701,779.2161
287,2/11/2019 6:00,59.8578,10.0589,4.1047,1000.4315,807.0749,21.8565,38.0013,709.0104,659.5808
288,2/11/2019 7:00,54.0776,11.8964,4.7217,135.6981,114.2517,19.242,34.8356,597.1007,103.494
289,2/11/2019 8:00,70.0793,17.6728,9.5941,68.1438,47.0792,30.5224,39.5569,1181.1112,40.3522
290,2/11/2019 9:00,75.1478,31.2932,5.4623,55.3414,34.2273,32.7047,42.4431,1073.5591,28.1353
291,2/11/2019 10:00,62.6471,30.3164,8.3818,47.4328,29.7372,24.9374,37.7097,776.4931,24.8159
292,2/11/2019 11:00,85.8139,29.0091,8.5726,63.4357,36.6185,37.0594,48.7545,982.8993,29.9967
293,2/11/2019 12:00,80.3951,27.2828,11.3963,66.8245,36.4172,31.474,48.9211,874.6528,28.7372
294,2/11/2019 13:00,82.1758,22.4995,13.9905,110.9336,67.6071,30.3562,51.8196,963.8889,55.6223
295,2/11/2019 14:00,52.6066,20.9277,22.0693,61.9949,40.1296,15.0521,37.5545,631.7708,33.8551
296,2/11/2019 15:00,45.3025,17.5119,32.4885,62.1445,39.3776,11.1736,34.1289,723.9583,33.185
297,2/11/2019 16:00,54.4796,18.2345,38.6166,56.8189,35.3354,12.9634,41.5162,631.9618,29.5401
298,2/11/2019 17:00,82.3435,27.6979,29.7731,101.547,62.8746,23.1284,59.2151,887.4306,51.7964
299,2/11/2019 18:00,73.6632,27.974,19.8007,69.9869,36.6352,19.1726,54.4906,710.8854,28.9198
300,2/11/2019 19:00,51.5624,22.8466,17.5637,67.3497,39.7989,10.7429,40.8195,602.5,32.587
301,2/11/2019 20:00,36.3072,16.2686,14.0664,65.0854,47.0903,4.5452,31.762,608.1597,41.1854
302,2/11/2019 21:00,37.2675,10.3743,10.131,69.7129,54.1829,5.4156,31.8518,586.5104,48.0556
303,2/11/2019 22:00,39.9148,9.1802,7.813,45.4295,34.8688,7.1033,32.8115,492.8993,30.7252
304,2/11/2019 23:00,39.518,8.7989,8.4125,79.4801,58.6111,7.6108,31.9072,534.0799,49.371
305,3/11/2019 0:00,74.6401,9.1123,8.0836,875.2042,709.1801,30.6123,44.0278,1139.6354,598.061
306,3/11/2019 1:00,71.2815,9.3832,7.007,1152.227,1006.1001,30.8023,40.4792,1148.6804,864.8102
307,3/11/2019 2:00,63.1473,9.1186,7.8356,1155.9464,983.5002,25.9562,37.1911,1012.0833,838.8946
308,3/11/2019 3:00,53.9746,8.7993,10.8477,974.504,855.3634,17.7626,36.212,956.3715,753.5841
309,3/11/2019 4:00,58.9707,8.0501,7.2076,1226.6118,1049.3721,19.3898,39.5809,1270.7292,890.6752
310,3/11/2019 5:00,69.9643,7.0888,9.2723,1123.5141,959.2233,28.7123,41.252,1108.5243,821.561
311,3/11/2019 6:00,79.9331,7.1989,8.8804,844.6731,718.4621,36.9583,42.9748,946.9618,628.9727
312,3/11/2019 7:00,79.2049,8.0481,7.4597,322.067,247.1277,33.7576,45.4473,1038.2465,213.458
313,3/11/2019 8:00,91.0915,11.6613,6.546,141.9597,85.0999,44.3655,46.7259,1735.33,69.7007
314,3/11/2019 9:00,67.0564,18.1129,1.9222,131.0414,84.3761,30.0724,36.984,1062.9167,67.1015
315,3/11/2019 10:00,64.0335,18.2337,6.6588,95.6305,62.1177,27.7575,36.2759,891.0416,50.8066
316,3/11/2019 11:00,64.0871,21.7376,16.8833,90.412,53.8752,24.4771,39.61,858.7674,43.5285
317,3/11/2019 12:00,51.7967,25.2975,36.9272,77.2623,41.7619,13.7897,38.007,732.934,33.4507
318,3/11/2019 13:00,41.0082,18.6639,54.1637,79.7975,40.7921,9.3752,31.633,490.9201,30.1757
319,3/11/2019 14:00,27.868,15.1127,71.5119,75.7144,41.1514,4.3386,23.5294,633.4201,31.5461
320,3/11/2019 15:00,40.0356,12.4033,57.6774,88.8029,48.8506,8.0899,31.9457,597.8125,37.1395
321,3/11/2019 16:00,54.0558,13.0575,46.7984,84.1148,42.0721,8.2853,45.7705,684.9479,32.1753
322,3/11/2019 17:00,75.5419,23.0647,47.7621,119.1782,69.7313,15.0274,60.5145,1043.7152,58.6392
323,3/11/2019 18:00,57.0812,23.3416,41.1551,97.9206,52.9043,7.6979,49.3833,1489.2709,42.4398
324,3/11/2019 19:00,49.1752,24.7827,21.586,138.7137,57.5416,7.6613,41.5139,907.5,42.093
325,3/11/2019 20:00,41.612,16.8657,15.551,116.2262,58.7684,7.3633,34.2487,900.2431,46.0864
326,3/11/2019 21:00,37.3567,10.4616,11.0043,91.6474,54.0046,5.2991,32.0575,692.5521,45.2517
327,3/11/2019 22:00,36.3612,8.9089,9.3137,61.311,36.2009,4.4737,31.8875,847.6562,30.1631
328,3/11/2019 23:00,38.0601,8.7762,9.031,59.8429,35.9504,5.9915,32.0686,990.7118,29.9496
329,4/11/2019 0:00,52.4817,9.7709,7.2936,160.6883,123.0146,13.7575,38.7242,1057.4305,104.8155
330,4/11/2019 1:00,33.8399,14.3731,6.96,218.0065,183.634,6.5839,27.256,592.4306,157.2358
331,4/11/2019 2:00,36.6341,15.2784,9.4569,240.7115,194.9607,6.7039,29.9302,852.9167,160.9412
332,4/11/2019 3:00,61.7803,15.0992,7.4692,1268.7488,1084.7398,24.4072,37.3731,1289.9654,895.8406
333,4/11/2019 4:00,39.0389,15.5783,5.5968,313.5519,270.1543,11.1216,27.9173,928.1076,232.9791
334,4/11/2019 5:00,22.3383,13.276,11.0811,240.6493,203.3902,3.7784,18.5599,742.8298,175.9083
335,4/11/2019 6:00,22.9792,12.3095,11.7633,92.8311,72.4245,3.5666,19.4126,797.8298,58.4586
336,4/11/2019 7:00,30.3211,11.6037,9.8167,77.2951,59.1136,6.7089,23.6122,957.9861,48.8984
337,4/11/2019 8:00,47.9883,12.5582,10.5751,104.5619,76.3562,17.38,30.6083,1011.7014,67.9783
338,4/11/2019 9:00,57.0478,13.9508,13.9465,81.074,37.8176,20.5266,36.5213,1033.8021,30.1639
339,4/11/2019 10:00,59.3406,15.9981,22.586,120.0024,66.8517,17.5968,41.7438,958.3681,55.9779
340,4/11/2019 11:00,72.9815,18.5868,40.233,124.6936,54.2217,21.9661,51.0154,632.5,41.9734
341,4/11/2019 12:00,56.5813,15.4086,65.7508,95.2031,38.6129,10.3543,46.227,586.8924,28.3457
342,4/11/2019 13:00,48.0048,11.9306,87.2344,145.9348,40.2552,11.6145,36.3903,414.9826,24.4733
343,4/11/2019 14:00,33.776,9.8745,91.0361,75.6677,32.7004,6.6566,27.1194,403.6285,23.8059
344,4/11/2019 15:00,54.722,9.7824,86.179,83.1983,32.6643,13.5293,41.1927,342.9167,23.2914
345,4/11/2019 16:00,50.9672,11.9929,82.0948,103.3364,30.642,11.8573,39.1099,482.2048,19.5169
346,4/11/2019 17:00,44.6111,16.847,82.2826,74.0521,31.4678,8.3421,36.2691,1481.6667,23.9602
347,4/11/2019 18:00,88.0469,30.5865,75.2654,100.8186,54.3511,12.7164,75.3304,996.3021,42.2481
348,4/11/2019 19:00,121.7635,51.8931,33.9285,239.7839,145.3268,23.2391,98.5244,1231.5453,116.6482
349,4/11/2019 20:00,88.534,41.505,25.0713,216.6729,125.4134,19.2645,69.2694,1437.014,101.1221
350,4/11/2019 21:00,120.7724,15.6295,0.1997,287.9965,120.5608,46.6013,74.1711,2154.1492,85.1229
351,4/11/2019 22:00,81.7392,12.93,5.187,217.7348,118.546,21.9475,59.7917,2797.6043,94.5112
352,4/11/2019 23:00,82.32,11.0666,3.3237,222.6437,138.3806,28.7491,53.5709,3513.5617,115.162
353,5/11/2019 0:00,77.7559,13.9612,2.0466,222.0739,136.2195,19.5365,58.2195,1894.7743,115.0687
354,5/11/2019 1:00,64.582,21.2713,4.0884,163.4287,120.7784,6.0073,58.5747,1429.2361,105.7017
355,5/11/2019 2:00,51.7212,17.1568,4.9673,132.5674,99.7719,4.8024,46.9188,1203.611,87.3092
356,5/11/2019 3:00,44.9461,14.5288,3.0067,131.6555,103.2309,6.2807,38.6654,1043.4721,91.1667
357,5/11/2019 4:00,44.7414,11.3149,1.6715,123.2953,97.6724,8.5365,36.2049,1175.0694,86.0327
358,5/11/2019 5:00,35.4059,9.3959,3.3583,91.3723,66.4938,4.8435,30.5624,900.3298,56.6682
359,5/11/2019 6:00,34.1575,9.0507,4.1476,78.5441,58.451,5.6617,28.4958,766.441,50.2341
360,5/11/2019 7:00,38.4241,9.2259,4.3857,98.3883,71.4159,8.978,29.4461,1109.4269,59.8111
361,5/11/2019 8:00,68.8301,10.5045,4.411,93.5408,56.2236,25.6359,43.1942,1293.4548,45.2205
362,5/11/2019 9:00,92.8932,12.2658,11.493,143.6924,57.2597,35.6152,57.2781,1195.3472,40.1596
363,5/11/2019 10:00,54.3606,13.931,39.8803,161.4022,60.7022,9.3366,45.024,1159.6354,41.283
364,5/11/2019 11:00,46.9338,16.5598,82.618,119.5879,48.5357,7.1424,39.7914,559.7222,34.4118
365,5/11/2019 12:00,59.3822,13.7916,99.5325,148.4923,48.9244,10.2637,49.1186,574.5833,31.5905
366,5/11/2019 13:00,71.5,12.3175,103.9507,213.9637,54.3499,11.1583,60.3417,585.4514,29.3832
367,5/11/2019 14:00,38.305,13.3181,140.8207,130.3954,43.1255,5.2588,33.0463,830.3993,27.4128
368,5/11/2019 15:00,45.3856,14.3314,145.1668,144.1348,44.9501,4.8685,40.5171,800.8681,26.9379
369,5/11/2019 16:00,59.4276,14.8295,136.3558,167.353,50.1118,4.9171,54.5106,492.9514,29.0187
370,5/11/2019 17:00,97.3516,15.3034,120.0437,179.1139,56.1337,17.174,80.1776,569.2014,33.4442
371,5/11/2019 18:00,87.7241,12.9975,120.7057,156.2265,50.6184,19.0734,68.6507,751.3715,31.9685
372,5/11/2019 19:00,178.7125,13.3904,67.1884,239.5591,93.1375,60.0195,118.693,1228.6631,63.1312
373,5/11/2019 20:00,191.5642,9.1071,3.3672,236.3208,101.5798,54.7027,136.8614,1373.8888,70.4986
374,5/11/2019 21:00,162.2267,7.1222,1.6721,315.1012,134.9291,51.3358,110.8909,2275.3994,97.5155
375,5/11/2019 22:00,153.1431,7.3339,1.3346,312.8125,204.0184,50.9209,102.2222,3172.1702,169.6179
376,5/11/2019 23:00,97.2259,6.9264,18.2843,214.2543,143.6774,7.573,89.6528,1518.2812,123.6126
377,6/11/2019 0:00,83.1494,7.0265,20.3142,247.312,185.6066,4.5577,78.5917,1501.3716,164.5374
378,6/11/2019 1:00,89.1242,7.7649,11.0769,197.3326,148.0442,5.4054,83.7188,1308.0382,129.9804
379,6/11/2019 2:00,74.3349,8.4477,16.2957,233.5671,177.2799,4.3012,70.0337,1187.3958,155.0509
380,6/11/2019 3:00,56.0023,8.93,20.5802,165.3299,127.4339,3.6182,52.3841,1063.941,112.0667
381,6/11/2019 4:00,40.9588,9.032,18.1569,148.7195,119.5697,3.5463,37.4125,1021.3368,105.9425
382,6/11/2019 5:00,49.7358,7.6755,6.3844,163.7105,126.5116,5.2251,44.5108,1305.7813,111.1001
383,6/11/2019 6:00,43.9644,7.8936,9.2399,161.9254,116.1536,5.9896,37.9748,1039.2361,99.6651
384,6/11/2019 7:00,37.4814,8.3206,12.9128,144.6775,101.9509,4.9805,32.5008,1015.2084,88.0763
385,6/11/2019 8:00,85.3575,7.8241,2.6293,216.9674,138.8993,38.6875,46.67,1724.7917,117.1577
386,6/11/2019 9:00,82.9149,8.7031,7.8068,263.219,156.8804,30.8515,52.0635,1849.1841,128.0486
387,6/11/2019 10:00,87.8982,9.2108,24.504,278.5536,134.9202,20.5482,67.3501,1574.4097,102.1775
388,6/11/2019 11:00,111.5169,13.6482,49.1914,218.4108,96.3386,27.2418,84.275,946.441,72.3029
389,6/11/2019 12:00,84.7685,13.9536,103.781,182.63,79.1147,7.818,76.9505,735.3125,57.9556
390,6/11/2019 13:00,71.3938,10.9331,181.182,195.6259,88.1095,4.4548,66.939,790.2083,65.6153
391,6/11/2019 14:00,88.1499,10.7862,192.6108,199.5645,94.0977,8.2334,79.9166,841.5625,71.3021
392,6/11/2019 15:00,58.8423,12.441,224.7879,184.7151,82.0067,3.2197,55.6226,717.0486,59.935
393,6/11/2019 16:00,52.8461,12.6924,233.298,167.0264,75.911,2.8577,49.9884,584.5312,55.3022
394,6/11/2019 17:00,83.716,11.2017,183.8608,217.5797,85.5191,3.7112,80.0047,829.1146,57.4668
395,6/11/2019 18:00,71.5175,9.7697,171.6719,226.1134,88.6017,2.9151,68.6025,677.934,58.8912
396,6/11/2019 19:00,123.3842,8.3397,80.4015,238.7239,106.4791,7.59,115.7942,5252.4477,78.0746
397,6/11/2019 20:00,101.8581,7.811,68.757,297.5093,145.9639,4.6945,97.1636,2014.0277,113.9402
398,6/11/2019 21:00,65.6582,5.4074,69.4865,209.1263,107.8256,4.1164,61.5418,996.0069,85.8803
399,6/11/2019 22:00,50.5753,5.2993,71.8816,152.5982,106.4806,3.1924,47.3829,1398.6632,92.4815
400,6/11/2019 23:00,49.8267,6.1693,73.4751,173.4753,125.2258,3.2352,46.5916,947.2743,110.5353
401,7/11/2019 0:00,40.9948,7.033,76.2226,152.4615,107.6899,2.9342,38.0606,813.3901,94.5922
402,7/11/2019 1:00,50.7007,8.6412,67.1545,188.3263,151.5433,4.2141,46.4866,820.7639,135.7067
403,7/11/2019 2:00,38.4708,8.7464,71.7917,141.7664,111.0283,2.7723,35.6985,843.9062,98.6351
404,7/11/2019 3:00,30.5616,8.2094,59.9507,138.6001,105.2493,3.0178,27.5439,880.816,93.0753
405,7/11/2019 4:00,30.566,7.5174,50.1962,141.3523,106.9268,2.7317,27.8343,848.8194,94.5299
406,7/11/2019 5:00,26.782,6.7488,56.6731,146.7542,109.8661,2.651,24.1311,793.4549,96.7026
407,7/11/2019 6:00,29.6238,6.145,41.217,152.2576,117.3943,3.2435,26.3802,919.6701,104.8826
408,7/11/2019 7:00,34.722,6.0664,30.8211,177.6051,135.6975,3.5605,31.1615,1556.6841,114.9893
409,7/11/2019 8:00,62.7428,7.0531,23.1846,243.7996,167.9411,13.1869,49.5559,1905.3298,143.7041
410,7/11/2019 9:00,84.3271,9.2465,25.9404,341.3398,147.371,24.9631,59.364,1430.1215,111.9482
411,7/11/2019 10:00,64.5662,13.1989,77.9862,226.7974,91.4869,8.5667,55.9995,833.9236,65.7744
412,7/11/2019 11:00,102.4574,14.0144,86.1953,245.1613,91.0557,20.0669,82.3905,795.6945,64.4395
413,7/11/2019 12:00,84.2163,11.8313,107.6099,339.0276,95.1208,12.5534,71.6629,642.4826,57.9263
414,7/11/2019 13:00,78.0613,9.3097,115.063,435.2004,101.0232,14.8654,63.1959,614.809,52.1222
415,7/11/2019 14:00,68.7751,8.5609,113.0763,141.7915,59.8467,11.6554,57.1197,513.8368,44.0248
416,7/11/2019 15:00,70.3059,8.2865,111.1711,130.8343,54.2784,16.5576,53.7483,468.7153,40.56
417,7/11/2019 16:00,71.0052,10.3028,115.3211,105.9818,52.2404,13.6604,57.3448,692.2396,41.7723
418,7/11/2019 17:00,56.8126,15.3646,125.6908,107.4983,51.9924,6.8599,49.9527,915.9723,41.16
419,7/11/2019 18:00,121.2969,19.7586,116.8006,168.6768,84.8638,15.2991,105.9978,1479.0279,67.6997
420,7/11/2019 19:00,84.3974,25.7368,108.7546,192.9889,115.8887,8.3121,76.0853,1270.382,97.0721
421,7/11/2019 20:00,66.0801,16.6869,93.7247,217.0912,142.6018,3.6037,62.4764,1287.9166,122.0785
422,7/11/2019 21:00,95.7457,11.2998,43.5288,283.7831,202.8514,4.8145,90.9312,1624.2361,177.0165
423,7/11/2019 22:00,80.0107,10.4807,29.8892,265.479,172.9287,5.5692,74.4415,1841.25,148.4432
424,7/11/2019 23:00,63.7882,9.3518,22.1803,243.9154,174.4607,4.7391,59.0491,1629.2708,151.771
425,8/11/2019 0:00,58.7791,9.9695,18.4673,226.7252,167.1438,5.1759,53.6031,1509.8959,147.4387
426,8/11/2019 1:00,72.2546,13.0265,10.1968,260.4667,205.2825,8.6584,63.5961,1462.5521,182.1222
427,8/11/2019 2:00,39.7555,13.8738,24.3754,157.5131,123.7859,3.3344,36.4211,962.4133,110.3136
428,8/11/2019 3:00,29.8444,12.7059,33.7344,117.2429,89.9598,2.6404,27.2041,778.8195,80.2509
429,8/11/2019 4:00,25.8793,10.2988,34.0889,99.184,80.3685,2.6528,23.2265,724.809,73.0242
430,8/11/2019 5:00,31.614,7.7836,23.345,131.4327,100.4323,3.572,28.0419,823.8021,90.067
431,8/11/2019 6:00,49.188,8.5157,18.7489,124.2228,98.2296,11.1987,37.9893,779.9306,88.6754
432,8/11/2019 7:00,58.113,14.4553,22.2714,123.9443,84.8938,15.7783,42.3347,957.8647,74.488
433,8/11/2019 8:00,62.7622,17.9548,24.7356,143.8236,68.0058,14.0847,48.6775,936.6493,52.7104
434,8/11/2019 9:00,67.5191,17.1751,46.7409,173.898,64.7352,15.6391,51.88,1114.7222,47.5612
435,8/11/2019 10:00,117.1858,24.2174,30.6589,239.3237,84.9203,34.0513,83.1345,1466.441,60.728
436,8/11/2019 11:00,105.759,24.227,53.0238,245.5221,74.8091,26.7356,79.0234,973.9063,47.9144
437,8/11/2019 12:00,82.7725,17.6871,83.1029,214.3666,63.7667,15.9356,66.8369,941.9098,39.6998
438,8/11/2019 13:00,77.9363,13.67,94.5509,221.7652,59.3248,14.684,63.2524,660.3125,35.1123
439,8/11/2019 14:00,38.6284,12.1983,130.6191,154.133,53.423,4.7205,33.9078,521.7882,35.8984
440,8/11/2019 15:00,32.9867,12.7421,142.4663,171.9836,49.6663,4.1423,28.8444,431.059,31.8771
441,8/11/2019 16:00,68.445,10.9721,106.1038,102.9606,41.9281,11.0403,57.4047,548.1771,31.5872
442,8/11/2019 17:00,67.7434,11.1901,99.6019,165.9325,48.3304,10.8735,56.8698,656.6493,30.4768
443,8/11/2019 18:00,68.2818,11.3979,118.3344,158.8845,48.3623,7.292,60.9898,1048.4201,30.7917
444,8/11/2019 19:00,101.096,20.6885,83.3675,193.3232,94.6573,5.7644,95.3316,1076.441,74.4749
445,8/11/2019 20:00,118.2685,12.9375,33.162,217.3554,119.1487,8.1545,110.1141,1308.3507,97.5062
446,8/11/2019 21:00,165.3072,7.1691,2.6478,354.186,186.9163,47.9631,117.3442,2145.3471,148.9389
447,8/11/2019 22:00,110.9413,7.1178,4.2586,319.1138,207.5477,18.838,92.1034,2505.5556,174.792
448,8/11/2019 23:00,83.5517,8.472,20.7695,221.6499,156.6332,6.9658,76.586,1474.4792,138.2343
449,9/11/2019 0:00,91.3742,20.5114,19.1099,142.4011,105.0124,5.6751,85.6992,1303.3161,93.1434
450,9/11/2019 1:00,128.5595,27.0721,1.2676,153.1652,115.0897,24.6186,103.9408,1365.1895,101.6276
451,9/11/2019 2:00,110.288,21.3225,2.9925,176.974,142.2725,9.4092,100.8788,1581.1807,127.3317
452,9/11/2019 3:00,65.7767,21.6196,10.6004,209.7689,176.9632,4.4531,61.3236,1535.9722,159.6771
453,9/11/2019 4:00,62.2109,15.3395,2.3085,154.2796,123.8111,5.7088,56.5021,1170.7985,111.0515
454,9/11/2019 5:00,45.4574,10.5359,2.7276,171.456,137.863,5.1154,40.342,1261.0243,121.2481
455,9/11/2019 6:00,42.2634,9.2386,2.3805,132.2677,105.6115,5.7624,36.501,1046.5104,93.8434
456,9/11/2019 7:00,55.0362,9.1893,2.8639,155.6389,117.4888,12.6993,42.3369,1767.743,101.4034
457,9/11/2019 8:00,69.0192,10.3615,3.13,163.6946,105.1551,26.0524,42.9668,1663.9062,89.5487
458,9/11/2019 9:00,96.013,12.5518,8.0288,209.6592,100.411,39.3497,56.6633,1254.4792,79.4729
459,9/11/2019 10:00,85.3319,13.8853,28.8713,211.3088,89.7325,18.2009,67.131,1091.9097,67.1792
460,9/11/2019 11:00,93.3959,18.8712,66.8259,229.8149,92.9872,13.9246,79.4713,872.2569,66.4622
461,9/11/2019 12:00,94.4001,16.3505,105.7561,257.3514,74.3116,14.544,79.8561,728.75,46.3312
462,9/11/2019 13:00,127.2158,14.9741,111.8423,359.8362,100.6015,22.6555,104.5603,915.4167,60.1978
463,9/11/2019 14:00,58.7653,14.9125,165.6384,156.9495,58.3195,4.4105,54.3548,552.7951,40.4091
464,9/11/2019 15:00,34.1776,12.1125,202.2498,125.2524,46.1636,2.6424,31.5352,348.0903,32.4592
465,9/11/2019 16:00,67.1336,11.4016,150.2085,229.8134,68.5546,8.855,58.2786,4358.0292,39.2321
466,9/11/2019 17:00,104.9684,18.9032,179.3122,260.2447,73.2688,25.2441,80.755,9799.2872,42.8013
467,9/11/2019 18:00,121.8584,17.8635,152.0887,166.4257,75.6431,9.6638,112.1946,860.052,59.1911
468,9/11/2019 19:00,170.0967,13.0837,85.9355,291.4158,106.8391,31.1662,138.9306,1494.0798,72.2264
469,9/11/2019 20:00,207.7198,10.4775,22.8343,433.0508,228.7234,40.5838,167.136,2123.6806,180.3469
470,9/11/2019 21:00,163.4342,9.289,13.3348,368.3094,244.7092,18.1622,145.272,2108.6632,210.2379
471,9/11/2019 22:00,162.683,7.5738,7.4323,297.8477,216.3592,25.2804,137.4026,2039.1145,192.6663
472,9/11/2019 23:00,149.5604,8.6618,13.2244,277.1403,189.4317,20.7566,128.8038,1903.2118,164.7404
473,10/11/2019 0:00,102.4223,8.8843,26.0788,197.6935,149.1628,4.6881,97.7342,1667.5175,133.5595
474,10/11/2019 1:00,90.3451,9.1313,30.2181,260.2179,214.9907,4.0183,86.3268,1463.7847,194.1184
475,10/11/2019 2:00,112.2611,9.4722,18.5745,191.7213,157.449,7.3028,104.9582,1377.9514,141.1779
476,10/11/2019 3:00,60.9135,8.659,27.8673,196.9217,162.1355,3.8106,57.1029,1404.4443,146.2656
477,10/11/2019 4:00,60.9191,12.5808,14.6697,205.7034,170.425,3.9597,56.9594,1454.9653,153.8894
478,10/11/2019 5:00,56.0761,10.582,15.9011,293.8576,253.5322,3.8771,52.199,1548.125,233.7968
479,10/11/2019 6:00,49.8623,8.0616,16.218,203.9577,170.0252,7.7947,42.0676,1604.1493,151.5634
480,10/11/2019 7:00,62.7298,7.3045,12.7133,187.2308,152.9796,15.8107,46.9191,1714.4791,137.3863
481,10/11/2019 8:00,74.7687,7.7101,11.6624,225.3804,179.5619,24.3778,50.3909,2127.3786,159.6515
482,10/11/2019 9:00,78.8186,9.4825,12.0612,287.3458,203.0284,26.73,52.0886,2050.5902,175.1734
483,10/11/2019 10:00,75.2225,17.6097,32.7382,200.2238,130.8504,18.988,56.2345,1796.0067,111.7744
484,10/11/2019 11:00,64.7997,20.0367,60.8538,161.2692,100.1301,8.4411,56.3586,1047.4826,86.0967
485,10/11/2019 12:00,92.0595,25.2022,102.0985,152.0069,85.4908,13.4121,78.6474,896.2674,72.5098
486,10/11/2019 13:00,75.7049,24.9805,152.4128,184.5106,81.4953,6.6001,69.1048,851.2327,64.1413
487,10/11/2019 14:00,41.7859,27.852,193.5876,139.0958,82.1961,2.4872,39.2987,704.6354,68.8067
488,10/11/2019 15:00,65.9046,23.0528,190.9368,112.9574,60.6351,10.1222,55.7824,650.0868,50.6442
489,10/11/2019 16:00,76.6332,25.6633,170.6602,122.9928,63.579,7.5209,69.1123,761.7708,52.7353
490,10/11/2019 17:00,78.0661,42.301,171.3016,125.7052,72.1231,4.6604,73.4057,1094.8958,60.2619
491,10/11/2019 18:00,81.5143,40.5119,149.0373,157.9235,96.504,4.1689,77.3454,1381.0764,82.4112
492,10/11/2019 19:00,80.9931,16.5948,115.0044,172.4625,117.468,3.1054,77.8877,1176.8056,103.9759
493,10/11/2019 20:00,94.9992,12.1089,73.5439,345.4035,265.9077,10.982,84.0172,1527.8472,241.4766
494,10/11/2019 21:00,62.1925,13.6041,69.9451,229.0925,160.5484,3.0673,59.1252,1173.8543,141.309
495,10/11/2019 22:00,51.3194,9.5167,73.2528,131.5472,94.3464,2.2456,49.0738,1043.1424,84.8705
496,10/11/2019 23:00,84.2912,8.0628,34.797,141.8251,106.5641,4.5024,79.7888,1178.1945,96.6469
497,11/11/2019 0:00,83.3258,7.3379,26.2976,229.3544,181.4652,6.0834,77.2424,1301.7535,163.2649
498,11/11/2019 1:00,92.6729,8.1359,13.8863,293.12,241.349,19.9351,72.7378,1512.8645,213.7919
499,11/11/2019 2:00,110.5272,7.2827,8.3672,194.3602,158.4336,25.5914,84.9358,1434.0104,143.88
500,11/11/2019 3:00,114.0038,8.8279,18.778,777.8497,676.289,19.503,94.5008,1744.7918,605.4672
501,11/11/2019 4:00,117.9592,8.0064,6.1534,529.2301,445.264,30.0383,87.9209,1578.177,394.129
502,11/11/2019 5:00,77.6217,7.5011,12.1318,455.9469,386.2148,14.6175,63.0042,1434.4792,346.443
503,11/11/2019 6:00,44.1269,7.3168,15.5725,195.168,164.8994,4.0474,40.0795,1014.5661,145.3015
504,11/11/2019 7:00,68.3098,14.8231,15.5531,179.2624,150.5073,22.8816,45.4282,1161.2674,131.1115
505,11/11/2019 8:00,93.8339,28.0622,7.9194,177.5559,145.878,42.4587,51.3752,1785.9848,128.8174
506,11/11/2019 9:00,103.4505,22.4832,9.6881,255.5029,187.8985,40.5825,62.8681,2236.9443,160.9796
507,11/11/2019 10:00,75.8235,17.4329,19.7391,253.0423,180.6476,20.3555,55.468,1817.5173,159.0372
508,11/11/2019 11:00,97.5466,19.6796,33.4674,195.0277,116.4555,30.9825,66.5641,1243.7674,98.7884
509,11/11/2019 12:00,78.9583,19.8254,76.845,156.9366,104.122,11.6513,67.307,1109.0104,91.1314
510,11/11/2019 13:00,74.7381,20.3878,137.0192,191.47,110.2611,7.8008,66.9373,928.9236,94.2367
511,11/11/2019 14:00,85.1766,20.5292,154.0132,173.8967,89.2365,8.4452,76.7314,828.6458,73.1954
512,11/11/2019 15:00,59.7781,19.8345,198.3876,151.6195,84.1493,5.0447,54.7334,773.4896,69.8537
513,11/11/2019 16:00,108.0908,17.4766,144.1441,217.5509,83.7858,7.6467,100.444,791.875,60.2006
514,11/11/2019 17:00,103.9831,19.8961,140.4617,311.2137,90.516,7.0063,96.9768,924.5833,53.3735
515,11/11/2019 18:00,194.3945,12.008,89.5348,393.953,105.8997,36.62,157.7746,1380.7119,55.1186
516,11/11/2019 19:00,260.7072,9.7641,26.6842,410.8944,172.5066,53.7068,207.0004,2205.3124,121.5406
517,11/11/2019 20:00,243.2922,8.2849,10.6829,432.5491,188.8086,51.5507,191.7415,2896.0416,139.1276
518,11/11/2019 21:00,244.2831,7.8046,6.6885,432.5986,204.5909,38.5544,205.7286,2884.2362,159.337
519,11/11/2019 22:00,276.1596,6.6976,6.0992,335.5883,203.8308,90.2754,185.8841,3569.948,169.2597
520,11/11/2019 23:00,239.6723,7.1143,6.9996,356.4763,218.6706,57.4037,182.2686,3426.1806,182.2601
521,12/11/2019 0:00,141.9645,21.1715,14.4783,304.7276,230.1728,12.7456,129.2189,2336.7362,205.9473
522,12/11/2019 1:00,138.1537,21.9723,13.5402,313.2781,257.028,14.7394,123.4143,2166.8404,231.5319
523,12/11/2019 2:00,138.8347,18.2222,12.5514,261.009,217.832,25.2337,113.601,1782.9342,197.9157
524,12/11/2019 3:00,104.3116,20.1245,14.9403,264.9354,224.2287,10.3416,93.9699,1837.6737,204.8749
525,12/11/2019 4:00,75.8002,15.0305,15.2457,306.6909,263.7782,5.2813,70.519,1889.2362,243.0908
526,12/11/2019 5:00,66.7104,10.5542,10.8745,300.4884,255.6944,5.5366,61.1738,1721.0417,236.2044
527,12/11/2019 6:00,59.3844,10.9097,13.756,251.7643,207.2483,6.4411,52.9433,1565.6943,189.5106
528,12/11/2019 7:00,65.4329,10.7488,9.2462,296.5583,249.5614,12.135,53.2979,1880.3993,230.8217
529,12/11/2019 8:00,85.2385,11.5933,9.4012,416.7037,352.4923,29.876,55.3624,2450.7639,320.1249
530,12/11/2019 9:00,74.4605,13.0217,13.753,197.926,145.7271,21.0579,53.4026,1397.1527,129.0203
531,12/11/2019 10:00,122.1817,20.7978,24.8109,269.2557,179.6472,30.7904,91.3913,1707.9341,156.1304
532,12/11/2019 11:00,114.463,26.1162,62.6158,301.6733,196.8905,15.9235,98.5395,1662.257,169.0946
533,12/11/2019 12:00,68.2781,23.8449,108.2676,256.1601,168.3519,5.3406,62.9374,1339.9478,146.5934
534,12/11/2019 13:00,79.0752,21.334,160.6503,216.779,148.9798,8.4424,70.6328,1123.75,132.571
535,12/11/2019 14:00,51.3859,21.5175,209.8083,154.0051,112.3139,3.6375,47.7484,803.0382,100.934
536,12/11/2019 15:00,86.7879,17.7447,183.055,147.2982,94.8165,8.112,78.6759,668.1944,81.9664
537,12/11/2019 16:00,54.2007,13.1953,199.3142,161.8492,91.7928,2.1004,52.1003,692.9861,76.2559
538,12/11/2019 17:00,94.1918,9.6982,205.1488,204.7746,112.0427,3.5996,90.5922,973.4549,91.5864
539,12/11/2019 18:00,151.2598,9.4793,136.2344,330.7088,141.967,5.9636,145.2962,1220.3125,104.4761
540,12/11/2019 19:00,133.7489,8.5105,115.1139,347.1551,178.5447,6.5761,127.1728,1480.5557,144.0205
541,12/11/2019 20:00,96.4748,8.4128,80.7381,249.0121,159.9097,4.4242,92.0506,1303.698,138.6176
542,12/11/2019 21:00,102.7307,6.7909,34.6687,217.1979,140.7887,7.8662,94.8646,1099.6006,122.8807
543,12/11/2019 22:00,110.6137,6.868,18.5352,174.1888,136.2423,9.3044,101.3093,1049.1493,123.0446
544,12/11/2019 23:00,96.6326,8.1152,14.9141,165.0672,134.6636,7.8881,88.7445,1163.8022,122.4469
545,00:00 13/11/2019,105.6509,15.3769,9.8709,169.519,143.2471,10.3321,95.3187,1144.3403,129.84
546,01:00 13/11/2019,124.2645,17.9358,8.2547,172.925,146.0101,20.8953,103.3692,1053.2811,129.6105
547,02:00 13/11/2019,152.1115,23.1414,7.5344,156.5651,130.483,46.814,105.2975,999.6701,114.9414
548,03:00 13/11/2019,122.4186,24.3759,8.0223,130.6707,109.9255,25.3796,97.0389,804.618,98.4812
549,04:00 13/11/2019,87.0928,18.2321,11.4689,80.9491,67.549,6.3963,80.6965,480.8854,58.9885
550,05:00 13/11/2019,64.9764,15.2666,14.2398,69.6137,55.7064,6.5275,58.4489,467.9861,48.8433
551,06:00 13/11/2019,53.9778,11.5711,17.6544,69.1712,57.4085,4.2459,49.7319,501.5972,51.0398
552,07:00 13/11/2019,67.4248,9.5862,17.2675,72.6889,61.0464,10.4477,56.9771,767.8471,54.73
553,08:00 13/11/2019,113.5532,13.6319,11.1168,133.5792,107.114,41.2333,72.3199,1309.6701,96.767
554,09:00 13/11/2019,88.6336,15.1354,11.4168,129.6862,98.4106,35.9237,52.7099,1277.6217,88.9736
555,10:00 13/11/2019,172.0544,14.6579,14.3646,315.1164,242.8649,69.6625,102.3919,2281.632,213.9805
556,11:00 13/11/2019,94.9412,16.5364,18.9182,288.2272,223.1788,21.0574,73.8838,1737.448,199.5504
557,12:00 13/11/2019,75.5,11.8178,20.2969,136.9605,110.3208,21.9269,53.5732,1045.3993,99.2685
558,13:00 13/11/2019,97.2244,10.8128,26.6738,74.5681,60.552,31.8265,65.3979,849.4792,54.1651
559,14:00 13/11/2019,66.9494,19.3106,34.0451,69.5832,44.4757,16.152,50.7974,571.7708,38.4729
560,15:00 13/11/2019,119.7391,25.3654,25.7964,95.6983,36.1371,43.2935,76.4456,469.3924,25.8568
561,16:00 13/11/2019,82.1455,18.0955,27.6215,101.5823,29.0462,23.5654,58.5801,390.7639,16.2462
562,17:00 13/11/2019,106.8717,10.3623,24.0349,215.3763,134.1411,35.012,71.8598,1170.7466,119.1834
563,18:00 13/11/2019,94.6091,11.9187,18.7852,132.5445,57.1213,24.9192,69.6899,695.0347,41.9118
564,19:00 13/11/2019,70.6894,11.3975,25.8446,151.2229,101.4682,10.9534,59.736,974.5138,87.798
565,20:00 13/11/2019,30.038,8.8295,24.4004,62.6896,47.922,5.4382,24.5998,540.9201,42.2343
566,21:00 13/11/2019,25.2095,7.1285,26.6053,35.1327,23.4942,5.6001,19.6094,403.8889,20.4482
567,22:00 13/11/2019,14.6394,7.6759,41.1304,25.2687,10.8986,2.1853,12.4541,515.9375,7.6674
568,23:00 13/11/2019,15.656,6.1577,38.6776,20.8743,11.9241,2.8013,12.8546,546.6146,9.3576
569,00:00 14/11/2019,10.5318,5.8408,41.012,18.0224,14.4225,1.2471,9.2847,550.6944,13.1188
570,01:00 14/11/2019,10.6377,5.5218,38.9725,22.293,18.0688,1.0324,9.6053,583.7847,16.1904
571,02:00 14/11/2019,18.3418,5.716,36.4715,235.1176,202.8796,2.4678,15.874,902.3958,174.218
572,03:00 14/11/2019,16.5597,5.8273,38.1394,170.5532,151.6538,2.5894,13.9703,672.3958,135.6594
573,04:00 14/11/2019,29.0729,7.2215,38.5954,588.3597,510.043,8.2607,20.8122,776.5972,438.6936
574,05:00 14/11/2019,30.5999,9.5067,37.8945,695.393,589.2594,8.7534,21.8466,1132.7605,489.6619
575,06:00 14/11/2019,23.3708,9.8936,40.539,520.4785,450.1072,5.9937,17.3771,601.3889,372.6376
576,07:00 14/11/2019,25.9478,14.9832,42.6481,130.6954,107.8721,5.2601,20.6878,624.0625,92.9823
577,08:00 14/11/2019,33.8189,15.5644,25.8985,35.1312,27.6587,8.4083,25.4105,724.8611,25.64
578,09:00 14/11/2019,101.3809,12.1157,19.3075,47.6138,39.1831,49.2478,52.1331,1017.4479,35.9638
579,10:00 14/11/2019,130.1454,20.2921,18.1075,34.8389,27.3721,62.1617,67.9837,964.1146,24.6648
580,11:00 14/11/2019,160.4392,26.4431,14.7888,46.1043,36.1824,83.4807,76.9585,865.2778,32.92
581,12:00 14/11/2019,118.4312,32.8459,21.6863,52.6989,34.6477,50.086,68.3451,849.0277,30.6147
582,13:00 14/11/2019,150.0923,32.2219,16.4728,46.8435,27.7005,72.2137,77.8786,960.7291,23.3538
583,14:00 14/11/2019,92.4898,23.1255,28.8763,44.5656,24.494,33.5357,58.9541,736.0764,19.2819
584,15:00 14/11/2019,64.8548,19.7388,45.5938,58.9288,24.4101,17.5255,47.3293,719.5313,18.8215
585,16:00 14/11/2019,67.695,21.5001,47.9758,84.0276,31.7293,17.0614,50.6337,1170.8854,22.9362
586,17:00 14/11/2019,155.9991,25.0894,17.2607,163.6122,56.5349,65.7806,90.2185,3041.4758,39.128
587,18:00 14/11/2019,186.5679,30.6485,12.9309,159.0474,59.9778,90.4535,96.1144,1804.6528,42.4313
588,19:00 14/11/2019,169.1589,19.7789,12.1904,125.2228,49.3196,78.5145,90.6444,1695,36.204
589,20:00 14/11/2019,132.4571,15.0944,9.7709,104.5554,45.7044,52.844,79.613,1570.5903,34.4088
590,21:00 14/11/2019,134.7768,11.6398,4.4045,149.3986,50.2596,53.6361,81.1407,1694.4792,33.3862
591,22:00 14/11/2019,86.9753,11.4535,8.2092,90.9553,44.5163,17.7423,69.2329,1377.5348,34.3476
592,23:00 14/11/2019,78.7662,10.4144,9.7349,95.2732,63.7524,17.8155,60.9507,1183.7848,56.3343
593,00:00 15/11/2019,73.0565,10.0585,7.7773,96.6527,63.0663,10.7202,62.3363,1190.4687,55.0297
594,01:00 15/11/2019,52.3525,10.1574,12.947,81.3922,62.6597,3.2391,49.1134,957.5347,56.1595
595,02:00 15/11/2019,40.1554,8.7842,16.7958,58.2349,42.8187,2.4505,37.7049,723.8368,37.5939
596,03:00 15/11/2019,38.4306,8.4839,14.3108,47.7466,35.2784,5.4274,33.0032,595.5208,31.7883
597,04:00 15/11/2019,34.9616,7.6525,13.4003,56.0587,42.9238,3.4926,31.469,616.1632,38.4155
598,05:00 15/11/2019,59.232,8.4287,6.8772,86.0036,69.7787,11.806,47.426,1050.8506,63.8361
599,06:00 15/11/2019,75.3588,11.5778,10.1391,123.2909,97.9135,16.1211,59.2376,1062.5695,88.517
600,07:00 15/11/2019,59.22,15.4599,6.9704,123.2855,101.7768,22.1122,37.1078,1076.9444,92.4017
601,08:00 15/11/2019,86.9467,12.9316,6.9585,85.9389,60.8137,48.8242,38.1225,1255.8507,53.3965
602,09:00 15/11/2019,108.146,15.4365,9.7423,114.6483,64.8328,60.0439,48.1021,1417.9513,53.0026
603,10:00 15/11/2019,103.0489,20.5336,12.775,98.5304,56.1325,43.3553,59.6935,1236.2327,46.0651
604,11:00 15/11/2019,93.0151,20.2826,34.316,86.9992,52.2379,22.1236,70.8915,886.25,44.5119
605,12:00 15/11/2019,77.9176,13.4706,65.7713,79.4664,44.4632,8.9309,68.9867,791.5972,36.9479
606,13:00 15/11/2019,94.4429,12.2472,98.389,116.6811,52.0003,13.968,80.4749,772.9167,40.1319
607,14:00 15/11/2019,41.6652,13.4806,141.1891,110.3079,53.3331,2.4174,39.2478,619.6042,41.8895
608,15:00 15/11/2019,38.2677,11.5973,159.8148,108.2177,55.4297,2.7321,35.5356,585.7986,45.1475
609,16:00 15/11/2019,81.4049,8.6086,128.452,147.7359,58.1584,9.2499,72.155,613.8194,42.8029
610,17:00 15/11/2019,179.9207,5.9424,105.4871,210.6168,72.5601,69.3653,110.5554,728.0382,49.5449
611,18:00 15/11/2019,79.0441,6.3428,109.9448,158.8326,69.6226,4.3193,74.7248,884.6528,52.6833
612,19:00 15/11/2019,112.5101,6.3158,59.7373,215.2497,91.33,9.3069,103.2032,1241.875,68.5452
613,20:00 15/11/2019,99.997,5.635,48.7291,186.6541,90.7444,8.153,91.844,1291.9099,71.8021
614,21:00 15/11/2019,43.5344,5.9742,86.0154,109.7226,55.474,2.7468,40.7876,764.8611,44.6543
615,22:00 15/11/2019,35.9726,11.724,78.7797,100.7029,61.0967,2.5797,33.3929,934.2013,51.0611
616,23:00 15/11/2019,29.4193,10.7619,80.0455,101.9369,57.3986,1.9274,27.4919,745.5556,47.6073
617,00:00 16/11/2019,30.1018,7.9659,67.0271,91.5072,68.2449,1.7714,28.3304,843.3507,60.5625
618,01:00 16/11/2019,45.2677,7.0344,51.176,155.7947,131.603,3.3284,41.9393,744.375,119.8706
619,02:00 16/11/2019,47.5328,6.7039,45.0337,109.656,86.8729,3.6074,43.9254,746.9965,77.5068
620,03:00 16/11/2019,39.3789,12.9415,45.2756,196.9067,158.8472,2.6149,36.764,756.2326,140.6674
621,04:00 16/11/2019,40.7296,10.2293,49.0792,98.5389,77.936,3.4877,37.2419,622.0312,68.785
622,05:00 16/11/2019,35.5149,8.5621,43.0755,90.9855,72.3419,2.4181,33.0968,907.309,64.6008
623,06:00 16/11/2019,40.9453,7.9286,37.5582,112.3148,86.8782,2.98,37.9653,720.4514,76.6077
624,07:00 16/11/2019,50.0532,7.5957,36.7629,98.0527,74.9124,4.8409,45.2122,743.9062,66.7008
625,08:00 16/11/2019,105.9718,7.4181,23.4417,108.2025,76.9519,31.1634,74.8084,1056.5798,67.2296
626,09:00 16/11/2019,144.1805,7.1615,24.6808,123.2063,78.1414,50.5949,93.5857,1174.1841,66.7917
627,10:00 16/11/2019,75.8872,6.9466,63.6977,112.0062,73.5824,9.7647,66.1225,870.191,64.1618
628,11:00 16/11/2019,83.0404,7.554,76.4402,106.1919,57.0478,12.39,70.6505,828.5243,47.1253
629,12:00 16/11/2019,76.6274,9.9623,93.1116,133.9453,52.2385,11.6051,65.0222,720.6424,38.6299
630,13:00 16/11/2019,58.7232,10.0132,109.4936,160.2683,50.1986,9.7926,48.9306,516.6319,32.9113
631,14:00 16/11/2019,24.2931,8.4366,130.8037,92.8616,39.1005,1.8803,22.4128,379.0799,29.0665
632,15:00 16/11/2019,23.5806,8.0469,141.1252,76.1957,37.5315,1.9235,21.6571,342.9861,30.0488
633,16:00 16/11/2019,26.9432,6.4882,133.391,100.6003,38.6232,2.3309,24.6123,346.5451,27.8201
634,17:00 16/11/2019,31.766,4.5526,118.9362,127.9661,39.8008,2.7224,29.0436,328.6111,24.7902
635,18:00 16/11/2019,39.2027,4.9315,105.8243,109.7356,36.9191,2.8603,36.3424,411.7708,24.1045
636,19:00 16/11/2019,43.6943,4.9275,84.4827,87.9359,36.8935,2.7647,40.9297,563.1771,26.3638
637,20:00 16/11/2019,52.9212,5.3637,75.1113,73.4672,36.3735,8.5429,44.3784,574.8611,28.2431
638,21:00 16/11/2019,42.1883,5.0983,64.6671,76.3347,41.2484,2.7863,39.402,601.6146,33.0921
639,22:00 16/11/2019,43.9391,4.8119,61.2615,71.2577,45.8059,2.3932,41.5459,620.7986,38.2955
640,23:00 16/11/2019,47.3654,4.4612,47.0454,80.5701,49.1176,4.0505,43.3149,673.0556,40.6957
641,00:00 17/11/2019,42.4232,4.6809,44.108,79.4363,58.4132,2.5077,39.9155,661.4236,51.3374
642,01:00 17/11/2019,39.1733,4.4108,37.6671,96.9991,77.1692,2.589,36.5843,651.059,69.0673
643,02:00 17/11/2019,29.5003,4.489,37.2319,77.9853,60.14,2.2069,27.2934,584.8264,52.6364
644,03:00 17/11/2019,26.4454,4.3349,37.968,69.576,52.3187,2.0154,24.43,536.5451,45.0479
645,04:00 17/11/2019,31.2971,4.6149,31.4926,113.3739,86.8559,2.5981,28.6989,605.5382,72.231
646,05:00 17/11/2019,19.3694,5.385,34.4503,63.9293,49.6939,1.8728,17.4967,466.3826,41.6512
647,06:00 17/11/2019,19.9713,6.3468,34.2493,41.6795,28.1505,2.7351,17.2362,311.1632,21.8136
648,07:00 17/11/2019,23.8113,6.4118,31.9853,42.0424,26.046,2.8028,21.0085,403.6905,19.4581
649,02:00 18/11/2019,21.2098,6.6161,27.478,46.1206,30.9011,1.9821,19.2277,381.7187,23.7563
650,03:00 18/11/2019,38.5634,7.0729,23.9477,60.5511,45.2453,7.2956,31.2679,913.6111,37.138
651,04:00 18/11/2019,27.7084,8.8394,20.4255,57.3353,45.3135,3.1819,24.5265,471.0938,38.4113
652,05:00 18/11/2019,29.0909,8.2702,17.7393,39.0534,26.9471,3.457,25.6339,435.3646,21.2418
653,06:00 18/11/2019,33.0937,7.2298,17.7506,41.6703,28.3313,6.6516,26.4421,404.0451,22.0928
654,07:00 18/11/2019,45.1134,6.8974,16.0576,39.535,26.8092,10.6273,34.4861,543.0035,20.8282
655,08:00 18/11/2019,141.781,8.2443,9.7081,62.4284,32.8055,86.8981,54.8829,891.1111,24.4861
656,09:00 18/11/2019,145.7473,8.5431,12.5371,119.1535,46.4328,80.0008,65.7465,1333.0904,31.2997
657,10:00 18/11/2019,168.5025,16.0529,13.9932,165.353,46.236,84.0104,84.4921,1285.0346,25.4306
658,11:00 18/11/2019,131.2645,17.1795,14.4587,101.9811,33.8036,56.5625,74.702,678.2118,20.2561
659,12:00 18/11/2019,113.2242,18.1761,23.6123,130.7243,37.3888,43.6107,69.6135,603.507,20.2651
660,13:00 18/11/2019,105.7321,22.5018,30.88,192.8906,45.5106,33.002,72.7301,810.382,22.0236
661,14:00 18/11/2019,105.4251,26.4757,42.5094,202.2912,48.2008,29.8137,75.6114,775.7292,22.6041
662,15:00 18/11/2019,75.7186,42.6108,60.1644,218.0154,52.9124,13.1897,62.5289,504.2882,26.7926
663,16:00 18/11/2019,107.4302,30.9917,47.1052,212.9745,56.1883,19.1328,88.2975,612.066,29.1337
664,17:00 18/11/2019,110.5827,19.6565,43.3859,193.2049,57.8565,21.8967,88.686,710.5208,33.1899
665,18:00 18/11/2019,59.8305,11.2748,35.8452,81.6165,34.8217,11.9869,47.8437,497.6042,25.1526
666,19:00 18/11/2019,67.8745,12.0195,21.7529,82.5244,30.4979,29.3834,38.4911,846.9792,20.7608
667,20:00 18/11/2019,80.3428,10.4644,25.6258,32.6281,20.6064,34.6256,45.7172,791.6146,16.9899
668,21:00 18/11/2019,35.2852,10.6976,29.7597,19.6844,12.4051,10.385,24.9002,659.2014,10.3014
669,22:00 18/11/2019,30.874,12.1351,30.03,18.131,12.2569,7.7941,23.0798,695.1389,10.1446
670,23:00 18/11/2019,21.5253,9.6024,33.8832,12.3759,8.3799,4.8728,16.6525,662.2917,7.097
671,00:00 19/11/2019,20.1672,7.8086,34.7699,20.9038,10.8484,3.186,16.9812,639.5312,7.8619
672,01:00 19/11/2019,20.4634,7.1595,35.1074,28.2028,11.7168,2.2586,18.2047,629.1667,7.2669
673,02:00 19/11/2019,13.1198,7.8356,43.1323,24.9459,10.4674,0.9441,12.1757,595.5903,6.9954
674,03:00 19/11/2019,7.9882,6.8211,49.5212,20.643,16.3849,0.3108,7.6774,557.8299,14.4954
675,04:00 19/11/2019,6.8571,6.041,58.2423,13.4605,10.0423,0.4247,6.4324,509.7743,8.9919
676,05:00 19/11/2019,9.7889,6.3246,55.4093,15.2229,10.3837,0.7938,8.9951,534.8958,9.0196
677,06:00 19/11/2019,30.0172,17.4547,43.4139,31.5949,13.4362,6.4499,23.5674,573.75,9.3765
678,07:00 19/11/2019,25.7963,14.1292,42.1805,15.8612,11.7981,5.6948,20.1015,603.1944,10.4646
679,08:00 19/11/2019,28.5578,9.8158,41.9757,28.6232,14.5571,7.0039,21.5539,603.6979,12.0397
680,09:00 19/11/2019,44.4192,8.2344,37.9403,39.1317,23.7019,11.9623,32.4569,783.8542,20.3801
681,10:00 19/11/2019,47.3167,7.6402,41.3438,36.1538,19.2646,14.3343,32.9824,691.3194,16.1726
682,11:00 19/11/2019,56.8732,8.1478,42.7555,50.5894,30.3391,20.0795,36.7937,685.0868,25.8441
683,12:00 19/11/2019,65.6043,7.8229,45.6123,43.9961,22.3185,25.5376,40.0667,616.7882,18.2997
684,13:00 19/11/2019,49.5395,7.9119,56.4481,40.9535,20.7102,15.4245,34.1149,519.6528,16.2838
685,14:00 19/11/2019,24.4952,8.4537,74.5952,36.3919,18.7818,4.3103,20.1848,446.9444,15.4026
686,15:00 19/11/2019,37.7037,9.3534,80.6125,43.5882,22.7457,8.8866,28.817,484.6181,18.9322
687,16:00 19/11/2019,36.0826,10.2062,77.6564,54.6004,26.0097,6.1113,29.9713,608.8021,20.6817
688,17:00 19/11/2019,60.9765,17.0305,62.5318,76.801,34.1246,13.5593,47.4172,869.2534,26.2335
689,18:00 19/11/2019,77.361,12.0215,45.47,81.6278,32.4523,19.9269,57.4341,1079.2013,24.0703
690,19:00 19/11/2019,102.4043,7.8126,24.7615,91.5003,36.8133,34.2843,68.1201,1160.4688,26.8681
691,20:00 19/11/2019,94.6134,7.3386,14.6882,120.5851,47.3239,26.3639,68.2495,1524.9107,33.5516
692,21:00 19/11/2019,70.6834,7.1552,17.5982,121.6317,66.1432,14.1664,56.517,1385.3298,54.9978
693,22:00 19/11/2019,73.9419,6.4596,10.1542,109.5838,72.5511,13.1221,60.8198,1182.5174,63.2893
694,23:00 19/11/2019,57.3043,6.1136,14.2989,105.6067,80.9478,7.4923,49.8121,1245.816,72.7678
695,00:00 20/11/2019,43.2493,6.8183,13.9494,100.3817,75.9794,8.4217,34.8276,979.0104,67.5916
696,01:00 20/11/2019,24.7357,5.2227,19.1659,72.4094,54.5791,4.0822,20.6535,748.5938,48.5102
697,02:00 20/11/2019,20.3019,4.8155,19.7367,56.7609,40.621,2.5333,17.7685,611.2153,35.4062
698,03:00 20/11/2019,15.2625,4.4834,22.7346,45.3489,35.849,0.9732,14.2893,548.941,31.921
699,04:00 20/11/2019,14.2317,4.2435,23.1292,38.5536,31.1522,1.0584,13.1733,567.5695,28.0473
700,05:00 20/11/2019,14.0102,4.3019,24.1352,48.4797,39.8734,1.3387,12.6715,484.7743,36.6184
701,06:00 20/11/2019,19.2886,4.406,22.0988,34.4473,25.7121,2.7068,16.5818,732.066,22.7441
702,07:00 20/11/2019,39.1383,6.5498,14.125,66.4919,50.8054,10.4148,28.7235,1057.1006,43.8155
703,08:00 20/11/2019,74.3252,15.9628,13.7283,90.3158,67.0516,33.9161,40.409,1132.9862,57.2647
704,09:00 20/11/2019,133.0456,14.961,9.7724,211.5784,141.7618,71.554,61.4916,1496.7882,124.9843
705,10:00 20/11/2019,72.0162,13.6172,15.9014,125.5425,66.3872,23.1787,48.8376,1009.5486,55.9441
706,11:00 20/11/2019,60.4207,12.8628,29.1362,113.5083,66.6286,17.7072,42.7135,850.5208,56.6409
707,12:00 20/11/2019,102.6148,19.3121,31.445,104.7756,44.5377,37.9315,64.6833,780.816,33.3677
708,13:00 20/11/2019,79.0329,19.2597,55.0415,140.8006,48.3392,24.6681,54.3648,649.7049,32.823
709,14:00 20/11/2019,36.5802,14.2642,95.4748,99.8345,37.9264,4.3771,32.203,569.2882,26.3734
710,15:00 20/11/2019,51.6285,18.4736,112.8742,132.0285,43.338,6.7672,44.8614,590.6597,28.587
711,16:00 20/11/2019,96.1174,22.1571,100.4525,163.5072,58.2683,19.926,76.1914,663.8368,38.9098
712,17:00 20/11/2019,62.8091,25.6848,118.8404,138.5817,59.9102,5.5658,57.2433,1291.2673,45.3786
713,18:00 20/11/2019,81.8124,27.862,96.7189,106.3061,51.7393,8.9916,72.8209,1083.8196,40.9397
714,19:00 20/11/2019,72.1338,15.1322,50.3349,195.4829,117.736,7.6961,64.4377,1090.816,99.4499
715,20:00 20/11/2019,70.9137,10.0589,34.658,185.022,107.1138,6.963,63.9507,1227.257,90.0082
716,21:00 20/11/2019,72.269,8.406,27.5268,188.8797,109.3764,6.6509,65.6182,1126.4062,91.7497
717,22:00 20/11/2019,57.0072,9.0972,27.0744,121.962,85.5203,3.3459,53.6613,1020.3994,74.94
718,23:00 20/11/2019,75.9116,8.0179,16.3053,139.043,102.8611,11.6025,64.309,1103.8541,90.9948
719,00:00 21/11/2019,80.4982,6.8445,11.2472,129.1948,101.6938,18.6902,61.808,1139.8265,90.7933
720,01:00 21/11/2019,54.4754,6.9693,18.6063,91.0855,68.8041,3.0958,51.3797,896.0243,61.3378
721,02:00 21/11/2019,51.5145,7.9691,15.7692,106.6781,84.8613,2.894,48.6205,922.3264,76.23
722,03:00 21/11/2019,49.135,8.4148,10.2614,106.5349,81.9746,3.6269,45.5081,901.2673,72.1904
723,04:00 21/11/2019,31.4752,7.2493,12.755,104.5904,82.866,2.4394,29.0359,876.3194,71.5088
724,05:00 21/11/2019,29.6091,7.0269,12.016,142.4574,120.1405,2.718,26.8911,963.2465,104.0178
725,06:00 21/11/2019,30.5614,7.3895,13.8664,135.0841,116.9573,3.7941,26.7673,860.7986,103.929
726,07:00 21/11/2019,40.3471,9.7351,11.6535,93.1143,76.0307,7.9544,32.3927,1030.6077,65.8872
727,08:00 21/11/2019,60.2558,10.234,9.7158,110.2931,85.9549,21.6888,38.567,1388.1597,74.0957
728,09:00 21/11/2019,71.2689,10.1411,10.2412,165.9659,79.3816,30.0663,41.2027,1347.4652,60.9863
729,10:00 21/11/2019,60.3672,8.5605,15.6677,145.8218,72.9337,17.292,43.0752,1208.9932,56.9489
730,11:00 21/11/2019,61.0588,8.9952,25.8918,138.9823,72.1484,13.9469,47.1119,1063.2408,56.6109
731,12:00 21/11/2019,99.2411,13.502,31.9274,133.0043,65.0645,35.9703,63.2709,943.9757,49.8844
732,13:00 21/11/2019,79.3957,21.5167,46.6195,131.0513,61.012,20.1875,59.2083,789.8958,46.9891
733,14:00 21/11/2019,75.8464,26.0407,60.6484,125.7984,56.4724,15.4839,60.3625,913.316,42.9918
734,15:00 21/11/2019,32.9882,21.4517,100.557,124.7402,55.3201,3.3285,29.6598,608.428,41.7245
735,16:00 21/11/2019,56.1972,19.7463,95.6034,130.3708,66.1622,6.1592,50.038,698.5764,52.6794
736,17:00 21/11/2019,56.6815,14.5896,101.2243,145.6974,61.8025,7.539,49.1425,691.7882,46.7158
737,18:00 21/11/2019,58.7071,10.9689,91.9466,157.9916,67.0318,6.687,52.0201,938.0729,49.7504
738,19:00 21/11/2019,106.2899,7.9802,42.9692,274.6425,114.8696,16.7934,89.4965,1572.6909,85.9091
739,20:00 21/11/2019,124.3347,7.005,20.6279,312.1008,172.3704,29.4005,94.9342,2027.7084,140.5676
740,21:00 21/11/2019,102.8548,6.5979,18.8432,322.8367,203.0102,17.6988,85.156,1761.2328,174.4584
741,22:00 21/11/2019,65.6809,6.1673,22.0693,169.7658,107.9158,6.0125,59.6684,1265.8855,92.8977
742,23:00 21/11/2019,58.1019,6.1323,18.7941,163.7993,101.7189,6.9313,51.1706,1141.8749,86.3257
743,00:00 22/11/2019,47.8822,6.213,17.1767,138.9573,100.3103,4.6096,43.2726,1081.3542,88.1251
744,01:00 22/11/2019,51.5664,6.3699,15.4114,110.4003,79.0115,8.0938,43.4726,1082.5522,69.5761
745,02:00 22/11/2019,47.4964,6.4862,13.308,122.4975,92.2284,4.4964,42.9999,1014.5486,81.7153
746,03:00 22/11/2019,47.4049,6.5446,12.0648,131.3734,102.3921,3.4163,43.9887,1205.0174,89.0148
747,04:00 22/11/2019,40.1309,6.5951,12.6833,152.2985,124.5274,3.6416,36.4893,1334.4967,104.9202
748,05:00 22/11/2019,35.5482,6.928,16.1558,137.9946,112.8351,3.2285,32.3197,1144.2707,93.481
749,06:00 22/11/2019,39.7206,7.0197,13.4622,161.6002,133.9016,4.7287,34.9919,1381.8228,112.1142
750,07:00 22/11/2019,60.9016,9.9449,10.4703,198.8121,170.9531,17.1916,43.71,2039.8091,152.6508
751,08:00 22/11/2019,91.1009,16.8236,8.4565,182.5074,141.4601,47.7824,43.3186,2180.625,123.6939
752,09:00 22/11/2019,131.0756,17.9119,10.1135,226.1497,118.7341,68.8596,62.2159,1899.3057,96.3411
753,10:00 22/11/2019,135.837,26.7323,14.8308,182.5931,84.8397,55.8337,80.0033,1372.5694,65.9734
754,11:00 22/11/2019,163.2977,25.2621,22.9176,226.7011,105.482,57.1222,106.1755,1587.7778,83.83
755,12:00 22/11/2019,120.0623,21.2637,65.5431,155.7453,103.7503,16.5775,103.4848,1251.5974,91.2575
756,13:00 22/11/2019,106.2325,16.3004,99.1843,184.594,85.4049,14.1266,92.1059,922.5521,67.8421
757,14:00 22/11/2019,65.6539,15.8488,150.8333,174.1679,90.1206,4.6599,60.9941,824.2708,72.6114
758,15:00 22/11/2019,59.8394,13.3908,154.7773,167.9415,75.643,2.7796,57.0598,677.2569,58.2318
759,16:00 22/11/2019,54.6394,9.8972,137.944,145.9787,60.0838,4.0371,50.6023,532.8646,43.9957
760,17:00 22/11/2019,83.4571,7.1969,111.792,192.4799,64.9839,5.9665,77.4906,627.5868,43.0248
761,18:00 22/11/2019,76.9361,7.5703,115.3496,208.5949,75.3023,3.6009,73.3352,921.4063,51.8179
762,19:00 22/11/2019,119.2226,7.1071,80.0351,241.9939,93.5672,12.6323,106.5903,1092.4479,67.5247
763,20:00 22/11/2019,77.4964,7.9568,95.0334,160.3108,79.1465,12.1912,65.3052,967.1875,63.4409
764,21:00 22/11/2019,55.9393,15.3673,89.361,150.5082,83.2787,2.9119,53.0274,1211.6494,68.9298
765,22:00 22/11/2019,78.4954,15.8063,72.3167,126.2621,80.1136,12.2262,66.2692,1152.3264,68.0187
766,23:00 22/11/2019,55.8097,9.6533,57.7125,135.2565,93.5672,3.6884,52.1214,999.2533,80.6498
767,00:00 23/11/2019,50.2861,7.7911,51.1829,133.6395,104.2064,2.5974,47.6887,1048.7326,93.248
768,01:00 23/11/2019,58.953,6.864,42.0394,239.0036,185.7221,3.5313,55.4218,1173.993,160.6772
769,02:00 23/11/2019,61.3996,26.9956,39.5157,183.262,143.6024,6.2645,55.1351,2089.4617,125.6548
770,03:00 23/11/2019,57.2979,28.175,32.4611,133.8555,106.5279,4.3777,52.9202,1107.6737,95.0305
771,04:00 23/11/2019,49.2326,17.8786,42.9276,142.7162,108.6491,3.5166,45.716,1049.1146,94.3757
772,05:00 23/11/2019,67.6324,14.4323,29.9437,194.7967,138.4029,3.6831,63.9493,1129.2708,114.8335
773,06:00 23/11/2019,94.4173,18.1224,24.4688,188.0019,135.3368,14.1747,80.2426,1283.8333,112.5735
774,07:00 23/11/2019,84.7459,18.1165,24.8895,131.4801,98.1951,7.6521,77.0938,1243.4375,86.0724
775,08:00 23/11/2019,129.791,18.1475,13.6479,143.5841,99.6366,31.7593,98.0317,1729.0452,86.2598
776,09:00 23/11/2019,161.2566,17.6665,10.0679,175.7197,108.8952,53.219,108.0375,1815.4861,93.2114
777,10:00 23/11/2019,194.1616,16.356,24.9118,189.7062,99.2802,55.6472,138.5143,1709.6354,80.0371
778,11:00 23/11/2019,139.082,13.2577,53.4015,144.2283,79.566,21.4973,117.5846,1051.6319,65.7899
779,12:00 23/11/2019,100.0776,10.901,89.5985,177.7563,75.1377,10.7703,89.3073,830.1215,57.7919
780,13:00 23/11/2019,60.023,11.8372,132.5511,138.5941,55.2393,6.3862,53.6368,568.4896,41.9303
781,14:00 23/11/2019,32.2129,10.5621,157.6299,100.3489,50.5917,2.1284,30.0845,485.3472,41.2505
782,15:00 23/11/2019,38.5574,9.3975,156.1625,103.143,50.9948,2.4814,36.0759,474.1667,40.9176
783,16:00 23/11/2019,106.4665,7.8706,101.232,169.4197,61.1053,13.628,92.8385,687.3785,42.0708
784,17:00 23/11/2019,95.1261,6.773,101.9577,200.5006,72.4666,8.9862,86.1399,681.2847,50.1782
785,18:00 23/11/2019,81.2933,7.689,101.9166,180.3582,66.7132,5.37,75.9233,802.0313,47.5367
786,19:00 23/11/2019,77.1544,7.6894,91.6466,165.4285,74.9424,5.3714,71.783,890.9549,58.1098
787,20:00 23/11/2019,50.8198,6.8461,95.3468,149.7536,77.078,2.8717,47.9481,861.6319,63.0939
788,21:00 23/11/2019,39.2944,6.0004,97.2898,124.0478,73.3115,2.2975,36.9968,749.4618,62.4461
789,22:00 23/11/2019,32.1171,6.0271,108.4034,107.8502,61.7484,1.8189,30.2982,654.2361,51.7048
790,23:00 23/11/2019,30.2398,5.4479,90.4644,91.9112,66.8523,1.477,28.7628,710.625,58.8735
791,00:00 24/11/2019,40.4607,5.3736,74.2064,127.3331,87.7566,2.0349,38.4258,853.2639,77.2078
792,01:00 24/11/2019,32.8455,5.5734,73.5171,107.0713,87.9503,1.8481,30.9974,691.3194,79.5585
793,02:00 24/11/2019,22.5154,5.119,78.2412,79.024,62.0483,1.5626,20.9528,551.9618,55.5725
794,03:00 24/11/2019,30.0209,5.7295,60.1728,100.8537,84.8773,1.8894,28.1315,820.8333,76.4026
795,04:00 24/11/2019,32.024,22.1257,44.7375,123.2964,100.3986,3.0241,28.9999,851.9097,87.5973
796,05:00 24/11/2019,46.4907,17.3618,37.0325,120.6804,93.199,5.033,41.4577,764.4618,80.5304
797,06:00 24/11/2019,40.1696,14.5375,34.3678,117.5163,92.2418,3.4218,36.7478,756.1805,81.6258
798,07:00 24/11/2019,64.0316,11.7614,23.1167,108.0939,84.1805,9.7894,54.2421,913.2465,75.0939
799,08:00 24/11/2019,95.6999,12.8521,16.9312,107.8677,77.0603,27.5915,68.1084,1163.1423,67.5367
800,09:00 24/11/2019,116.1739,10.9252,13.9878,174.5738,82.3893,36.4605,79.7135,1202.2222,66.1927
801,10:00 24/11/2019,116.4167,9.7073,19.418,122.3629,70.8862,32.1157,84.301,1147.9687,59.4947
802,11:00 24/11/2019,149.6281,11.2644,25.6955,111.6093,56.5788,50.0194,99.6087,729.3403,45.6292
803,12:00 24/11/2019,105.6495,13.1671,44.656,95.704,47.8225,21.8446,83.8049,625.4514,37.5667
804,13:00 24/11/2019,66.0353,12.3949,68.0304,87.9137,36.6207,8.9544,57.0809,422.3785,26.9654
805,14:00 24/11/2019,39.0779,10.2475,95.657,94.8943,37.002,3.9041,35.1739,321.7014,26.9598
806,15:00 24/11/2019,57.332,9.4138,98.8861,136.4502,45.2247,8.8228,48.5092,375.7292,30.2418
807,16:00 24/11/2019,64.7116,7.7184,96.1582,175.6956,45.1334,8.905,55.8066,390.8681,24.9853
808,17:00 24/11/2019,71.8911,5.6112,83.7312,152.1911,46.7836,8.319,63.5722,619.2188,28.674
809,18:00 24/11/2019,73.7128,6.8247,69.0918,154.6266,51.628,8.4841,65.2288,680.9201,34.0123
810,19:00 24/11/2019,98.848,8.6892,49.7018,196.8096,58.6562,16.3759,82.4721,781.4062,36.4832
811,20:00 24/11/2019,53.591,8.5407,57.2767,122.0078,47.6599,4.1036,49.4874,614.4097,34.619
812,21:00 24/11/2019,37.1686,7.1941,56.4112,126.2058,50.3098,2.9997,34.1689,534.7569,38.4347
813,22:00 24/11/2019,38.7508,6.6483,43.3972,83.8015,47.9621,2.551,36.1998,765.0868,40.3382
814,23:00 24/11/2019,27.6099,6.5963,46.7534,50.259,30.7823,1.6958,25.9141,503.75,25.6388
815,00:00 25/11/2019,40.5431,6.4402,36.3569,70.7353,43.0038,3.3141,37.229,1065.9897,33.6661
816,01:00 25/11/2019,41.8171,6.9379,30.9193,97.1654,70.184,2.7027,39.1144,997.1007,60.5059
817,02:00 25/11/2019,69.4362,9.6366,23.3572,130.6638,89.6271,15.9266,53.5096,631.0764,74.9394
818,03:00 25/11/2019,43.4587,11.3681,17.6041,65.254,45.6977,3.2679,40.1908,505.2431,38.5976
819,04:00 25/11/2019,52.7304,9.7109,11.713,76.8889,54.9007,3.7291,49.0013,597.1354,47.4174
820,05:00 25/11/2019,74.8913,9.6398,7.1267,91.7017,63.2257,8.4199,66.4714,700.7639,54.0364
821,06:00 25/11/2019,82.1847,9.1405,8.6437,99.6318,73.8322,18.3889,63.7958,1019.2708,63.7505
822,07:00 25/11/2019,104.6542,9.5711,6.4073,115.4581,84.8883,52.7405,51.9137,1122.7951,73.4183
823,08:00 25/11/2019,126.1596,9.6616,7.7353,115.7813,80.9359,75.9724,50.1872,1138.6632,69.9439
824,09:00 25/11/2019,93.9762,8.9093,13.228,177.9336,104.273,38.8349,55.1413,1215.3299,88.4289
825,10:00 25/11/2019,59.3438,9.3756,33.7975,143.6163,88.6815,11.9414,47.4023,868.4722,74.69
826,11:00 25/11/2019,120.3386,16.7648,30.5276,159.2862,71.377,31.2871,89.0515,908.0382,54.4421
827,12:00 25/11/2019,137.3354,27.3789,41.8784,182.6288,62.4023,36.3382,100.9972,762.5521,41.7535
828,13:00 25/11/2019,126.4886,23.5851,82.3805,161.5478,50.8485,23.3687,103.1199,654.1493,32.5603
829,14:00 25/11/2019,110.5167,19.5028,109.9499,175.0984,58.4219,15.7126,94.8041,541.7014,38.6355
830,15:00 25/11/2019,60.4466,17.2565,164.7654,126.695,47.7334,2.4587,57.9878,470.5382,33.8343
831,16:00 25/11/2019,86.2895,23.1469,155.6791,151.8743,58.3503,3.6517,82.6378,532.5347,41.9056
832,17:00 25/11/2019,76.0333,21.8532,174.798,162.9266,64.7366,3.1027,72.9307,624.6875,46.4869
833,18:00 25/11/2019,90.8535,18.6861,175.0721,174.3418,73.3588,5.0827,85.7708,797.4653,54.2029
834,19:00 25/11/2019,144.3633,14.4123,111.4086,249.5303,108.26,16.5349,127.8284,1292.5926,79.4322
835,20:00 25/11/2019,136.1915,18.8787,51.1728,352.094,216.0237,15.9176,120.2739,1765.774,185.0552
836,21:00 25/11/2019,77.5139,11.8039,28.9245,314.2025,150.1967,9.0065,68.5075,1300.2083,120.8145
837,22:00 25/11/2019,86.8529,10.9764,19.7198,198.088,100.7539,16.9065,69.9464,1105.7292,79.7834
838,23:00 25/11/2019,74.1478,12.3469,19.0066,156.5745,94.3916,6.9888,67.159,1088.9409,79.2278
839,00:00 26/11/2019,53.937,11.8801,22.7298,164.308,106.0176,3.6545,50.2825,1015.6424,90.8282
840,01:00 26/11/2019,26.4256,9.9671,34.4401,104.8887,74.7144,2.1488,24.2768,654.1964,65.5728
841,02:00 26/11/2019,14.2109,8.0445,45.3212,49.7153,31.9443,1.4079,12.803,405.3819,27.8177
842,03:00 26/11/2019,12.9309,6.8561,42.8856,42.042,29.8112,0.994,11.9369,418.2812,26.3017
843,04:00 26/11/2019,14.6749,6.3266,34.8967,41.955,30.9699,1.5747,13.1002,475.2431,27.5237
844,05:00 26/11/2019,14.3991,6.201,31.9319,32.6783,24.2412,1.2127,13.1864,513.125,21.3917
845,06:00 26/11/2019,18.4023,5.7732,27.6861,41.1338,27.9631,2.0844,16.3179,535.7465,24.2249
846,07:00 26/11/2019,24.3947,5.7987,21.9098,48.8442,31.7763,3.758,20.6367,717.4479,27.024
847,08:00 26/11/2019,66.0314,7.179,11.8707,105.4254,48.4312,24.8994,41.1319,931.1806,36.0717
848,09:00 26/11/2019,99.1027,9.1496,12.5723,211.2093,70.5885,48.157,50.9458,1218.9062,45.1695
849,10:00 26/11/2019,73.341,10.8287,21.5413,146.6767,57.3368,25.9686,47.3724,944.1493,42.3342
850,11:00 26/11/2019,60.796,10.1657,36.7733,150.4057,58.3665,15.29,45.5061,891.5972,43.6616
851,12:00 26/11/2019,82.5221,10.265,51.0409,172.4125,64.3746,27.5711,54.9511,802.4826,47.414
852,13:00 26/11/2019,73.3199,9.8761,68.5522,213.0281,75.4718,16.1608,57.1591,845.8507,54.3492
853,14:00 26/11/2019,44.0688,9.4249,80.0967,143.7268,66.3689,6.1888,37.88,737.7083,52.5919
854,15:00 26/11/2019,47.2472,7.4972,79.9285,148.1012,66.9122,6.9916,40.2555,824.5139,52.8541
855,16:00 26/11/2019,34.8254,7.9754,100.1733,120.0253,67.8571,2.2892,32.5362,747.8819,57.6546
856,17:00 26/11/2019,60.9358,7.7724,90.2364,159.8041,82.9966,6.3693,54.5665,853.1597,68.191
857,18:00 26/11/2019,134.5055,8.6106,45.4676,274.7081,97.2548,24.9903,109.5153,1191.0591,67.7866
858,19:00 26/11/2019,228.7782,7.5929,12.419,286.5324,110.3196,82.5634,146.2149,2138.5242,76.3179
859,20:00 26/11/2019,132.4059,7.0674,26.1339,241.467,107.6383,28.1041,104.3018,1662.4826,81.9676
860,21:00 26/11/2019,118.1583,6.8922,12.4377,289.7316,144.7483,19.4071,98.7512,1965.1737,112.7602
861,22:00 26/11/2019,126.3677,6.9589,9.4813,272.0934,173.2519,22.582,103.7858,1677.066,148.4447
862,23:00 26/11/2019,159.2423,6.4835,7.0153,228.3653,143.2929,53.297,105.9453,1905.8334,121.9909
863,00:00 27/11/2019,122.4018,6.9109,7.6547,230.3636,173.7553,19.3717,103.0301,1892.6215,155.9743
864,01:00 27/11/2019,108.4015,7.6799,10.1004,291.6622,225.4797,17.607,90.7945,1814.5833,198.812
865,02:00 27/11/2019,96.161,8.6094,8.6922,255.4819,192.3443,10.1546,86.0064,1744.4272,167.8572
866,03:00 27/11/2019,89.1532,7.9854,7.7499,212.0078,167.7493,11.4099,77.7433,1681.8923,149.8998
867,04:00 27/11/2019,89.9423,7.9814,7.5547,204.7646,162.6011,21.0352,68.9071,1420.5382,145.7564
868,05:00 27/11/2019,45.1559,7.4563,15.8127,146.7696,118.2039,4.6924,40.4635,920.3819,106.0798
869,06:00 27/11/2019,29.2663,7.0757,36.6161,101.8734,77.925,2.6242,26.6421,667.2396,68.5755
870,07:00 27/11/2019,35.7463,7.3971,33.0221,120.3685,93.1518,2.8239,32.9225,957.9167,82.6225
871,08:00 27/11/2019,53.7484,8.321,17.4663,146.987,112.4373,8.3033,45.445,1136.4931,100.4153
872,09:00 27/11/2019,175.378,8.2964,14.1081,291.918,184.4012,81.826,93.552,1691.58,160.4671
873,10:00 27/11/2019,104.5634,8.4882,29.6148,216.3549,141.1975,31.0605,73.503,1320.5381,122.3694
874,11:00 27/11/2019,89.9311,8.292,36.3825,191.9455,102.3974,18.9163,71.0148,1231.9098,82.7916
875,12:00 27/11/2019,73.3768,9.7431,56.6401,182.7151,94.936,12.1151,61.2617,1039.2709,75.9856
876,13:00 27/11/2019,103.8002,10.5316,62.5816,165.0931,80.2321,30.7822,73.018,922.1528,63.313
877,14:00 27/11/2019,49.2737,11.0062,86.7983,168.2741,63.858,6.3659,42.9078,653.7847,46.0819
878,15:00 27/11/2019,74.1496,10.1109,77.276,130.0704,47.7897,16.2028,57.9468,700.4167,32.6922
879,16:00 27/11/2019,58.0298,12.2742,79.1209,145.6743,43.1083,9.5374,48.4924,461.5885,26.4119
880,18:00 27/11/2019,-866.5539,-899.1776,-861.5972,-749.4649,-866.4134,-903.0727,-872.4811,111.7576,-885.1131
881,19:00 27/11/2019,127.5431,9.5398,24.4396,288.618,85.2806,29.4353,98.1078,1507.4999,51.2402
882,20:00 27/11/2019,91.7491,9.6321,23.6334,309.8843,112.1432,16.3695,75.3796,1718.769,78.5669
883,21:00 27/11/2019,115.9664,8.6827,12.847,326.5009,151.5101,26.5773,89.3891,1796.4205,116.4486
884,22:00 27/11/2019,59.255,16.5698,36.0394,101.0988,61.7773,11.0034,48.2516,856.7992,52.5981
885,23:00 27/11/2019,31.9613,13.6825,53.251,100.857,61.5822,4.3984,27.5628,751.6098,53.2831
886,00:00 28/11/2019,29.6118,12.7461,55.8592,102.0602,64.2094,3.0857,26.5262,685.7955,55.7843
887,01:00 28/11/2019,21.2638,10.2882,58.4757,102.945,62.7429,2.2388,19.025,614.5644,54.403
888,02:00 28/11/2019,16.9562,8.1796,58.1883,74.5946,48.7758,1.4476,15.5086,578.7311,43.3435
889,03:00 28/11/2019,15.1517,8.2975,49.7637,54.7512,33.414,1.407,13.7447,565.0189,29.6375
890,04:00 28/11/2019,17.7628,8.1952,41.1381,41.8861,27.1275,2.2187,15.5441,567.7273,23.8349
891,05:00 28/11/2019,16.4433,9.2443,35.955,35.5881,21.3992,2.1883,14.2551,594.4508,18.3836
892,06:00 28/11/2019,13.641,8.0487,31.6261,62.8138,18.6916,2.4053,11.2357,532.197,12.5661
893,07:00 28/11/2019,69.7939,7.699,28.3418,56.8638,19.4952,30.068,39.7259,681.7235,14.2333
894,08:00 28/11/2019,40.0896,9.9762,23.6438,48.3794,21.4977,14.741,25.3485,695.2841,16.873
895,09:00 28/11/2019,61.69,10.4836,19.3555,215.6445,44.6794,26.4642,35.2258,880.3788,22.5668
896,10:00 28/11/2019,62.2536,9.6018,22.2768,217.5396,47.8956,27.5703,34.6833,793.0303,25.4053
897,11:00 28/11/2019,61.0832,9.1525,29.3062,221.792,48.4525,25.1766,35.9067,795.9375,25.9577
898,12:00 28/11/2019,51.9727,8.2403,37.2388,425.3518,74.1103,19.283,32.6897,634.1856,28.7837
899,13:00 28/11/2019,37.396,7.8832,52.2009,249.7338,58.9208,10.5761,26.82,608.0682,32.5355
900,14:00 28/11/2019,29.9316,9.8458,68.288,104.7064,32.826,5.2323,24.6993,627.803,22.7705
901,15:00 28/11/2019,40.9757,16.3856,67.4957,96.7547,33.5424,9.7113,31.2644,661.2879,24.6391
902,16:00 28/11/2019,55.2864,22.5996,59.866,77.7026,34.8789,14.0816,41.2048,890.4356,27.3173
903,17:00 28/11/2019,51.7469,24.8443,53.2578,82.5838,37.4144,9.4634,42.2835,1016.9318,29.5533
904,18:00 28/11/2019,67.6721,27.6194,42.9759,100.8895,46.5816,12.3893,55.2828,900.3788,36.021
905,19:00 28/11/2019,73.8803,14.3719,32.6444,153.2431,59.1434,22.3317,51.5486,1023.731,43.689
906,20:00 28/11/2019,75.4176,12.925,18.7474,172.4298,85.9771,18.5832,56.8345,1218.2766,69.169
907,21:00 28/11/2019,62.2036,8.2619,18.6999,198.5469,94.4323,13.9835,48.2201,1279.4129,74.0212
908,22:00 28/11/2019,38.1708,7.1171,29.2961,130.8907,54.0147,3.8939,34.2769,909.072,40.2007
909,23:00 28/11/2019,32.7442,6.5832,29.5757,91.0546,51.8725,2.3631,30.3811,713.3712,42.8209
910,00:00 29/11/2019,24.0483,6.6278,36.4722,65.2174,37.3137,1.5635,22.4848,583.8258,30.2272
911,01:00 29/11/2019,17.072,6.3163,41.2765,51.0793,30.4273,0.9067,16.1653,507.8599,25.3592
912,02:00 29/11/2019,16.3274,6.289,40.1965,47.7173,26.2513,0.7021,15.6253,431.4773,20.7354
913,03:00 29/11/2019,18.8928,5.6598,37.1168,51.1215,27.0341,1.0472,17.8455,441.1364,20.8371
914,04:00 29/11/2019,20.7366,5.9436,36.7125,47.5287,27.1321,1.0141,19.7224,417.7652,21.2801
915,05:00 29/11/2019,21.1958,6.0619,37.7759,44.5046,25.9299,0.699,20.4967,414.697,20.4477
916,06:00 29/11/2019,28.5322,6.8436,34.0825,46.8429,24.9402,2.2563,26.276,446.8561,19.2922
917,07:00 29/11/2019,30.6391,5.7742,32.1846,48.1842,26.482,3.3831,27.256,527.8409,20.8518
918,08:00 29/11/2019,61.1962,8.6155,22.9652,56.4748,30.5377,18.1182,43.078,765.0757,24.4323
919,09:00 29/11/2019,126.9773,9.9818,16.7674,142.6046,48.8969,60.7623,66.215,1006.4393,34.3273
920,10:00 29/11/2019,113.5188,9.5047,17.4226,140.8552,43.7056,48.4499,65.0689,965.7008,28.6408
921,11:00 29/11/2019,82.3211,10.3965,32.0515,130.8361,40.4099,28.7077,53.6134,936.4961,26.8117
922,12:00 29/11/2019,85.4559,12.308,39.2338,145.7254,45.2514,29.1482,56.3076,906.9128,30.4886
923,13:00 29/11/2019,83.6888,12.2716,55.2527,196.2098,53.6797,22.8596,60.8292,832.2159,32.8429
924,14:00 29/11/2019,53.1236,12.4349,89.368,130.2968,46.6066,7.7277,45.3959,659.7917,32.0422
925,15:00 29/11/2019,56.814,17.4048,121.2941,124.2631,51.0719,5.5194,51.2946,930.9849,38.501
926,16:00 29/11/2019,94.1473,16.3271,114.7219,149.3063,59.4086,21.8126,72.3347,916.0417,43.6887
927,17:00 29/11/2019,181.9831,14.2493,70.6047,274.6979,85.7282,32.9427,149.0404,1212.4242,52.1375
928,18:00 29/11/2019,185.6639,11.3091,40.5787,302.7687,94.7629,31.0064,154.6575,1305.5113,56.3099
929,19:00 29/11/2019,148.9435,10.9183,24.6861,253.9107,101.128,20.8246,128.1189,1191.9885,72.0818
930,20:00 29/11/2019,97.5309,8.6745,33.7987,161.5218,86.2225,6.5465,90.9844,978.485,70.6625
931,21:00 29/11/2019,52.2403,7.1227,62.9915,110.6053,70.2465,2.2839,49.9564,787.9167,61.3159
932,22:00 29/11/2019,61.1849,6.25,48.902,103.3503,65.4453,2.3539,58.8309,772.6136,56.5983
933,23:00 29/11/2019,55.1977,5.7408,58.8607,83.604,58.2317,2.5076,52.6901,783.4091,51.4112
934,00:00 30/11/2019,59.3098,5.598,53.4439,76.2378,54.5149,2.1764,57.1334,773.9375,48.3074
935,01:00 30/11/2019,69.1588,5.593,52.5428,94.8747,70.5149,1.8066,67.3522,871.8939,62.7254
936,02:00 30/11/2019,57.5301,5.145,41.9869,102.4408,68.0937,2.2427,55.2875,886.7803,57.5055
937,03:00 30/11/2019,50.3599,5.2212,59.0783,94.6504,61.7257,2.267,48.0929,786.0038,52.2098
938,04:00 30/11/2019,39.9689,5.2481,54.4322,106.651,82.1687,1.9042,38.0647,779.2992,71.0006
939,05:00 30/11/2019,44.7505,5.0652,30.9696,162.6927,132.4252,2.3198,42.4307,1106.4205,115.5978
940,06:00 30/11/2019,61.2985,5.2451,19.6299,167.5915,139.2111,6.93,54.3684,1340.3977,125.5431
941,07:00 30/11/2019,57.5339,5.0245,23.0298,154.5286,121.7076,10.1397,47.3942,1084.6591,106.5202
942,08:00 30/11/2019,46.1999,5.7307,29.2457,130.4956,102.3937,4.8469,41.353,1303.8542,89.5919
943,09:00 30/11/2019,67.7421,5.9087,21.5092,183.8817,124.3875,16.5955,51.1466,1303.2639,108.4489
944,10:00 30/11/2019,91.7105,7.1667,17.6015,243.2866,157.5854,30.2553,61.4551,1429.1839,135.093
945,11:00 30/11/2019,78.331,9.0602,25.1335,206.0392,144.0252,17.623,60.708,1350.6597,124.8943
946,12:00 30/11/2019,110.6373,10.9466,37.6498,207.3801,135.3076,30.5635,80.0738,1466.9445,116.703
947,13:00 30/11/2019,95.1422,11.1504,67.8376,193.7419,97.0893,13.8297,81.3124,1409.8786,79.2639
948,14:00 30/11/2019,76.7361,11.6593,88.3258,136.433,71.3267,7.6763,69.0598,949.2881,58.2071
949,15:00 30/11/2019,69.4474,10.8902,96.6341,163.2092,68.3846,5.1731,64.2742,778.8021,51.3844
950,16:00 30/11/2019,127.3019,9.8551,68.2644,174.8171,67.9706,17.9575,109.3444,828.8715,48.1419
951,17:00 30/11/2019,119.1401,9.2009,66.9557,195.0349,79.0645,9.8553,109.2848,926.9445,57.7845
952,18:00 30/11/2019,126.2109,8.6853,63.4364,187.8835,88.7395,13.0968,113.1141,1066.5971,70.369
953,19:00 30/11/2019,140.8765,8.7349,29.1874,203.1847,102.4661,25.1447,115.7318,1144.2882,82.395
954,20:00 30/11/2019,143.1378,7.7117,23.1018,149.9241,83.5934,31.8546,111.2832,1356.5624,68.7822
955,21:00 30/11/2019,101.7726,8.0084,29.2005,219.1415,92.9165,15.3771,86.3955,1013.8367,70.2378
956,22:00 30/11/2019,113.9988,8.5339,17.9074,131.6833,79.4296,13.6338,100.365,962.934,65.7564
957,23:00 30/11/2019,137.179,12.3016,8.1011,103.6594,63.4549,10.9927,126.1864,818.7674,51.3037
958,1/12/2019 0:00,147.2703,15.7614,6.4225,118.5603,77.8464,12.5091,134.7612,659.5833,63.6929
959,1/12/2019 1:00,149.3716,16.3763,6.5915,112.8303,77.9137,17.0441,132.3275,613.7326,64.812
960,1/12/2019 2:00,164.4587,30.3943,5.6153,129.701,95.4086,29.7728,134.6859,748.8542,79.0643
961,1/12/2019 3:00,156.6608,29.1974,5.7507,101.5888,74.0807,20.5876,136.0732,664.2187,61.5224
962,1/12/2019 4:00,137.2062,29.6876,6.7341,136.2265,105.5947,11.387,125.8192,696.9618,89.5857
963,1/12/2019 5:00,91.6465,31.4922,11.2394,116.223,88.894,7.0331,84.6134,816.1805,77.095
964,1/12/2019 6:00,41.2285,15.5262,27.6614,85.5694,67.4752,5.2669,35.9615,1265.816,59.8785
965,1/12/2019 7:00,36.9412,16.132,43.2002,93.411,68.8958,3.4699,33.4714,876.5104,59.118
966,1/12/2019 8:00,80.4061,11.7677,30.6047,95.0697,59.4025,15.6121,64.794,1027.9168,48.8256
967,1/12/2019 9:00,143.845,10.6487,27.9784,160.6319,69.5739,55.0934,88.7516,1117.2048,52.8868
968,1/12/2019 10:00,94.9268,11.243,32.909,168.1819,71.5022,16.9681,77.9587,1066.198,53.2539
969,1/12/2019 11:00,98.2418,10.375,38.1308,148.219,69.1629,22.8719,75.3698,943.4027,53.5977
970,1/12/2019 12:00,71.0091,11.9909,58.0902,139.6994,62.2611,11.7674,59.2416,899.1145,47.53
971,1/12/2019 13:00,79.5017,12.5844,60.7692,172.0473,67.8454,14.458,65.0436,782.2569,50.2483
972,1/12/2019 14:00,44.4556,12.4275,74.9487,132.0613,61.5117,5.3044,39.1512,670.5729,47.6922
973,1/12/2019 15:00,55.7521,10.213,57.1315,222.7656,79.2125,14.8744,40.8777,758.316,57.4238
974,1/12/2019 16:00,71.4491,9.9917,54.5831,267.6898,89.3026,21.9338,49.5154,847.8819,63.0781
975,1/12/2019 17:00,77.6477,9.492,50.0527,224.8136,85.0951,19.837,57.8107,908.2812,63.7602
976,1/12/2019 18:00,57.9416,9.7669,42.1927,208.6315,71.4124,13.1097,44.832,910.5903,51.9261
977,1/12/2019 19:00,47.5229,8.557,40.1479,213.7584,58.9708,11.6921,35.8309,902.8472,38.5799
978,1/12/2019 20:00,38.1108,7.7391,38.5823,133.1878,43.3104,7.5047,30.606,870.0695,30.0508
979,1/12/2019 21:00,20.8257,6.3341,37.9353,107.531,34.5072,1.9298,18.8959,739.3924,23.8038
980,1/12/2019 22:00,19.0157,6.2562,40.0643,76.1495,21.213,2.607,16.4086,632.8993,12.5542
981,1/12/2019 23:00,15.7347,5.4991,46.1677,59.592,15.1734,2.382,13.3527,590.816,8.5246
982,2/12/2019 0:00,13.3833,5.1901,46.7585,35.3232,12.0879,0.7087,12.6746,569.0452,7.9352
983,2/12/2019 1:00,11.4857,5.2088,46.4516,56.3,15.4004,0.539,10.9467,559.1146,8.9817
984,2/12/2019 2:00,9.7035,4.5311,44.7726,33.6428,13.1977,0.6413,9.0621,540.7465,9.6152
985,2/12/2019 3:00,8.8114,4.2582,46.1959,63.9798,16.9436,0.4465,8.3649,547.4826,10.1131
986,2/12/2019 4:00,7.9355,4.0481,44.1491,56.8326,20.0726,0.2887,7.6469,547.6042,14.2914
987,2/12/2019 5:00,9.5662,4.4898,44.1247,78.2766,30.1261,0.5756,8.9905,573.4896,22.1597
988,2/12/2019 6:00,11.6189,4.5629,45.0473,33.4809,17.5505,1.1424,10.4765,555.3646,14.7695
989,2/12/2019 7:00,11.4129,4.4,49.3328,27.6108,16.2984,0.8308,10.5821,579.7743,14.1695
990,2/12/2019 8:00,27.947,5.3383,42.0555,39.9211,19.9498,4.8646,23.0824,716.2153,16.4579
991,2/12/2019 9:00,66.8915,7.1063,32.9537,243.1517,81.8145,27.8767,39.0149,986.059,57.6829
992,2/12/2019 10:00,33.0962,8.2443,44.3402,167.4944,78.9555,5.2097,27.8865,864.8214,63.8427
993,2/12/2019 11:00,45.221,6.289,52.6691,281.036,70.6954,11.0499,34.1711,768.5795,42.7035
994,2/12/2019 12:00,41.125,5.7148,56.6853,224.3671,48.7872,9.8407,31.2843,680.7576,26.3207
995,2/12/2019 13:00,47.2674,6.5923,55.0465,210.4808,39.7668,12.0823,35.185,593.125,18.5051
996,2/12/2019 14:00,35.0859,9.6946,83.0433,165.3283,32.9721,10.584,24.5019,590.5382,15.1987
997,2/12/2019 15:00,27.1304,10.7067,93.2009,86.82,21.3079,4.8813,22.2491,690.3299,12.439
998,2/12/2019 16:00,104.6857,72.8641,76.5953,98.7085,34.4209,44.2345,60.4512,1079.7223,25.1555
999,2/12/2019 17:00,91.6131,83.3754,73.5406,89.9215,39.2375,29.151,62.4621,1293.1248,31.268
1000,3/12/2019 2:00,15.9026,8.0124,57.9801,32.8813,21.1529,0.6209,15.2818,749.6007,18.0659
1001,3/12/2019 3:00,15.4104,7.6275,57.5199,37.5378,26.9009,0.6661,14.7443,742.4479,23.5757
1002,3/12/2019 4:00,20.3767,6.9883,46.9052,42.7681,28.6325,0.8574,19.5193,700.2604,23.6649
1003,3/12/2019 5:00,23.8053,10.2098,37.4329,82.7392,67.9618,1.6093,22.196,706.5972,61.9391
1004,3/12/2019 6:00,19.6735,8.4183,39.3589,44.5642,33.9583,1.7703,17.9032,570.2951,30.4125
1005,3/12/2019 7:00,27.8505,8.7985,38.6353,62.9515,45.2918,4.0187,23.8318,792.6563,40.9118
1006,3/12/2019 8:00,47.9568,11.3927,29.1707,91.7616,68.6046,11.0096,36.9472,977.361,60.9412
1007,3/12/2019 9:00,113.3924,8.3599,28.504,120.8177,38.2698,50.4681,62.9243,866.632,26.4982
1008,3/12/2019 10:00,41.7417,9.6096,50.8475,270.5336,70.6744,9.647,32.0947,720.8902,43.4472
1009,3/12/2019 11:00,52.1228,13.185,58.5065,153.1132,37.8117,14.8042,37.3187,656.572,22.5392
1010,3/12/2019 12:00,66.5442,18.2927,63.7046,100.1782,37.9274,20.3444,46.1997,817.7462,27.8998
1011,3/12/2019 13:00,60.17,14.4702,84.8871,98.9212,37.9276,15.4975,44.6724,576.0833,28.5219
1012,3/12/2019 14:00,61.2962,19.4658,86.8152,100.2631,46.5977,15.5399,45.7563,964.2803,36.7209
1013,3/12/2019 15:00,41.5213,15.3838,95.6914,119.9733,38.1437,7.1794,34.3419,529.8864,25.6149
1014,3/12/2019 16:00,68.3902,21.1536,85.8836,141.6611,39.4385,15.6815,52.7087,591.9697,24.1392
1015,3/12/2019 17:00,83.6707,23.8957,68.0101,142.4575,43.1667,16.7847,66.886,753.9205,26.5325
1016,3/12/2019 18:00,74.104,15.9059,75.3635,135.6253,47.7298,13.4136,60.6904,791.1742,33.5609
1017,3/12/2019 19:00,152.1302,9.8484,27.3421,298.9238,96.2537,48.5236,103.6066,1489.8674,59.2457
1018,3/12/2019 20:00,150.2269,8.0015,15.3371,191.1359,103.2698,33.8663,116.3607,1392.6515,83.9767
1019,3/12/2019 21:00,191.4193,6.4619,6.5521,303.8585,146.116,73.4117,118.0076,2237.5569,113.711
1020,3/12/2019 22:00,128.0658,8.5375,11.1952,305.751,181.1932,29.8034,98.2624,2342.0075,148.6244
1021,3/12/2019 23:00,80.0864,10.92,28.261,244.8285,148.4758,11.1277,68.9587,1487.1022,123.7063
1022,4/12/2019 0:00,103.6094,12.5996,18.547,198.3132,144.8484,21.8465,81.7629,1319.3561,126.4074
1023,4/12/2019 1:00,84.9692,11.7329,18.3743,159.6571,118.4043,8.2193,76.7499,1497.4243,102.4184
1024,4/12/2019 2:00,77.3596,16.9017,17.2216,329.283,259.9986,6.3167,71.0429,1430.9092,214.2652
1025,4/12/2019 3:00,69.2813,12.6763,13.3035,186.6727,146.2544,5.8865,63.3948,1317.2538,123.7001
1026,4/12/2019 4:00,35.483,11.6731,27.1089,152.5346,126.4182,2.2748,33.2082,966.9885,114.831
1027,4/12/2019 5:00,33.9016,8.6545,20.2212,79.4806,62.6992,2.8747,31.0269,755.6629,54.6716
1028,4/12/2019 6:00,62.1328,18.4271,16.2719,114.9086,92.2176,15.357,46.7758,964.2045,80.2207
1029,4/12/2019 7:00,95.7566,27.2246,10.239,176.1703,146.0923,37.3147,58.4419,1591.3636,128.7782
1030,4/12/2019 8:00,105.0035,27.8204,5.1536,148.9895,116.558,51.6779,53.3256,1467.7085,100.5402
1031,4/12/2019 9:00,115.8581,20.6752,10.1575,195.1873,127.5002,56.8395,59.0186,1562.4622,106.0474
1032,4/12/2019 10:00,78.4131,20.267,34.6169,236.8658,134.0837,19.0877,59.3254,1676.3826,112.2679
1033,4/12/2019 11:00,60.7569,16.1867,62.2944,154.6918,54.0425,12.4795,48.2774,636.7803,38.8376
1034,4/12/2019 12:00,92.4778,23.5833,63.3805,188.2663,45.27,24.6327,67.8452,585.4167,26.4871
1035,4/12/2019 13:00,101.2067,15.7647,76.9434,191.3312,47.0967,32.5929,68.6139,532.3674,27.9958
1036,4/12/2019 14:00,39.2625,17.6536,104.4505,192.0822,75.8002,5.2439,34.0186,604.2046,59.4804
1037,4/12/2019 15:00,39.3998,18.1671,103.5309,99.6719,49.0279,5.0644,34.3354,445.5114,40.5166
1038,4/12/2019 16:00,70.7301,24.9638,88.7794,134.8051,50.3547,12.087,58.6431,611.1285,36.5888
1039,4/12/2019 17:00,138.8909,27.8759,58.8783,152.187,44.3981,54.6312,84.2596,697.7951,26.6236
1040,4/12/2019 18:00,95.6485,67.4144,94.3245,152.3904,62.9515,12.5258,83.1227,1160.1157,48.1827
1041,11/12/2019 1:00,102.5437,21.3541,24.706,244.7185,201.008,5.5538,96.9899,2424.7683,182.8405
1042,11/12/2019 14:00,100.472,46.0822,191.1449,156.1058,107.3283,10.0522,90.4198,1024.625,95.6069
1043,11/12/2019 15:00,87.0488,34.8878,211.0641,147.0947,89.4074,7.9177,79.1311,651.9213,78.0369
1044,11/12/2019 16:00,87.8354,19.2315,214.1527,173.6666,87.8253,8.8194,79.016,731.875,72.9519
1045,11/12/2019 17:00,81.1161,33.6205,219.6143,132.6498,79.7071,6.3516,74.7645,682.9514,68.918
1046,11/12/2019 18:00,143.9885,48.4127,153.3126,191.0415,114.5982,14.7722,129.2163,1358.2987,97.6409
1047,11/12/2019 19:00,276.2851,15.187,26.6161,365.2475,163.1641,72.815,203.4701,1922.6736,119.4218
1048,11/12/2019 20:00,239.3813,12.4446,7.2487,359.968,175.1698,51.6118,187.7695,3188.559,130.6896
1049,11/12/2019 21:00,278.7129,10.7218,12.8384,334.0198,185.3619,116.6617,162.0512,3457.0485,148.1693
1050,11/12/2019 22:00,368.3325,9.788,2.874,364.8933,233.6884,213.2772,155.0553,4437.7951,194.8437
1051,11/12/2019 23:00,369.7477,8.3552,1.7528,366.2713,273.1077,198.6438,171.1039,5267.2917,242.8337
1052,12/12/2019 0:00,285.442,11.6299,3.7151,402.2158,296.1862,130.913,154.529,4062.7258,258.8323
1053,12/12/2019 1:00,204.5942,11.8655,4.4509,661.2105,538.3329,59.4103,145.1839,3722.9925,446.1127
1054,12/12/2019 19:00,324.8374,22.0853,27.4488,381.2545,224.6762,76.5816,248.2558,2456.1309,187.6346
1055,12/12/2019 20:00,201.0263,24.4684,29.1242,323.0793,229.0664,21.4348,179.5915,2013.1482,200.9132
1056,12/12/2019 21:00,94.6214,19.1394,62.9462,215.4002,134.6132,5.7568,88.8646,1134.1145,116.8035
1057,12/12/2019 22:00,66.9181,11.4134,65.5187,161.9886,111.1565,3.1097,63.8084,1085.2778,98.8979
1058,12/12/2019 23:00,122.3151,10.9768,26.9679,193.9252,142.8664,9.1756,113.1395,1250.3126,127.4989
1059,00:00 13/12/2019,138.0605,11.1083,21.5925,202.4458,161.4412,10.974,127.0864,1445.6597,146.357
1060,01:00 13/12/2019,88.6842,10.4065,25.8212,248.989,214.8461,5.7636,82.9206,1722.765,198.6587
1061,21:00 13/12/2019,215.4203,8.7993,14.2045,523.7736,236.7905,45.4483,169.9719,3530.208,184.0903
1062,22:00 13/12/2019,204.5318,8.681,6.3215,316.4862,216.2405,27.4148,177.117,2750.3029,189.4698
1063,23:00 13/12/2019,92.5573,7.4142,16.1796,168.2456,129.3193,6.1141,86.4432,1011.8056,115.9138
1064,00:00 14/12/2019,87.8669,6.5486,10.921,132.6121,104.8139,6.0881,81.7789,898.368,93.9887
1065,01:00 14/12/2019,110.4263,5.6611,4.0876,115.385,92.5231,20.1296,90.2966,1007.8977,82.741
1066,23:00 14/12/2019,156.8514,10.357,5.4161,186.0509,138.6553,61.6253,95.2262,2054.3334,121.3143
1067,00:00 15/12/2019,188.1346,9.6398,5.6855,190.7552,144.9863,99.9253,88.2093,2243.1075,127.2883
1068,01:00 15/12/2019,171.4771,8.4721,5.4796,178.6392,139.9413,95.8248,75.6522,2260.9468,123.3162
1069,00:00 16/12/2019,26.4915,6.2791,32.8746,45.1586,35.862,3.4294,23.062,264.6131,30.6855
1070,01:00 16/12/2019,25.0429,5.9614,28.1603,47.3189,37.6557,2.8544,22.1885,271.1174,32.4674
1071,01:00 17/12/2019,41.2468,7.0416,14.1474,76.1217,61.5325,4.9214,36.3254,459.2969,54.6421
1072,01:00 18/12/2019,20.2868,7.1309,23.5181,31.8315,24.5996,2.6917,17.5951,238.2031,21.1127
1073,01:00 19/12/2019,43.9867,8.7707,12.4139,77.8544,63.5418,5.9124,38.0743,653.9583,55.9416
1074,1/1/2020 14:00,50.4945,7.7887,45.0923,135.3358,103.1002,3.7386,46.7559,1135.833,93.2711
1075,1/1/2020 15:00,57.8031,8.5895,57.8262,148.6526,107.275,5.2087,52.5944,1104.8958,96.6239
1076,1/1/2020 16:00,67.595,8.6543,54.5432,127.5607,85.0692,5.2353,62.3597,926.7188,74.7228
1077,1/1/2020 17:00,78.8648,8.0477,47.502,154.1864,85.5898,6.8846,71.9801,885.2257,71.4636
1078,1/1/2020 18:00,95.4338,7.4837,39.2568,147.2982,83.8626,19.5257,75.9081,963.2639,70.2895
1079,1/1/2020 19:00,84.6738,7.1746,29.1728,202.4597,109.5862,6.3816,78.2922,1266.3021,90.3637
1080,1/1/2020 20:00,71.8679,7.1202,22.7822,202.0094,108.5409,6.0598,65.8082,1286.7535,90.8106
1081,1/1/2020 21:00,76.9765,6.9895,12.0103,182.8279,115.9373,5.7058,71.2707,1452.257,99.8049
1082,1/1/2020 22:00,100.7157,6.8207,6.4534,183.6883,131.6835,20.1404,80.5753,1753.6459,117.4015
1083,1/1/2020 23:00,111.2992,6.771,6.8064,191.4602,142.1617,23.9611,87.3381,1774.5487,126.4713
1084,2/1/2020 0:00,115.6285,6.4843,4.9807,180.8313,143.0001,31.9261,83.7025,1897.0659,129.6315
1085,2/1/2020 1:00,123.8153,6.2447,4.5378,176.1079,140.8395,38.343,85.4724,1609.6528,127.8429
1086,2/1/2020 2:00,103.3171,6.2384,5.3069,160.098,126.6637,15.7223,87.5948,1317.2569,113.9863
1087,2/1/2020 3:00,80.8386,7.1571,13.2104,630.6122,531.2979,10.377,70.4616,1377.6216,447.9432
1088,2/1/2020 4:00,60.5459,6.8132,18.3378,143.4053,117.3778,5.3096,55.2363,1125.191,105.0147
1089,2/1/2020 5:00,68.4413,7.1178,8.4529,151.063,125.8656,8.2135,60.2278,1384.2708,112.8763
1090,2/1/2020 6:00,90.1057,7.4213,6.4713,144.3213,119.8598,29.6987,60.407,1534.6527,108.3572
1091,2/1/2020 7:00,63.0152,7.0161,8.0148,123.5977,103.8289,7.3912,55.624,1264.3055,94.3669
1092,2/1/2020 8:00,95.3199,6.7178,5.3027,119.8081,104.5117,40.3746,54.9454,1359.6005,94.9973
1093,2/1/2020 9:00,113.8493,6.2686,6.0921,128.6085,99.4571,53.488,60.3614,1913.0209,89.2931
1094,2/1/2020 10:00,130.8905,6.3583,7.3118,156.203,107.0486,51.5941,79.2964,1613.7673,92.1325
1095,2/1/2020 11:00,131.0353,6.9875,9.3715,141.7871,78.1435,39.6951,91.3402,1203.3159,63.3504
1096,2/1/2020 12:00,123.6332,7.3756,14.0932,127.635,80.2394,36.1283,87.505,1002.5696,67.4709
1097,2/1/2020 13:00,104.4725,9.4531,27.6572,122.1739,64.5283,24.1794,80.2931,730.8507,52.46
1098,2/1/2020 14:00,76.0675,10.5423,45.0854,128.4097,66.462,10.1706,65.8969,666.5451,54.0445
1099,2/1/2020 15:00,62.3999,10.1435,65.7508,127.1729,63.7139,5.8712,56.5286,586.1805,50.7419
1100,2/1/2020 16:00,66.07,8.6714,64.287,121.7066,57.8652,7.9957,58.0743,508.4722,45.3048
1101,2/1/2020 17:00,93.492,7.2751,57.8071,174.7915,60.4651,15.2012,78.2908,747.2222,40.6079
1102,2/1/2020 18:00,81.4779,7.6338,50.8736,200.616,66.7153,9.3999,72.078,893.4201,44.177
1103,2/1/2020 19:00,107.215,7.4201,29.5317,217.2162,85.849,25.5021,81.713,901.0243,63.2562
1104,2/1/2020 20:00,80.2176,6.5187,18.6917,144.7495,66.4551,12.0047,68.213,817.1759,51.1826
1105,3/1/2020 19:00,-2004.6201,-1994.4352,-1969.4048,-1911.1225,-1969.1592,-1999.7182,-2004.7019,-2355.9787,-1980.6284
1106,3/1/2020 20:00,47.749,6.2713,28.6888,126.5194,51.1458,11.8011,35.9479,368.7847,36.8003
1107,3/1/2020 21:00,36.1854,6.3015,34.9973,94.4934,45.6253,4.0403,32.1451,386.7188,34.5727
1108,3/1/2020 22:00,26.2352,5.9397,43.3594,56.3535,27.7484,2.5417,23.6935,320.1042,20.6381
1109,3/1/2020 23:00,27.4628,5.8888,40.2738,49.6658,30.2866,2.2471,25.2157,335.3766,24.2083
1110,4/1/2020 0:00,39.0661,6.3019,32.9076,49.3245,30.4417,3.2832,35.783,352.9861,24.4636
1111,4/1/2020 1:00,29.3246,6.0501,41.2385,52.439,34.9187,2.3428,26.9819,351.4236,28.9976
1112,4/1/2020 2:00,29.9328,6.1013,40.3199,59.5879,43.0978,2.1045,27.8283,395.6771,36.4837
1113,4/1/2020 3:00,21.4519,6.8958,44.9095,48.7258,38.3856,1.7461,19.7058,447.2917,33.3388
1114,4/1/2020 4:00,20.7956,7.2819,42.8668,45.5008,36.2193,2.0104,18.7853,374.3229,31.6906
1115,4/1/2020 5:00,28.415,7.3685,34.1219,52.3464,41.9769,2.8121,25.6028,314.2361,37.0757
1116,4/1/2020 6:00,40.0528,7.146,28.4239,64.5736,51.0568,6.0756,33.9772,439.566,44.3637
1117,4/1/2020 7:00,90.3929,8.8056,23.0789,69.4882,56.1317,29.0553,61.3376,1554.3402,49.9175
1118,4/1/2020 19:00,41.8828,6.6418,33.3538,66.3238,26.1519,42.7072,-0.8244,144.9348,18.1896
1119,4/1/2020 20:00,76.6103,5.3851,14.1992,73.1488,49.1809,15.7018,60.9085,761.8055,42.3526
1120,4/1/2020 21:00,61.1435,5.7573,17.2678,69.2818,44.3979,10.2985,50.8451,676.059,37.6656
1121,4/1/2020 22:00,57.2439,6.2106,16.571,59.1323,40.2298,10.4241,46.8198,726.4236,34.4391
1122,4/1/2020 23:00,69.8908,6.52,11.4523,51.2181,38.0125,14.4936,55.3972,686.8924,33.1794
1123,5/1/2020 0:00,87.5133,6.4596,7.0874,60.8434,43.0424,30.5678,56.9454,728.9757,36.357
1124,5/1/2020 1:00,110.9935,6.7853,5.0783,100.2192,75.2371,63.778,47.2155,675.7118,62.2019
1125,5/1/2020 2:00,97.6867,6.5017,5.5042,59.5453,47.3393,58.5532,39.1335,712.0833,41.5937
1126,5/1/2020 3:00,98.2231,6.1184,5.7191,57.263,44.4673,59.091,39.1321,782.5,39.1346
1127,5/1/2020 4:00,86.9998,5.9448,5.9694,88.7808,63.5906,33.9033,53.0965,676.0764,53.9008
1128,5/1/2020 5:00,55.6362,6.4004,7.9101,76.4377,61.6965,7.3179,48.3184,519.809,54.7769
1129,5/1/2020 6:00,54.3237,9.5576,8.3,76.1102,64.2604,9.1848,45.1389,787.4305,57.0005
1130,5/1/2020 7:00,40.5614,11.8916,9.3935,52.8577,44.7428,4.9245,35.6369,681.9792,40.1934
1131,5/1/2020 20:00,-4999.5168,-4995.0962,-4967.6262,-4999.5,-4999.5,-4994.583,-5004.4338,-5325.3929,-4999.5
1132,5/1/2020 21:00,27.5179,5.6362,21.8232,64.2324,48.8483,4.2242,23.2938,221.9618,43.927
1133,5/1/2020 22:00,24.0674,5.7144,36.9001,49.0426,35.7789,3.0524,21.015,390.5208,31.3579
1134,5/1/2020 23:00,21.1677,6.0525,44.2872,37.3586,28.6887,2.0692,19.0985,345.9722,25.1565
1135,6/1/2020 0:00,20.1625,6.1351,48.7396,49.2425,37.7425,1.6871,18.4754,338.0729,33.2521
1136,6/1/2020 1:00,27.6787,6.2586,41.526,127.8191,115.1075,2.1101,25.5686,418.4375,106.4457
1137,6/1/2020 2:00,20.3232,6.0799,46.3912,71.2621,61.1307,1.6752,18.648,278.7326,54.9864
1138,6/1/2020 3:00,24.3531,6.0918,38.1258,58.2786,48.9454,1.7833,22.5698,287.7604,43.062
1139,6/1/2020 4:00,36.0145,7.9456,27.2328,116.8744,104.4466,2.8866,33.1279,566.1632,96.3355
1140,6/1/2020 5:00,27.0632,10.2531,28.6448,115.0812,103.2221,2.4461,24.6172,365.6424,95.0067
1141,6/1/2020 6:00,30.3812,8.5462,25.1683,53.7144,45.2094,2.6422,27.739,329.4444,40.9315
1142,6/1/2020 7:00,41.5764,8.2253,20.5847,58.2425,48.1037,6.4478,35.1285,538.8715,42.872
1143,6/1/2020 8:00,47.3974,8.6539,21.0056,55.8335,44.9378,3.886,43.5114,644.7743,40.0222
1144,6/1/2020 9:00,81.3048,7.5865,20.7335,60.0354,42.03,17.4248,63.88,746.0764,36.3932
1145,6/1/2020 10:00,99.8579,7.4249,19.4343,85.3325,53.7265,27.926,71.9319,892.7604,45.2772
1146,6/1/2020 11:00,108.2306,7.6668,18.55,88.2167,53.5425,33.0693,75.1613,858.5589,45.2062
1147,6/1/2020 12:00,73.5676,8.0731,34.7773,70.9236,43.043,15.2954,58.2723,575.9028,36.1434
1148,6/1/2020 13:00,61.379,8.8028,49.6703,50.2424,30.6202,14.681,46.698,376.1806,25.0382
1149,6/1/2020 14:00,25.1707,8.7202,63.37,50.5191,24.6208,3.0785,22.0922,286.1285,18.8707
1150,6/1/2020 15:00,30.6689,9.0269,62.3792,64.0376,26.5882,4.4093,26.2595,276.7014,18.4182
1151,6/1/2020 16:00,39.3364,8.4318,60.5722,94.782,27.3775,7.2341,32.1023,275.4514,15.9039
1152,6/1/2020 17:00,57.7358,7.0733,51.5011,99.4295,29.9319,13.1657,44.5701,322.7083,17.8636
1153,6/1/2020 18:00,48.3011,7.5647,48.3672,86.7802,23.9771,13.3364,34.9648,314.6354,13.0229
1154,6/1/2020 19:00,78.6532,7.9071,23.9641,117.9912,33.6227,17.5008,61.1524,612.5173,18.743
1155,6/1/2020 20:00,63.1047,7.0205,21.491,112.682,45.8266,8.8215,54.2832,662.309,32.3364
1156,6/1/2020 21:00,48.9176,6.2868,24.0727,107.642,53.4609,6.9287,41.9889,565.0868,42.6994
1157,6/1/2020 22:00,35.0099,6.41,31.6366,64.7218,36.6921,4.4469,30.5629,430.9549,29.7041
1158,6/1/2020 23:00,30.0071,6.3059,29.5424,50.0585,33.9637,3.3057,26.7014,434.7917,28.5455
1159,7/1/2020 0:00,25.2845,6.4676,29.5669,42.1703,32.2847,1.8658,23.4187,370.6944,27.4363
1160,7/1/2020 1:00,30.6187,6.8723,29.0615,60.1274,45.0421,2.5536,28.0651,412.5174,38.3909
1161,7/1/2020 2:00,30.7976,7.0046,31.1318,91.0023,77.8767,3.7983,26.9993,433.9063,69.4026
1162,7/1/2020 3:00,22.3936,7.382,31.7116,116.1063,104.5681,1.9411,20.4524,381.8924,95.21
1163,7/1/2020 4:00,31.3164,7.4483,27.7268,65.0492,53.8309,4.5379,26.7785,311.9444,46.8304
1164,7/1/2020 5:00,47.9398,7.7367,19.4424,84.2198,66.5681,8.9797,38.9601,488.7326,56.662
1165,7/1/2020 6:00,62.0912,8.5061,10.092,56.4208,45.2985,8.6136,53.4776,420.3819,39.2083
1166,7/1/2020 7:00,86.9509,8.6896,8.1464,52.3068,41.8848,25.3292,61.6217,505.0694,36.5397
1167,7/1/2020 8:00,123.4575,9.1663,7.8589,50.052,37.9173,59.8425,63.6149,744.1319,32.0443
1168,7/1/2020 9:00,168.31,9.8706,7.9514,69.1335,52.6369,105.3757,62.9343,1352.3263,45.0371
1169,7/1/2020 10:00,162.2658,10.1717,8.1095,79.7017,62.6552,104.9566,57.3092,1307.6909,54.7391
1170,7/1/2020 11:00,211.7928,11.722,7.6452,76.0664,52.3713,136.1639,75.6288,1140.7118,43.5853
1171,7/1/2020 12:00,144.5013,12.3409,7.3521,58.9686,41.7879,67.5388,76.9624,846.6098,34.9913
1172,7/1/2020 13:00,159.1456,12.6429,6.8401,60.0259,39.0044,68.1079,91.0376,774.9243,31.6839
1173,7/1/2020 14:00,87.4708,10.8736,23.8259,64.1187,40.7984,17.2915,70.1793,594.394,32.6425
1174,7/1/2020 15:00,70.4785,10.3896,45.6443,62.1807,41.1045,9.3437,61.1348,613.8068,33.8311
1175,7/1/2020 16:00,76.0186,10.7142,75.5323,80.5188,51.9466,5.9585,70.0601,963.9394,43.7656
1176,7/1/2020 17:00,91.5283,8.996,62.625,96.0409,60.461,7.7935,83.7347,1191.0797,51.3084
1177,7/1/2020 18:00,137.9569,8.7421,32.4418,129.5201,74.7502,24.747,113.2099,1551.1553,63.0135
1178,7/1/2020 19:00,134.5518,7.8282,21.8716,137.3695,80.9049,24.0778,110.4741,1759.091,68.4014
1179,7/1/2020 20:00,182.9628,7.6171,10.351,179.7492,116.6547,69.7588,113.204,2048.8635,99.9378
1180,7/1/2020 21:00,148.6249,7.4533,7.0349,165.6733,111.5314,55.9777,92.6472,2325.8523,95.1773
1181,7/1/2020 22:00,144.1346,7.1123,8.046,160.0841,115.679,55.1662,88.9684,2069.8295,100.5572
1182,7/1/2020 23:00,129.9645,7.0486,8.5067,139.3173,104.9287,59.9997,69.9648,1610.5871,91.9733
1183,8/1/2020 0:00,99.8189,8.0938,6.1478,125.8684,94.2254,43.6759,56.143,1423.731,82.1539
1184,8/1/2020 1:00,53.1075,9.4397,7.9103,75.9228,57.1952,6.983,46.1244,592.8977,49.1222
1185,8/1/2020 2:00,44.7853,8.2459,10.9261,65.6274,46.9636,5.5533,39.232,535.7386,39.3659
1186,8/1/2020 3:00,47.4923,7.6475,10.2319,70.3812,49.0166,3.9761,43.5162,574.2045,41.1852
1187,8/1/2020 4:00,38.5945,7.472,11.2365,70.4506,56.692,3.3703,35.2242,439.9621,50.2365
1188,8/1/2020 5:00,59.7803,7.8897,7.8025,132.0606,111.3186,9.4318,50.3485,521.0038,100.697
1189,8/1/2020 6:00,47.4203,8.1805,9.9266,96.5138,78.6478,6.6094,40.8108,570.5492,70.112
1190,8/1/2020 7:00,66.3374,13.0888,8.446,89.2401,68.1642,19.6042,46.7332,867.2538,58.7082
1191,8/1/2020 8:00,62.8067,15.2468,7.5622,84.939,66.2192,16.8525,45.9542,760.1705,57.5186
1192,8/1/2020 9:00,113.6185,12.2616,7.0628,83.1419,58.4682,61.9293,51.6892,1056.0227,50.0758
1193,8/1/2020 10:00,128.66,10.8624,7.0959,84.3676,51.5,67.1697,61.4902,1102.0076,42.5781
1194,8/1/2020 11:00,94.4352,9.8202,12.0508,68.6439,41.8482,38.4702,55.965,700.8712,35.3004
1195,8/1/2020 12:00,70.6947,10.1257,18.7646,60.6352,34.2066,21.8966,48.7981,484.5454,28.2053
1196,8/1/2020 13:00,60.0426,10.7952,31.8852,60.8125,31.2388,13.442,46.6006,468.7311,24.4446
1197,8/1/2020 14:00,61.0661,11.8989,41.0641,61.4732,27.6767,16.8665,44.1996,327.803,20.8565
1198,8/1/2020 15:00,51.4918,10.7861,47.9019,71.4642,25.1261,10.5618,40.93,345.4924,16.4473
1199,8/1/2020 16:00,52.0445,9.5949,49.7137,76.419,23.6505,9.6374,42.407,242.5,14.2734
1200,8/1/2020 17:00,49.1518,7.5209,52.0463,112.7234,30.1438,7.7298,41.422,328.7311,16.0776
1201,8/1/2020 18:00,52.9723,8.1328,44.0906,112.3394,31.6934,9.6133,43.359,360.2273,18.1822
1202,8/1/2020 19:00,62.4519,8.5804,44.2364,109.3514,34.319,14.1098,48.3421,458.6174,21.584
1203,8/1/2020 20:00,53.436,7.8897,41.8294,104.4759,40.707,6.166,47.27,508.3144,28.7991
1204,8/1/2020 21:00,47.8589,7.7636,43.5474,90.4283,44.3812,4.7769,43.082,491.7235,35.4081
1205,8/1/2020 22:00,40.0701,10.4858,44.3098,69.9625,41.3199,2.477,37.5932,558.5985,34.2141
1206,8/1/2020 23:00,50.2536,8.1813,26.9927,77.686,47.0221,2.866,47.3876,603.6932,38.8262
1207,9/1/2020 0:00,30.1179,7.1054,41.2284,50.0391,33.5029,2.2246,27.8933,375.2273,28.2297
1208,9/1/2020 1:00,24.848,6.8428,54.1484,40.4097,29.3319,1.2239,23.6241,272.5568,25.2584
1209,9/1/2020 2:00,19.1512,6.864,58.852,36.2544,29.2867,0.9886,18.1626,225.4167,25.6696
1210,9/1/2020 3:00,21.6082,6.8536,55.3176,38.7662,29.9063,1.1142,20.4939,233.5795,25.932
1211,9/1/2020 4:00,25.2135,7.1977,46.6057,49.5869,41.6179,1.4082,23.8052,467.803,36.9078
1212,9/1/2020 5:00,41.4843,12.4787,36.6106,91.6466,72.7502,6.0058,35.4785,542.8409,62.2185
1213,9/1/2020 6:00,31.8141,12.09,38.2594,75.4044,59.378,2.1142,29.6999,465.5492,49.6765
1214,9/1/2020 7:00,36.7046,11.8976,37.9847,50.5487,39.2565,3.5202,33.1844,406.1667,34.5806
1215,9/1/2020 20:00,-809.6333,-826.3538,-807.3881,-734.2975,-779.3946,-828.9048,-813.9785,-672.9501,-789.4236
1216,9/1/2020 21:00,48.1686,7.2227,27.9513,89.2563,52.3092,6.4359,41.7327,613.8194,43.2327
1217,9/1/2020 22:00,42.4639,7.3415,22.3039,76.716,48.213,4.8897,37.5742,691.5451,40.3117
1218,9/1/2020 23:00,35.5256,8.8696,22.1625,58.7928,40.5851,4.4069,31.1187,602.691,34.3033
1219,10/1/2020 0:00,30.6381,9.5949,28.0608,77.8773,52.4551,3.345,27.2931,535.6944,43.2628
1220,10/1/2020 1:00,28.2597,17.1759,27.8861,86.7545,71.0601,3.3552,24.9045,675.0868,61.9177
1221,10/1/2020 2:00,29.0939,20.6166,24.8278,87.5671,70.3843,2.6595,26.4344,459.3056,60.6587
1222,10/1/2020 3:00,24.2214,13.9,27.1929,57.7061,47.1932,2.3657,21.8557,305.7118,41.4092
1223,10/1/2020 4:00,26.2536,12.1336,23.876,65.5461,54.7817,2.4814,23.7722,413.4722,47.2386
1224,10/1/2020 5:00,25.7715,12.3989,23.2527,69.3024,59.1584,3.028,22.7435,385.7465,52.4369
1225,10/1/2020 6:00,42.6611,11.1397,14.5882,101.0035,85.9541,6.3335,36.3276,508.125,76.315
1226,10/1/2020 7:00,44.6827,11.1842,17.544,66.4029,51.0888,5.2915,39.3912,562.5694,44.557
1227,10/1/2020 20:00,-881.2919,-900.2541,-892.0679,-815.7808,-870.5298,-901.3378,-888.9541,-646.2902,-881.1026
1228,10/1/2020 21:00,45.1014,8.5045,19.6317,86.6056,42.7871,7.5671,37.5343,461.4757,33.2912
1229,10/1/2020 22:00,34.903,8.4616,18.9117,73.6096,38.576,5.4988,29.4042,693.6111,30.6238
1230,10/1/2020 23:00,30.973,18.2305,16.4121,60.3408,38.4869,4.0325,26.9405,832.3979,31.6072
1231,11/1/2020 0:00,37.2856,38.6148,13.2765,72.147,49.1652,5.0658,32.2198,825.6944,41.0862
1232,11/1/2020 1:00,40.565,19.5727,11.4704,78.0752,61.8383,4.7855,35.7795,530.0694,54.9951
1233,11/1/2020 2:00,40.8431,40.3359,11.7401,112.0348,93.6148,6.0775,34.7657,947.9513,83.1146
1234,11/1/2020 3:00,31.8928,20.2369,13.959,116.7731,100.7144,4.4836,27.4092,378.9168,89.192
1235,11/1/2020 4:00,22.6398,15.3352,18.4075,57.7301,50.3279,2.7131,19.9267,421.5278,44.7019
1236,11/1/2020 5:00,24.6228,22.3787,18.1441,65.4085,57.6653,3.0492,21.5736,504.2361,51.269
1237,11/1/2020 6:00,27.4079,16.9979,16.6169,52.2086,44.4458,3.0312,24.3767,312.0312,39.8631
1238,11/1/2020 7:00,27.8339,14.478,15.3927,38.1105,30.9849,3.5294,24.3045,291.1111,27.0914
1239,11/1/2020 19:00,-805.818,-810.9559,-816.6364,-661.0867,-793.3153,-818.0876,-820.9804,-253.2789,-811.7239
1240,11/1/2020 20:00,41.0948,18.559,10.1816,192.7531,38.8011,17.1075,23.9873,895.9722,18.2227
1241,11/1/2020 21:00,25.965,12.24,14.4063,157.5495,32.3426,6.4234,19.5415,783.2465,15.2892
1242,11/1/2020 22:00,17.7025,10.354,18.5131,37.7913,15.5803,3.482,14.2205,708.0382,11.611
1243,11/1/2020 23:00,17.3534,10.1526,18.1322,31.4939,13.7696,3.6215,13.7318,662.1007,10.3575
1244,12/1/2020 0:00,14.0431,9.5905,22.2777,29.9228,13.5794,1.8648,12.1782,640.7465,10.407
1245,12/1/2020 1:00,12.5849,9.1977,30.1544,26.3213,13.6934,1.578,11.0069,610.1562,10.7032
1246,12/1/2020 2:00,9.428,8.0628,37.7573,32.1974,17.9882,0.8286,8.5994,603.5069,14.6877
1247,12/1/2020 3:00,9.338,7.3879,36.3554,18.8326,14.5557,0.7919,8.5461,636.1458,12.8278
1248,12/1/2020 4:00,9.5778,7.2636,35.1006,26.4729,17.5753,0.9114,8.6665,657.3437,14.4958
1249,12/1/2020 5:00,9.4471,7.0348,35.8012,33.3575,27.0357,0.7826,8.6645,646.4236,23.8757
1250,12/1/2020 6:00,11.8323,7.6604,33.6362,22.6797,17.0481,1.562,10.2703,665.9028,15.2886
1251,12/1/2020 7:00,20.2701,9.4813,28.2114,20.4098,15.8886,5.2063,15.0638,716.5625,14.3738
1252,12/1/2020 8:00,32.5889,11.8408,23.8334,22.9442,15.7977,10.8265,21.7624,746.1979,13.7368
1253,12/1/2020 9:00,63.4104,15.7244,20.0439,58.3283,22.2979,27.4406,35.9698,902.2743,16.6176
1254,12/1/2020 10:00,58.928,13.4289,17.8964,54.8815,22.8263,24.6562,34.2718,962.9861,17.8542
1255,12/1/2020 11:00,51.6793,11.4384,25.0436,55.6152,25.0847,19.6371,32.0421,920.7639,20.2508
1256,12/1/2020 12:00,51.692,10.1713,29.2865,66.8431,24.3424,19.3113,32.3807,830.2951,18.2339
1257,12/1/2020 13:00,66.3832,9.9369,32.0962,62.2074,23.7103,27.1173,39.2659,834.4097,17.9706
1258,12/1/2020 14:00,30.8901,11.7343,46.7951,61.6783,25.4017,7.6896,23.2005,749.5139,19.6964
1259,12/1/2020 15:00,33.9399,11.5266,52.416,57.4982,22.6622,6.6648,27.2751,787.8472,16.642
1260,12/1/2020 16:00,50.8243,13.6871,52.7148,74.7214,24.2736,13.427,37.3973,788.6979,15.9846
1261,12/1/2020 17:00,77.9137,17.9167,44.1622,95.3454,31.7199,22.3938,55.5199,1030.5556,21.3183
1262,12/1/2020 18:00,94.735,11.3375,33.287,125.1675,39.3212,30.1969,64.5381,1002.3437,25.3735
1263,12/1/2020 19:00,67.1778,9.6573,36.4709,190.8606,57.4491,13.6023,53.5755,1226.3194,36.9026
1264,12/1/2020 20:00,79.8319,8.8747,24.9055,158.1382,56.3913,15.4846,64.3473,1207.8298,37.7313
1265,12/1/2020 21:00,64.2486,8.0946,24.465,143.7484,67.4665,9.6365,54.6122,1228.559,52.9612
1266,12/1/2020 22:00,72.3684,9.0042,13.2446,128.2483,64.0275,8.7988,63.5696,1267.2048,51.2095
1267,12/1/2020 23:00,64.3987,9.3895,14.5096,105.8531,62.3197,7.3508,57.0479,1152.9166,52.7027
1268,00:00 13/01/2020,52.145,9.3435,15.5942,89.3776,51.3302,3.2858,48.8592,1001.9444,42.2906
1269,01:00 13/01/2020,58.1436,8.4795,11.5862,68.2082,48.5142,5.1757,52.9678,966.1285,42.7484
1270,02:00 13/01/2020,69.0271,12.2936,6.8814,88.6036,57.5775,4.792,64.2351,1065.5903,49.4124
1271,03:00 13/01/2020,64.5666,19.8627,8.2815,96.6595,68.0076,4.3042,60.2624,1072.7778,59.5187
1272,04:00 13/01/2020,44.3813,13.5639,12.2502,103.7431,78.695,2.5907,41.7906,975.1736,68.8304
1273,05:00 13/01/2020,45.3487,11.5528,10.6043,93.8249,67.186,4.5234,40.8252,922.8299,58.3806
1274,06:00 13/01/2020,35.442,10.153,13.6527,76.0785,56.6187,3.4116,32.0304,933.802,50.2727
1275,07:00 13/01/2020,68.1102,37.1824,17.619,92.1799,70.0051,32.986,35.1243,1424.7048,62.797
1276,08:00 13/01/2020,112.0994,69.5548,12.5886,112.6912,82.1355,61.1319,50.9674,1920.7638,73.3137
1277,09:00 13/01/2020,133.2803,39.2698,4.2952,121.5043,83.7872,75.107,58.1733,2026.0591,74.3978
1278,10:00 13/01/2020,106.4003,21.5911,5.6075,106.829,79.3856,49.6839,56.7164,1817.5208,70.7352
1279,11:00 13/01/2020,100.1781,16.4534,17.7782,126.3218,98.3911,46.2764,53.9017,1314.623,87.2301
1280,12:00 13/01/2020,102.5139,21.3382,7.1648,136.8159,110.6507,44.6528,57.8612,1250.4629,100.4754
1281,13:00 13/01/2020,81.6907,14.518,9.6776,95.4321,71.9376,29.0451,52.6456,1013.4849,65.1059
1282,14:00 13/01/2020,84.4394,14.4434,8.8688,141.5745,99.0748,30.7774,53.662,1058.0871,88.2015
1283,15:00 13/01/2020,78.1232,13.4663,9.9916,106.3785,76.1353,25.1309,52.9923,970.2272,66.2972
1284,16:00 13/01/2020,82.6694,15.4687,10.1643,130.9868,90.8371,21.8377,60.8317,1039.5454,78.7192
1285,17:00 13/01/2020,112.8035,14.7416,7.7002,135.8083,82.301,42.4092,70.3943,1198.2576,69.1511
1286,18:00 13/01/2020,95.584,14.2458,7.0687,139.9705,93.0219,23.5558,72.0282,1182.2349,79.8443
1287,19:00 13/01/2020,95.4885,13.2886,6.0348,148.4188,96.5294,26.0618,69.4268,1212.0833,83.1745
1288,20:00 13/01/2020,96.6492,13.4901,5.6273,123.4526,82.6836,28.7073,67.942,1206.4775,71.6831
1289,21:00 13/01/2020,103.9934,12.3786,5.4984,107.049,75.479,41.1031,62.8904,1244.7348,66.0611
1290,22:00 13/01/2020,117.9666,14.128,5.8283,154.5378,108.56,45.8451,72.1215,1442.6703,94.8007
1291,23:00 13/01/2020,124.9691,15.1285,5.9017,149.2522,105.3008,56.2205,68.7486,1463.6554,90.6836
1292,00:00 14/01/2020,125.628,14.9556,5.7842,202.7515,140.0595,60.2803,65.3477,1416.8938,112.2706
1293,01:00 14/01/2020,120.9344,12.9926,5.3107,118.0188,81.8312,47.3278,73.6066,1234.337,69.6903
1294,02:00 14/01/2020,101.3053,12.074,5.4965,117.7488,87.8027,37.0185,64.2868,1216.3258,75.8235
1295,03:00 14/01/2020,98.1391,11.5631,7.8492,127.4869,91.2729,38.9307,59.2084,1127.1402,77.4588
1296,04:00 14/01/2020,89.4643,11.918,8.272,149.381,118.8942,34.4743,54.9899,1129.2805,106.0108
1297,05:00 14/01/2020,81.0136,11.2086,5.6653,134.9847,103.9374,29.8485,51.1651,1287.8789,91.9121
1298,06:00 14/01/2020,81.6938,10.8299,5.4413,140.2623,105.0184,32.1476,49.5462,1167.8977,91.7861
1299,07:00 14/01/2020,73.9812,15.2867,5.8517,126.9034,102.5017,28.0338,45.9474,1179.3938,91.4274
1300,08:00 14/01/2020,59.3792,14.5006,5.1568,124.2791,100.669,17.2681,42.111,1183.5605,90.2541
1301,09:00 14/01/2020,112.0341,12.2846,5.7718,167.1907,129.7225,66.1493,45.8848,1525.2084,117.5257
1302,10:00 14/01/2020,66.412,11.5639,7.0381,172.3051,127.2758,21.8676,44.5444,1384.1665,114.705
1303,11:00 14/01/2020,91.2427,13.5278,9.1993,226.7112,165.9081,33.1313,58.1114,1552.6704,148.489
1304,12:00 14/01/2020,110.0452,15.743,11.431,165.6438,119.9107,34.4343,75.6109,1354.9432,105.2565
1305,13:00 14/01/2020,141.9217,18.5519,17.296,203.2495,138.1827,43.2637,98.658,1496.9508,117.9577
1306,14:00 14/01/2020,127.7261,19.838,27.7366,208.0833,148.6081,24.8767,102.8494,1433.163,124.9108
1307,15:00 14/01/2020,129.0028,15.4674,31.9492,237.2088,166.2911,20.8821,108.1207,1434.5076,134.5313
1308,16:00 14/01/2020,152.4708,13.4429,33.8915,230.8074,169.1505,22.6381,129.8327,1639.8295,139.7383
1309,17:00 14/01/2020,142.015,11.7641,52.7999,236.5491,175.6581,8.9656,133.0494,1943.75,146.5432
1310,18:00 14/01/2020,204.2459,10.1703,28.3714,261.8911,191.2064,25.9357,178.3102,2631.9317,160.3821
1311,19:00 14/01/2020,168.7815,9.922,18.8743,307.9349,212.2603,17.5262,151.2553,2245.6628,181.3925
1312,20:00 14/01/2020,176.8916,11.635,11.0881,314.2366,238.6575,33.6904,143.2011,2474.4886,207.7273
1313,21:00 14/01/2020,174.6676,10.7289,6.0991,252.4573,198.6518,50.5958,124.0719,2521.7803,172.5914
1314,22:00 14/01/2020,71.4476,9.2733,20.7637,96.4687,73.053,6.9922,64.4555,849.2992,63.9912
1315,23:00 14/01/2020,61.8893,8.9475,18.5883,96.9323,71.818,3.9089,57.9804,843.5227,63.0311
1316,00:00 15/01/2020,57.5024,9.5788,19.0233,98.7702,74.1361,3.8279,53.6744,869.1099,64.6537
1317,01:00 15/01/2020,46.3782,9.6885,22.2408,124.4298,102.647,3.0743,43.3039,782.0644,92.1495
1318,02:00 15/01/2020,42.0483,9.0155,22.1063,110.3287,93.7939,3.0836,38.9647,814.7159,85.0764
1319,03:00 15/01/2020,37.1536,9.4341,25.5699,135.0132,120.9296,2.6449,34.5088,815.7008,110.0244
1320,04:00 15/01/2020,26.1009,9.3752,32.3119,83.8755,73.1748,1.9838,24.1171,634.2045,65.9992
1321,05:00 15/01/2020,24.4454,9.7279,33.0162,91.1062,77.7631,2.0303,22.4151,491.9697,68.824
1322,06:00 15/01/2020,21.147,9.0866,42.1405,44.2379,35.8253,2.294,18.8529,352.6326,31.6618
1323,07:00 15/01/2020,25.4848,8.9518,37.999,36.8936,28.3256,1.7833,23.7015,409.7917,24.4224
1324,19:00 15/01/2020,-1996.9511,-1993.0113,-1957.615,-1973.3396,-1988.4723,-1984.1533,-2012.5978,-2354.5917,-1991.5704
1325,20:00 15/01/2020,31.9245,7.0173,37.837,83.1893,39.1118,4.68,27.2446,427.2396,30.014
1326,21:00 15/01/2020,31.4035,7.3848,41.812,59.2505,30.3193,3.6083,27.7952,387.9861,23.2581
1327,22:00 15/01/2020,28.1011,7.2286,40.1015,45.9789,26.0819,2.6789,25.4222,443.75,19.9997
1328,23:00 15/01/2020,41.2785,8.1284,31.745,53.4231,34.3188,8.2371,33.0414,690.5035,27.8105
1329,00:00 16/01/2020,41.0184,9.759,27.0851,59.5988,34.6669,5.4834,35.5351,479.9479,26.3682
1330,01:00 16/01/2020,34.2974,8.6682,30.6765,56.181,38.391,3.484,30.8134,519.8958,31.7673
1331,02:00 16/01/2020,29.9766,8.373,33.907,57.8729,40.9623,2.7397,27.2369,422.0833,34.0929
1332,03:00 16/01/2020,29.2031,8.1963,36.0488,46.9032,34.2143,2.2426,26.9605,389.1493,28.4325
1333,04:00 16/01/2020,31.2914,8.6809,36.7158,61.6173,47.1987,2.4107,28.8807,488.5416,40.6952
1334,05:00 16/01/2020,29.7491,8.6924,37.3986,50.873,39.1121,2.3305,27.4186,463.5069,33.7514
1335,06:00 16/01/2020,49.0994,9.1552,30.3592,80.1556,65.7038,4.5419,44.5575,419.6875,58.984
1336,07:00 16/01/2020,39.2488,8.8199,31.3887,32.5531,22.6549,3.3511,35.8976,359.4097,18.8118
1337,08:00 16/01/2020,52.7278,8.4676,23.2721,48.5004,33.9758,6.1234,46.6044,595.2431,28.6743
1338,09:00 16/01/2020,84.6228,8.7484,17.6149,62.038,32.5248,20.0581,64.5646,870.2083,25.2191
1339,10:00 16/01/2020,88.9695,8.9061,24.2213,84.7851,36.9594,22.6147,66.3548,702.6562,26.7716
1340,11:00 16/01/2020,82.9557,8.3528,30.9491,73.2605,28.7374,18.364,64.5917,621.9444,20.0607
1341,12:00 16/01/2020,93.137,8.0867,28.134,84.5542,36.0879,18.5994,74.5377,748.0035,26.0098
1342,13:00 16/01/2020,84.035,7.606,34.2919,82.8008,39.0744,16.4798,67.5552,675.9201,29.4613
1343,14:00 16/01/2020,47.2494,8.4743,61.0416,71.6268,33.8137,5.9757,41.2737,485.191,25.3186
1344,15:00 16/01/2020,54.9024,9.6712,70.0172,205.3969,48.1412,9.6616,45.2408,401.1285,23.6169
1345,16:00 16/01/2020,71.7164,8.9347,56.0168,194.032,53.5975,12.4985,59.218,474.8785,30.0936
1346,17:00 16/01/2020,66.4364,7.7292,63.249,143.9181,44.0961,12.14,54.2963,443.2986,27.0427
1347,18:00 16/01/2020,51.2276,7.5226,-9159.2139,101.0988,35.3474,8.8684,42.3592,442.309,23.5479
1348,19:00 16/01/2020,64.6314,7.6513,-9999,97.3229,40.619,10.5741,54.0573,602.3438,29.9585
1349,20:00 16/01/2020,50.7281,7.0328,-9161.6783,111.3719,44.3229,7.0746,43.6535,608.8368,32.2844
1350,21:00 16/01/2020,49.029,6.5617,-9999,86.0464,42.328,5.7923,43.2367,587.2569,33.0527
1351,22:00 16/01/2020,41.2251,7.6394,-9999,79.0854,47.8202,3.5199,37.7052,712.1354,39.3348
1352,23:00 16/01/2020,26.284,10.0025,-9163.9284,71.8274,40.3825,3.2318,23.0522,658.5937,33.4721
1353,00:00 17/01/2020,20.4289,8.9379,-8329.2915,33.6884,18.2247,2.9074,17.5215,626.2153,14.8514
1354,01:00 17/01/2020,17.9941,8.6813,-9999,26.275,14.3093,1.7392,16.2548,605.0174,11.8038
1355,02:00 17/01/2020,17.0162,7.4988,-9999,23.4984,12.3327,1.5339,15.4823,599.8958,10.0227
1356,03:00 17/01/2020,18.9212,6.9558,-9999,19.3466,12.7388,2.1146,16.8066,619.0278,10.8189
1357,04:00 17/01/2020,17.3628,6.4835,-9999,22.7466,13.6243,1.5142,15.8486,625.7118,11.3326
1358,05:00 17/01/2020,17.1061,7.4241,-9999,20.1816,12.9673,1.8766,15.2296,809.9652,10.9622
1359,06:00 17/01/2020,54.136,35.8283,-9999,28.6492,18.6262,32.9219,21.2141,1136.9097,15.9929
1360,07:00 17/01/2020,54.5588,46.9922,-9999,35.4287,23.8589,31.2205,23.3383,869.132,20.6746
1361,08:00 17/01/2020,89.4672,57.9039,-9999,38.9242,24.1831,62.5501,26.9171,935.6597,20.3476
1362,09:00 17/01/2020,147.5536,50.6021,-9999,157.6574,44.2016,105.0982,42.4553,1322.8646,29.2862
1363,10:00 17/01/2020,88.1559,38.181,-9999,123.265,40.4116,59.0756,29.0804,1060.8334,28.4454
1364,11:00 17/01/2020,93.3497,34.859,-9999,91.1885,34.7454,60.6063,32.7433,1183.7152,25.9913
1365,12:00 17/01/2020,95.6529,31.6538,-9999,76.3335,34.8866,63.774,31.8789,1042.5347,27.6373
1366,13:00 17/01/2020,89.2688,25.6236,-9999,104.4259,47.1384,56.1132,33.1556,1061.3021,37.1587
1367,14:00 17/01/2020,44.0769,18.0724,-9999,73.5512,39.1521,18.1868,25.8901,907.1702,31.8627
1368,15:00 17/01/2020,73.0251,24.7473,-9999,106.2325,44.3136,33.0645,39.9606,978.2119,33.5907
1369,16:00 17/01/2020,92.7904,42.3749,-9999,124.1589,55.8489,44.7476,48.0428,992.4826,42.3807
1370,17:00 17/01/2020,131.308,51.8629,-9999,122.8931,53.1199,74.8732,56.4348,1092.3263,39.4654
1371,18:00 17/01/2020,111.2043,40.6009,-9999,170.4347,56.7176,52.7446,58.4597,1104.8785,36.8036
1372,19:00 17/01/2020,115.5485,39.6313,-9999,200.3177,69.6652,57.159,58.3895,1217.5521,46.6639
1373,20:00 17/01/2020,88.3759,22.4697,-9999,157.8451,61.1665,34.0967,54.2792,1119.7571,43.3049
1374,21:00 17/01/2020,36.1829,14.6261,-9999,154.0165,57.082,8.1332,28.0497,1012.2049,40.5319
1375,22:00 17/01/2020,24.072,11.3907,-9999,72.799,45.3915,3.7511,20.3209,868.316,37.7216
1376,23:00 17/01/2020,24.5042,9.6676,-9999,71.6713,47.7292,3.0228,21.4814,884.6354,40.7689
1377,00:00 18/01/2020,21.6052,8.9955,-9999,65.6704,44.8541,3.2173,18.3879,885.3299,38.1616
1378,01:00 18/01/2020,19.4063,8.2805,-9999,49.5093,40.2593,1.7967,17.6096,836.1632,35.5749
1379,02:00 18/01/2020,17.6612,7.6016,-9999,42.8586,36.103,1.6808,15.9804,781.5799,32.2891
1380,03:00 18/01/2020,18.9161,7.3176,-9999,34.0956,30.237,3.9675,14.9486,762.6389,27.5351
1381,04:00 18/01/2020,15.1876,6.92,-9999,29.1802,26.4193,1.7493,13.4383,739.4965,24.2404
1382,05:00 18/01/2020,17.6275,6.6134,-9999,26.5672,23.8268,2.6783,14.9491,775.0174,22.1965
1383,06:00 18/01/2020,18.0244,6.3262,-9999,24.8561,23.0711,2.5281,15.4963,788.0382,21.6496
1384,07:00 18/01/2020,23.3659,6.0433,-9999,26.6233,24.8327,5.4183,17.9477,852.6389,23.4043
1385,08:00 18/01/2020,27.839,6.1991,-9999,31.6194,29.1587,8.9268,18.9122,897.2569,27.1819
1386,09:00 18/01/2020,79.1548,6.2328,-9999,36.255,31.5593,48.1536,31.0011,1085.4861,29.2116
1387,10:00 18/01/2020,71.8952,6.3198,-9999,37.3804,32.4466,39.5313,32.3639,1120.4861,29.7818
1388,11:00 18/01/2020,115.6894,6.1303,-9999,42.0569,34.7759,77.6502,38.0392,1254.3055,31.5383
1389,12:00 18/01/2020,83.8455,6.4302,-9999,70.7558,42.4956,42.8956,40.9499,1238.542,36.1816
1390,13:00 18/01/2020,65.5259,6.1804,-9999,42.4544,35.6953,34.5647,30.9612,1092.8819,32.6526
1391,14:00 18/01/2020,70.763,6.629,-9999,48.832,39.2047,37.7319,33.0311,1069.375,35.2123
1392,15:00 18/01/2020,88.961,7.2761,-9999,62.7582,48.3317,41.3226,47.6385,1207.5378,43.0087
1393,16:00 18/01/2020,98.3238,7.3415,-9999,73.8573,56.7869,47.8812,50.4425,1173.8068,50.3018
1394,17:00 18/01/2020,50.9724,7.4919,-9999,67.9805,51.6998,20.0846,30.8878,1128.2954,45.199
1395,18:00 18/01/2020,82.4787,7.3216,-9999,70.2499,56.0298,42.6205,39.8582,1294.7158,49.2926
1396,19:00 18/01/2020,68.2764,7.42,-9999,79.1334,62.0444,30.6393,37.6371,1360.8334,54.2822
1397,20:00 18/01/2020,70.6756,7.1981,-9999,89.2599,69.4467,29.5119,41.1637,1385.8145,60.6601
1398,21:00 18/01/2020,49.136,7.0421,-9999,101.8862,79.1637,11.723,37.413,1215.6629,68.916
1399,22:00 18/01/2020,39.0385,6.7141,-9999,106.9094,83.8038,6.2822,32.7563,1121.2122,73.5146
1400,23:00 18/01/2020,31.5809,6.3847,-9999,85.2775,70.8187,4.4896,27.0913,1045.5302,63.5429
1401,00:00 19/01/2020,25.5159,6.1698,-9999,79.4927,68.2716,5.2924,20.2235,1038.9396,61.9085
1402,01:00 19/01/2020,22.0797,6.0038,-9999,65.1308,55.9581,4.1103,17.9694,977.8978,50.5355
1403,02:00 19/01/2020,17.4923,5.8951,-9999,62.9625,54.7952,2.4707,15.0216,902.3864,49.3737
1404,03:00 19/01/2020,14.3522,5.7512,-9999,38.1465,34.9962,2.9547,11.3975,851.9318,32.0936
1405,04:00 19/01/2020,12.9686,5.5584,-9999,26.121,24.5546,2.0055,10.9631,778.6364,22.856
1406,05:00 19/01/2020,22.7299,5.6446,-9999,29.1973,26.3266,4.4894,18.2405,831.1364,24.4866
1407,06:00 19/01/2020,16.859,5.5805,-9999,23.5139,21.005,4.0299,12.8291,792.3295,19.5255
1408,07:00 19/01/2020,18.6014,5.6541,-9999,21.2218,17.5903,3.5313,15.0701,807.8977,16.378
1409,08:00 19/01/2020,30.8205,6.0307,-9999,19.5807,16.6533,10.9474,19.8731,962.822,15.5614
1410,09:00 19/01/2020,74.4087,6.7474,-9999,29.9976,25.2884,43.4609,30.9479,1178.1439,23.4397
1411,10:00 19/01/2020,69.127,7.5872,-9999,36.6699,25.4091,38.0603,31.0667,1073.9963,22.0968
1412,11:00 19/01/2020,57.9385,8.3469,-9999,35.3008,20.6218,30.057,27.8815,997.3863,17.6511
1413,12:00 19/01/2020,51.9873,7.4763,-9999,36.336,24.0832,24.9007,27.0867,912.7652,21.1239
1414,13:00 19/01/2020,77.665,8.0301,-9999,39.8481,25.5914,50.6624,27.0026,945.9091,22.4724
1415,14:00 19/01/2020,24.1685,7.6934,-9999,25.1841,16.2314,7.7604,16.408,720.4545,13.9333
1416,15:00 19/01/2020,28.9637,6.6569,-9999,26.8243,18.3312,10.422,18.5417,721.3068,15.8629
1417,16:00 19/01/2020,49.8941,6.8701,-9999,41.0482,27.4095,16.3364,33.5577,802.7841,24.1974
1418,17:00 19/01/2020,66.2592,8.2117,-9999,68.595,32.5988,28.6147,37.6445,977.5189,26.717
1419,18:00 19/01/2020,74.788,7.9096,-9999,62.2827,35.4997,32.3679,42.4201,1190.928,30.2235
1420,19:00 19/01/2020,77.4334,8.0947,-9999,63.0953,31.1631,31.7509,45.6825,977.6136,24.6372
1421,20:00 19/01/2020,36.5714,6.8406,-9999,58.4973,34.0261,10.1956,26.3758,876.5531,29.0177
1422,21:00 19/01/2020,30.1073,6.0242,-9999,45.8189,28.2746,9.435,20.6723,807.7273,24.5662
1423,22:00 19/01/2020,17.9784,5.7798,-9999,37.1479,25.9879,2.5874,15.391,699.2992,23.1145
1424,23:00 19/01/2020,14.4222,5.4682,-9999,37.7876,28.7282,1.7172,12.7049,711.6667,26.0499
1425,00:00 20/01/2020,14.4542,5.5553,-9999,60.5138,52.9891,1.6852,12.769,701.9697,50.0611
1426,01:00 20/01/2020,11.4253,5.561,-9999,53.5783,46.9413,0.9029,10.5224,653.9204,43.2843
1427,02:00 20/01/2020,7.0953,5.3343,-9999,43.7445,40.2601,0.4201,6.6752,610.1515,37.925
1428,03:00 20/01/2020,7.0647,5.2221,-9999,37.1945,33.6024,0.509,6.5557,585.5492,31.6112
1429,04:00 20/01/2020,11.1655,5.7352,-9999,85.2072,77.6085,1.7928,9.3728,621.875,72.0996
1430,05:00 20/01/2020,8.0135,5.268,-9999,31.5269,27.994,0.7411,7.2724,587.197,26.0005
1431,06:00 20/01/2020,9.3591,5.1424,-9999,32.6641,29.0786,1.1244,8.2347,603.1061,27.1985
1432,07:00 20/01/2020,12.078,5.1415,-9999,34.1998,29.8341,2.1805,9.8975,647.9924,27.9942
1433,08:00 20/01/2020,23.0493,5.2312,-9999,36.7222,32.3648,5.8523,17.197,751.1553,30.5382
1434,09:00 20/01/2020,26.3736,5.2485,-9999,46.7911,41.0887,8.8231,17.5505,939.375,37.9398
1435,10:00 20/01/2020,141.9328,5.4041,-9999,79.7121,60.676,81.084,60.8488,1185.3978,54.3034
1436,11:00 20/01/2020,93.9821,5.0267,-9999,93.9145,71.5187,48.3793,45.6028,1247.7274,63.9095
1437,12:00 20/01/2020,69.6579,5.4526,-9999,74.7566,61.6523,39.1426,30.5153,1090.625,56.826
1438,13:00 20/01/2020,58.9853,5.3439,-9999,69.9667,58.6886,28.1473,30.838,1242.4244,55.1915
1439,14:00 20/01/2020,173.7055,5.8227,-9999,107.6605,64.7213,122.864,50.8415,1213.6553,54.3976
1440,15:00 20/01/2020,26.2725,5.2958,-9999,59.3635,50.3277,6.6578,19.6148,842.3106,46.4167
1441,16:00 20/01/2020,44.3901,5.1744,-9999,75.0962,63.9187,16.5728,27.8174,946.8561,58.7504
1442,17:00 20/01/2020,67.8788,5.2828,-9999,49.1064,44.0167,29.0953,38.7836,1061.7234,41.1852
1443,18:00 20/01/2020,59.8996,5.1857,-9999,45.2379,40.5381,25.0296,34.8701,1354.6781,38.4551
1444,19:00 20/01/2020,68.2627,5.8262,-9999,59.5978,53.1703,28.4677,39.795,1307.5378,49.4428
1445,20:00 20/01/2020,60.307,6.6668,-9999,63.8805,58.5014,22.6781,37.629,1193.5226,54.0896
1446,21:00 20/01/2020,52.631,6.084,-9999,64.2602,58.8427,15.5349,37.0962,1142.2727,55.1785
1447,22:00 20/01/2020,47.5316,5.7248,-9999,70.2036,65.2259,11.1537,36.3779,1078.6363,60.8731
1448,23:00 20/01/2020,37.5137,5.6459,-9999,73.6125,68.4503,3.8101,33.7037,1003.4469,63.4025
1449,00:00 21/01/2020,32.7618,5.5124,-9999,69.3974,62.2506,4.5881,28.1737,981.25,57.3768
1450,01:00 21/01/2020,24.6087,5.5432,-9999,84.0315,78.6933,2.3978,22.2109,902.8409,70.6223
1451,02:00 21/01/2020,23.4115,5.4206,-9999,68.1661,62.1842,2.7038,20.7077,918.8636,57.2114
1452,03:00 21/01/2020,24.7205,5.32,-9999,77.1877,69.0252,2.7831,21.9373,877.7273,60.75
1453,04:00 21/01/2020,25.6147,5.6368,-9999,101.8427,89.6673,3.2538,22.3609,861.1364,76.7905
1454,05:00 21/01/2020,20.345,5.7352,-9999,104.475,89.6247,2.4213,17.9236,834.8106,72.3957
1455,06:00 21/01/2020,18.5551,5.6823,-9999,103.6884,94.8114,1.9134,16.6418,815.6818,78.5141
1456,07:00 21/01/2020,22.1314,5.5883,-9999,83.9299,79.0581,2.329,19.8024,843.5227,66.6089
1457,08:00 21/01/2020,25.6965,5.6411,-9999,87.4219,80.9187,3.5681,22.1284,866.3068,67.4655
1458,09:00 21/01/2020,32.5334,5.6615,-9999,62.5136,59.3453,13.1767,19.3568,945.4734,51.9604
1459,10:00 21/01/2020,65.6956,5.7061,-9999,65.2857,61.1599,42.8209,22.8747,1461.6665,54.2858
1460,11:00 21/01/2020,67.8197,5.6697,-9999,66.0967,61.3703,39.0395,28.7803,1448.6363,54.3223
1461,12:00 21/01/2020,52.4931,5.8197,-9999,72.3154,66.9939,17.9741,34.519,1119.5645,59.7202
1462,13:00 21/01/2020,57.0898,5.8318,-9999,80.0877,71.8682,11.7033,45.3866,1131.5909,64.2506
1463,14:00 21/01/2020,67.3979,5.8309,-9999,94.8089,82.427,7.4662,59.9317,1353.7689,73.7172
1464,15:00 21/01/2020,75.3118,6.2491,-9999,123.8783,96.875,10.0612,65.2506,1310.2273,84.6756
1465,16:00 21/01/2020,73.5132,6.838,-9999,156.4371,117.0506,7.4067,66.1064,1265.5302,99.8726
1466,17:00 21/01/2020,78.1427,6.8874,-9999,170.4367,130.1322,7.9501,70.1926,1351.1553,112.9674
1467,18:00 21/01/2020,77.4816,6.6777,-9999,160.8615,126.6392,7.702,69.7797,1353.428,111.0802
1468,19:00 21/01/2020,69.8567,6.3366,-9999,179.6086,153.2063,4.8165,65.0402,1467.4431,138.08
1469,20:00 21/01/2020,72.4432,6.1637,-9999,154.323,133.6345,6.4759,65.9673,1676.8183,120.4053
1470,21:00 21/01/2020,52.4777,5.7092,-9999,135.1777,118.7445,3.9889,48.4887,1317.7653,107.7148
1471,22:00 21/01/2020,45.6299,5.34,-9999,121.5142,105.2642,3.0371,42.5928,1227.2728,95.1808
1472,23:00 21/01/2020,45.0218,5.5935,-9999,125.5323,110.0818,4.0161,41.0056,1354.4697,100.3903
1473,00:00 22/01/2020,46.2228,5.4396,-9999,122.6723,109.4118,3.7479,42.4749,1336.7993,100.5506
1474,01:00 22/01/2020,36.4731,5.1827,-9999,97.1389,87.156,2.5062,33.9669,1160.7955,80.7938
1475,02:00 22/01/2020,39.8257,5.2628,-9999,87.8027,79.2885,2.7103,37.1155,1121.5721,73.9981
1476,03:00 22/01/2020,30.6375,5.2048,-9999,78.5812,71.306,2.3511,28.2864,952.8598,66.5018
1477,04:00 22/01/2020,49.0736,5.3677,-9999,118.9465,101.1475,11.5754,37.4983,1490.1895,93.22
1478,05:00 22/01/2020,49.4532,5.4678,-9999,115.0813,90.523,13.6006,35.8526,1349.1099,80.1914
1479,06:00 22/01/2020,49.2517,5.5012,-9999,89.9735,74.8028,13.5366,35.715,1199.3372,65.515
1480,07:00 22/01/2020,44.9077,5.4526,-9999,69.0129,62.7893,14.1945,30.7132,1196.1173,58.1261
1481,08:00 22/01/2020,52.3869,5.3586,-9999,74.3034,66.8627,20.5191,31.8678,1273.1629,61.3681
1482,09:00 22/01/2020,63.1784,5.4149,-9999,79.1333,69.9835,25.0503,38.1282,1176.8183,60.8563
1483,10:00 22/01/2020,69.4728,5.4526,-9999,67.0027,60.4585,31.0636,38.4092,1220.6249,52.9209
1484,11:00 22/01/2020,50.9006,5.2121,-9999,71.2376,65.6563,18.7947,32.1059,1241.2501,58.5867
1485,12:00 22/01/2020,51.6864,5.216,-9999,70.1733,62.3371,15.7296,35.9568,1235.0189,54.5942
1486,13:00 22/01/2020,57.4187,5.2061,-9999,84.5557,74.0415,14.8984,42.5203,1420.6629,65.8521
1487,14:00 22/01/2020,58.2774,5.4743,-9999,100.4489,88.1725,7.3503,50.9271,1748.4469,79.1715
1488,15:00 22/01/2020,55.3225,5.7867,-9999,120.7204,104.7784,4.2598,51.0628,1978.6552,94.7237
1489,16:00 22/01/2020,28.5762,5.954,-9999,87.8215,73.5833,2.0336,26.5427,1018.6554,66.9432
1490,17:00 22/01/2020,23.3284,6.3015,-9999,70.5546,57.7868,1.6752,21.6532,762.6136,52.3844
1491,18:00 22/01/2020,24.4628,6.1637,-9999,48.3569,35.2609,1.6186,22.8442,610.4167,31.3268
1492,19:00 22/01/2020,30.2944,5.7503,-9999,51.318,36.1772,2.3566,27.9378,734.2235,31.6929
1493,20:00 22/01/2020,41.362,5.5259,-9999,64.7652,48.4202,6.3575,35.0045,788.4091,42.9716
1494,21:00 22/01/2020,32.1231,5.6853,-9999,61.9042,46.6015,7.4502,24.6729,769.4129,41.2344
1495,22:00 22/01/2020,25.4026,5.7499,-6352.5588,60.3663,46.7307,5.7866,19.616,602.6136,41.3035
1496,23:00 22/01/2020,24.9481,5.7265,-9999,61.7055,52.3077,3.1206,21.8275,602.4432,46.7036
1497,00:00 23/01/2020,12.4543,5.7057,-9999,42.8862,33.2155,1.4153,11.039,574.0152,29.1457
1498,01:00 23/01/2020,14.8545,5.4721,-9999,47.9074,38.3931,1.4571,13.3974,534.5833,34.1081
1499,02:00 23/01/2020,12.542,5.6346,-9999,39.2792,35.1064,1.516,11.0259,458.1439,32.0063
1500,03:00 23/01/2020,9.3897,5.4613,-9999,40.0531,35.822,1.1615,8.2281,410.3598,32.7102
1501,04:00 23/01/2020,8.1624,5.5124,-9999,44.8647,40.6522,1.0415,7.1208,388.3901,37.3078
1502,05:00 23/01/2020,8.9135,5.6433,-9999,42.5377,38.8706,0.9362,7.9773,411.9318,35.9158
1503,06:00 23/01/2020,8.8165,5.6147,-9999,29.2687,25.8502,0.9447,7.8718,407.9167,23.4491
1504,07:00 23/01/2020,10.9147,5.8149,-9999,32.6092,28.8394,1.3079,9.6068,486.3068,26.2656
1505,08:00 23/01/2020,12.947,5.5974,-9999,46.9978,42.7365,1.5392,11.4078,552.7652,39.2442
1506,09:00 23/01/2020,13.8624,5.5961,-9999,66.2196,46.7669,1.811,12.0514,523.447,41.0586
1507,10:00 23/01/2020,18.5469,5.5423,-9999,88.0824,78.3074,2.4445,16.1024,724.9432,70.8962
1508,11:00 23/01/2020,14.1124,5.4557,-9999,47.1632,39.4923,2.1596,11.9527,548.3144,35.7357
1509,12:00 23/01/2020,12.9989,5.6515,-9999,47.3938,33.2812,1.6362,11.3627,544.3561,28.6611
1510,13:00 23/01/2020,14.6316,5.964,-9999,41.6594,32.6197,2.2307,12.4009,534.8106,29.0705
1511,14:00 23/01/2020,10.4312,6.198,-9999,42.7811,31.1582,1.3901,9.041,463.2765,27.5675
1512,15:00 23/01/2020,8.8532,7.2154,-9999,39.017,24.8235,1.193,7.6602,403.8257,20.9598
1513,16:00 23/01/2020,9.1998,7.2679,-9999,36.9809,24.9059,1.2101,7.9897,387.6136,21.1443
1514,17:00 23/01/2020,8.4278,6.0914,-9999,38.3876,22.9143,1.0533,7.3745,369.2424,18.8893
1515,18:00 23/01/2020,9.3815,6.0242,-9999,39.0068,27.4453,0.8913,8.4902,421.8561,23.7777
1516,19:00 23/01/2020,9.621,5.7339,-9999,43.361,31.0284,0.8828,8.7382,455.1136,27.0171
1517,20:00 23/01/2020,13.5326,5.6663,-9999,42.9601,32.2609,1.2584,12.2742,463.5227,28.0939
1518,21:00 23/01/2020,11.3553,5.6104,-8172.7787,34.3159,26.5453,1.1556,10.1997,428.2576,22.8467
1519,22:00 23/01/2020,9.8577,5.5571,-9999,31.2238,22.2465,1.1528,8.7049,388.7879,18.7237
1520,23:00 23/01/2020,13.0304,5.6429,-9999,27.6171,22.3133,1.177,11.8534,381.7045,19.2116
1521,00:00 24/01/2020,10.6937,5.6684,-9999,30.1852,24.4821,1.0091,9.6846,399.2046,21.3402
1522,01:00 24/01/2020,7.4235,5.3638,-9999,31.3266,24.8383,0.9944,6.429,364.7917,21.4713
1523,02:00 24/01/2020,7.5477,5.3876,-9999,27.3477,23.6622,0.7947,6.753,375.5114,21.0265
1524,03:00 24/01/2020,7.6128,5.5237,-9999,34.6316,30.5253,0.735,6.8778,376.7235,27.2991
1525,04:00 24/01/2020,8.434,5.7152,-9999,26.8911,23.003,0.9394,7.4946,323.2955,20.4258
1526,05:00 24/01/2020,7.4496,5.7022,-9999,31.084,27.7387,0.9577,6.4919,330.1515,25.0044
1527,06:00 24/01/2020,7.8897,5.821,-9999,27.81,24.5939,0.9886,6.9011,375.2652,22.1447
1528,07:00 24/01/2020,9.7313,5.5727,-9999,27.2496,23.8394,1.0653,8.666,419.8106,21.3779
1529,08:00 24/01/2020,9.602,5.6901,-9999,36.2085,31.9894,1.0692,8.5328,408.4091,29.0632
1530,09:00 24/01/2020,10.5168,5.6528,-9999,48.6083,43.5626,1.233,9.2838,475.7955,39.8772
1531,10:00 24/01/2020,11.4883,5.6775,-9999,39.1661,33.2086,1.5759,9.9124,553.8257,29.9749
1532,11:00 24/01/2020,13.1225,5.6099,-9999,49.9416,36.8633,2.2879,10.8345,496.4773,32.4584
1533,12:00 24/01/2020,12.7352,5.6056,-9999,49.7237,29.5891,1.686,11.0493,482.803,24.8078
1534,13:00 24/01/2020,18.8628,5.6507,-9999,42.637,36.8381,3.0899,15.7729,553.9773,33.5863
1535,14:00 24/01/2020,8.7792,5.8114,-9999,29.5285,25.9909,0.9043,7.8749,359.7348,23.6945
1536,15:00 24/01/2020,6.7846,5.8951,-9999,28.0081,23.4346,0.6048,6.1797,315.9849,21.132
1537,16:00 24/01/2020,9.3938,5.6944,-9999,31.8732,28.0338,1.0499,8.3439,410,25.5085
1538,17:00 24/01/2020,8.4218,5.668,-9999,32.9392,27.7755,1.2649,7.1569,387.7462,25.0865
1539,18:00 24/01/2020,9.7149,5.707,-9999,32.5543,27.4476,1.6592,8.0557,415.8712,24.6957
1540,19:00 24/01/2020,12.3151,5.7334,-9999,33.022,28.0535,1.7105,10.6046,488.3144,25.3697
1541,20:00 24/01/2020,8.8034,5.7629,-9999,49.9798,32.4476,0.8588,7.9446,398.5038,27.6654
1542,21:00 24/01/2020,20.3735,5.7577,-9999,11.8807,8.4445,1.1938,19.1797,325.2462,7.0551
1543,22:00 24/01/2020,23.7995,5.7204,-9999,16.7011,14.3286,1.4411,22.3584,537.1591,13.0792
1544,23:00 24/01/2020,21.0505,5.7633,-9999,32.2615,28.632,1.3483,19.7022,504.072,26.3821
1545,00:00 25/01/2020,10.0387,5.6537,-9999,25.8679,21.43,0.5931,9.4456,299.394,18.9213
1546,01:00 25/01/2020,5.1979,5.5142,-1755.6745,8.3437,6.8761,0.2558,4.942,251.1174,6.1024
1547,02:00 25/01/2020,10.7954,5.4691,57.5821,16.3881,14.3401,0.6925,10.1029,545.2083,13.2564
1548,03:00 25/01/2020,27.6298,5.7144,30.4075,38.9315,36.5545,1.6498,25.98,448.2386,34.7374
1549,04:00 25/01/2020,35.9075,5.6537,24.45,41.7655,39.3418,1.8441,34.0634,381.5151,37.1322
1550,05:00 25/01/2020,32.7441,5.811,23.0554,44.3682,41.1127,1.7022,31.0419,418.1818,38.7561
1551,06:00 25/01/2020,58.5005,5.8795,9.9643,28.6099,24.9191,5.5578,52.9428,381.7235,22.9655
1552,07:00 25/01/2020,39.8733,6.0073,20.0945,20.5151,18.4948,2.0778,37.7955,288.75,17.065
1553,08:00 25/01/2020,51.2043,6.0082,11.6894,21.7384,19.6071,3.0769,48.1274,434.0152,18.0804
1554,09:00 25/01/2020,41.7429,5.9445,16.8183,20.6901,18.3477,3.6702,38.0728,396.6288,16.978
1555,10:00 25/01/2020,44.7399,5.8873,18.7863,17.6956,15.5937,6.2442,38.4957,299.9621,14.4022
1556,11:00 25/01/2020,8.1806,6.1117,37.1229,12.307,10.2552,1.1317,7.049,278.9962,9.5842
1557,12:00 25/01/2020,9.3463,6.8367,24.2295,11.1128,7.369,2.3515,6.9948,547.8409,6.538
1558,13:00 25/01/2020,8.1085,7.2189,28.9169,8.9272,5.5047,1.8419,6.2666,599.2803,4.7569
1559,14:00 25/01/2020,5.7703,6.5273,30.2803,7.741,4.5267,1.245,4.5253,589.1477,3.6554
1560,15:00 25/01/2020,6.4312,6.2097,31.3076,6.0598,4.3172,1.2909,5.1403,604.7159,3.8629
1561,16:00 25/01/2020,3.8748,5.9388,33.1581,6.6231,4.4206,0.5772,3.2976,571.3636,3.9099
1562,17:00 25/01/2020,3.8942,5.6624,37.1034,6.7278,3.9164,0.4655,3.4286,602.5758,3.3599
1563,18:00 25/01/2020,2.9348,5.7512,38.66,12.7916,6.14,0.4221,2.5127,619.2424,4.1166
1564,19:00 25/01/2020,3.0322,5.6286,37.786,6.924,4.6601,0.0776,2.9546,653.6174,4.182
1565,20:00 25/01/2020,3.8781,5.6091,38.976,9.5436,6.7148,0.1734,3.7047,657.6894,5.8652
1566,21:00 25/01/2020,3.14,5.564,38.9844,9.2872,6.8052,0.054,3.086,701.2879,5.9679
1567,22:00 25/01/2020,2.3769,5.4825,36.6388,7.8053,6.1598,0.1638,2.213,656.7235,5.4869
1568,23:00 25/01/2020,3.373,5.463,35.6832,8.4692,5.6794,0.24,3.133,490.9659,4.917
1569,00:00 26/01/2020,7.1944,5.5328,34.0662,9.4463,6.8244,0.0751,7.1193,585.8712,5.9764
1570,01:00 26/01/2020,11.07,5.5159,37.1054,9.1197,6.948,3.8225,7.2475,603.7879,6.1947
1571,02:00 26/01/2020,4.6508,5.6234,44.9371,6.1304,4.2371,0.2347,4.4161,543.2765,3.7176
1572,03:00 26/01/2020,6.3067,5.8166,40.1423,6.8688,5.1178,0.0099,6.2968,484.3371,4.5635
1573,04:00 26/01/2020,7.9243,5.9193,39.5926,8.0404,5.7502,0.0136,7.9107,569.3182,5.0097
1574,05:00 26/01/2020,5.3311,5.8465,43.6338,5.6997,4.4078,-0.0171,5.3482,534.3939,3.8155
1575,06:00 26/01/2020,5.6027,5.7352,42.61,6.7334,4.7195,0.0223,5.5803,526.7045,4.1659
1576,07:00 26/01/2020,12.8363,5.9986,36.0284,9.8595,6.0128,0.198,12.6383,558.1061,4.9921
1577,08:00 26/01/2020,8.4295,5.957,33.811,12.8937,9.684,0.2278,8.2017,660.5303,8.7419
1578,09:00 26/01/2020,6.8254,5.7152,35.9466,11.2165,8.5689,0.5725,6.2529,561.8371,7.8379
1579,10:00 26/01/2020,4.4149,5.4622,43.1795,11.6208,9.5979,0.5723,3.8425,530.5682,9.0288
1580,11:00 26/01/2020,4.5319,5.5298,49.6465,13.2514,10.3542,0.4718,4.0601,540.8333,9.641
1581,12:00 26/01/2020,3.0646,5.6459,61.67,14.2095,10.9599,0.2142,2.8504,578.125,10.1905
1582,13:00 26/01/2020,2.3463,5.5475,68.8835,11.9291,10.1461,0.1833,2.1629,538.1818,9.6022
1583,14:00 26/01/2020,2.6048,5.548,70.3203,18.5589,15.5094,0.1963,2.4085,561.572,14.4779
1584,15:00 26/01/2020,3.7333,5.6797,72.286,26.4124,24.0925,0.3669,3.3664,563.6742,22.6863
1585,16:00 26/01/2020,3.1743,5.8019,72.8575,27.008,25.1074,0.2694,2.9049,541.1174,23.7246
1586,17:00 26/01/2020,5.1598,6.0446,85.6908,22.7897,20.3173,0.1257,5.0342,532.178,19.1884
1587,18:00 26/01/2020,5.9847,6.1299,85.1557,20.6646,16.5495,0.0197,5.965,552.0076,15.5668
1588,19:00 26/01/2020,11.3071,6.0762,59.7822,32.3587,26.0233,0.4651,10.842,780.2841,24.1939
1589,20:00 26/01/2020,13.8513,5.9943,52.6986,22.6683,16.9891,0.3973,13.454,812.2727,15.4447
1590,21:00 26/01/2020,15.4977,5.8145,44.8579,20.7673,14.96,0.4854,15.0122,833.6174,13.7111
1591,22:00 26/01/2020,10.8977,5.5718,53.5834,18.269,13.1163,0.2396,10.6581,668.4659,12.1665
1592,23:00 26/01/2020,8.1593,5.6112,67.1736,16.0385,11.8558,0.3289,7.8304,619.3561,10.9793
1593,00:00 27/01/2020,7.5075,6.0888,60.2725,17.067,12.3613,0.3338,7.1738,631.2689,11.4617
1594,01:00 27/01/2020,4.268,5.8855,65.3544,13.6768,11.516,-0.0818,4.3498,596.6667,10.8737
1595,02:00 27/01/2020,5.7977,5.9046,60.1209,16.731,14.56,0.1978,5.6,619.8674,13.8413
1596,03:00 27/01/2020,8.0232,6.2413,54.8981,17.7884,16.0176,0.242,7.7812,602.8977,15.356
1597,04:00 27/01/2020,8.5621,6.6179,50.0504,19.3787,17.6053,0.2704,8.2916,609.9242,16.8966
1598,05:00 27/01/2020,6.2878,5.7824,55.6404,15.7743,14.1791,0.1236,6.1642,605.8901,13.6661
1599,06:00 27/01/2020,5.9484,5.8353,64.2475,11.6958,10.1995,0.1368,5.8116,592.3106,9.7237
1600,07:00 27/01/2020,4.3605,5.5436,64.7822,10.223,8.7236,-0.0808,4.4413,573.7311,8.3135
1601,08:00 27/01/2020,5.7447,5.6411,60.3768,12.2048,10.2891,0.0828,5.6619,605,9.6922
1602,09:00 27/01/2020,6.215,5.6407,63.7078,14.6492,11.5656,0.1448,6.0702,608.8447,10.8674
1603,10:00 27/01/2020,6.9105,5.6507,64.4038,13.4407,10.4741,0.2686,6.6419,607.4621,9.7898
1604,11:00 27/01/2020,6.6303,5.6407,62.9925,18.6848,14.4879,0.3372,6.293,647.9167,13.5662
1605,12:00 27/01/2020,4.8709,5.486,70.6823,16.1499,11.8244,0.2252,4.6458,610.5871,11.0338
1606,13:00 27/01/2020,4.282,5.5094,73.1016,14.2327,11.219,0.0676,4.2144,600.6061,10.5085
1607,14:00 27/01/2020,3.812,5.5475,76.9577,14.8636,11.0986,0.1555,3.6564,572.803,10.3835
1608,15:00 27/01/2020,3.312,5.7768,81.5869,15.1394,11.4393,0.1131,3.1989,544.5076,10.692
1609,16:00 27/01/2020,4.398,5.5822,79.5683,15.0588,11.5507,0.1029,4.295,551.7803,10.8108
1610,17:00 27/01/2020,3.9277,5.5087,80.303,17.069,12.0704,-0.046,3.9736,539.1493,11.16
1611,18:00 27/01/2020,4.5836,5.7339,76.2197,17.16,13.2419,0.2913,4.2922,577.6705,12.2017
1612,19:00 27/01/2020,7.8778,5.5618,69.3998,20.2579,14.6433,0.0325,7.8453,636.3068,13.4697
1613,20:00 27/01/2020,14.8974,6.1276,64.2391,30.6734,23.0634,0.1668,14.7306,734.9479,21.2691
1614,21:00 27/01/2020,20.0263,6.3587,56.8028,29.5111,21.9763,0.3935,19.6328,827.803,20.3069
1615,22:00 27/01/2020,13.6099,5.7209,52.1717,34.7859,26.9068,0.2745,13.3354,795.7197,25.027
1616,23:00 27/01/2020,7.9848,5.4539,45.868,32.997,26.1706,0.2272,7.7576,783.125,24.306
1617,00:00 28/01/2020,7.4746,5.3299,44.4184,28.9124,23.4384,0.2993,7.1753,660.1736,21.936
1618,01:00 28/01/2020,6.3725,5.3522,48.7413,21.7176,16.9128,0.2501,6.1223,608.2465,15.8636
1619,02:00 28/01/2020,5.4173,5.5224,47.3372,20.9796,17.1186,0.0747,5.3426,578.5038,16.1544
1620,03:00 28/01/2020,7.9048,5.7053,46.893,21.0584,17.4418,0.038,7.8668,562.2222,16.4102
1621,04:00 28/01/2020,9.0037,5.6446,49.4228,22.8058,19.2051,0.146,8.8577,528.6742,18.0706
1622,05:00 28/01/2020,11.2519,5.5961,53.5867,23.929,20.2356,0.3246,10.9273,520.1326,19.3482
1623,06:00 28/01/2020,8.4861,5.382,54.2523,21.8115,19.285,0.149,8.3371,515.928,18.4978
1624,07:00 28/01/2020,9.4831,5.4344,50.0567,23.237,20.3383,0.2635,9.2196,536.7708,19.4877
1625,08:00 28/01/2020,10.2976,5.5215,48.474,25.0594,22.1127,0.2993,9.9983,540.7765,21.0596
1626,09:00 28/01/2020,11.6064,5.541,47.234,27.0459,21.4856,0.3953,11.2111,552.4053,20.2795
1627,10:00 28/01/2020,14.1415,5.5575,47.8006,30.7377,23.9613,1.0326,13.1089,622.7083,22.506
1628,11:00 28/01/2020,12.2686,5.5111,50.6485,33.3833,27.1979,1.1226,11.1461,625.0379,25.7804
1629,12:00 28/01/2020,10.1624,5.5675,55.8203,37.3132,30.4617,0.8911,9.2713,641.2879,28.953
1630,13:00 28/01/2020,9.1193,5.5532,59.2571,42.685,33.0655,0.4203,8.699,646.1174,31.1323
1631,14:00 28/01/2020,8.1762,5.72,69.0874,38.8763,31.5641,0.5011,7.6751,614.6591,29.8519
1632,15:00 28/01/2020,5.8984,5.691,65.6446,32.8499,26.6738,0.5508,5.3476,635.4924,25.2735
1633,16:00 28/01/2020,4.8766,5.652,68.7211,30.4629,25.8284,0.1555,4.7211,548.1818,24.5419
1634,17:00 28/01/2020,6.0622,5.5805,67.9,30.2143,24.8803,0.2422,5.82,563.8636,23.4687
1635,18:00 28/01/2020,7.2031,5.5241,68.6588,32.2539,26.2014,0.31,6.893,597.3485,24.6024
1636,19:00 28/01/2020,9.0492,5.4769,61.181,37.3909,30.0643,0.3912,8.6579,649.0909,28.0994
1637,20:00 28/01/2020,12.0738,5.4778,54.3815,48.789,39.2271,0.5524,11.5214,635.5114,36.7318
1638,21:00 28/01/2020,9.5643,5.5445,49.4712,44.6761,37.9385,0.1673,9.397,637.0644,35.5175
1639,22:00 28/01/2020,11.489,5.554,41.2531,47.598,39.2895,0.0847,11.4044,816.6667,36.612
1640,23:00 28/01/2020,8.8071,5.4444,42.0109,46.7997,38.6322,0.2731,8.5341,673.8258,36.1525
1641,00:00 29/01/2020,7.6268,5.3764,44.8988,40.4109,34.3397,0.0784,7.5484,592.6894,32.3452
1642,01:00 29/01/2020,7.0296,5.5293,41.8992,43.511,36.3024,0.2209,6.8087,607.6515,34.189
1643,02:00 29/01/2020,8.8377,5.3725,34.1685,45.108,39.16,0.4524,8.3853,685.7008,37.0208
1644,03:00 29/01/2020,10.415,5.7716,44.0731,40.6202,36.6426,0.8458,9.5692,574.5644,35.1578
1645,04:00 29/01/2020,9.4258,5.8738,45.5715,39.8978,36.5307,0.0757,9.3501,507.5757,35.1974
1646,05:00 29/01/2020,10.0416,5.6416,35.0283,45.0633,40.0085,0.414,9.6277,567.1402,38.1806
1647,06:00 29/01/2020,9.2937,5.6099,43.5623,55.3443,39.5738,0.1793,9.1145,504.3561,36.0214
1648,07:00 29/01/2020,7.5742,5.7252,45.6014,39.4649,35.6597,0.2016,7.3726,478.7689,34.0984
1649,08:00 29/01/2020,7.2568,5.551,49.7997,42.9238,35.1015,0.3454,6.9114,478.9015,33.3368
1650,09:00 29/01/2020,7.257,5.5848,50.3991,38.5588,33.076,0.2193,7.0378,484.9811,31.54
1651,10:00 29/01/2020,14.3973,5.5909,44.3341,45.6691,35.7573,2.2563,12.141,533.6932,33.4637
1652,11:00 29/01/2020,10.139,5.5909,49.8549,45.2366,38.0421,0.6349,9.5041,539.697,35.758
1653,12:00 29/01/2020,8.7574,5.5794,58.6271,49.4827,38.05,0.8327,7.9247,543.1424,35.2645
1654,13:00 29/01/2020,6.9986,5.743,61.7107,43.7135,36.3536,0.3726,6.626,486.4204,34.3157
1655,14:00 29/01/2020,5.9646,5.7196,66.6473,43.8301,35.596,0.0983,5.8663,468.2954,33.6202
1656,15:00 29/01/2020,5.481,5.691,72.5394,42.5394,36.5259,0.1837,5.2973,581.4583,34.796
1657,16:00 29/01/2020,5.0258,5.9263,75.0852,39.1196,32.5707,0.0386,4.9872,553.7121,30.8418
1658,17:00 29/01/2020,6.4236,5.902,72.8662,37.0432,32.8662,0.0948,6.3288,522.3296,31.4111
1659,18:00 29/01/2020,15.4096,6.2296,62.8482,46.6584,40.1947,0.4148,14.9948,599.4965,38.254
1660,19:00 29/01/2020,16.9012,6.2794,57.8759,49.0603,40.8637,0.2729,16.6284,581.9508,38.5533
1661,20:00 29/01/2020,19.8266,6.3306,48.3032,54.9841,45.9745,0.2514,19.5752,661.9886,43.4117
1662,21:00 29/01/2020,25.1058,6.4012,37.2541,64.9683,55.6052,0.4655,24.6402,750.8144,52.476
1663,22:00 29/01/2020,26.5902,5.9202,32.2271,63.3728,55.1506,0.5252,26.0649,733.2197,52.1416
1664,23:00 29/01/2020,26.6222,5.7941,21.7609,74.2485,65.3223,0.4383,26.1838,800.7007,62.0886
1665,00:00 30/01/2020,36.9111,5.7347,11.2135,82.2495,71.7415,1.4254,35.4857,892.5174,67.8549
1666,01:00 30/01/2020,30.796,5.5679,10.5916,93.6447,82.4883,1.5962,29.1998,942.7462,78.0189
1667,02:00 30/01/2020,24.7984,5.8578,13.6847,87.8688,78.3994,1.2023,23.5961,934.2234,74.2899
1668,03:00 30/01/2020,19.3518,6.214,16.3069,77.1312,69.6665,0.8194,18.5324,855.2652,66.5074
1669,04:00 30/01/2020,16.4986,6.1486,14.2373,69.5956,62.4393,0.8505,15.6481,762.5,59.8559
1670,05:00 30/01/2020,13.0832,5.879,14.827,61.4332,56.733,0.79,12.2932,698.1629,54.5654
1671,06:00 30/01/2020,17.6298,5.5978,10.8773,60.6371,55.9468,1.4446,16.1852,735.7576,53.7974
1672,07:00 30/01/2020,36.5622,5.4739,5.1757,78.3023,70.2674,8.7831,27.7791,868.7879,67.0249
1673,08:00 30/01/2020,22.3529,5.5072,7.5395,66.5163,60.8879,3.9621,18.3908,676.1364,58.2788
1674,09:00 30/01/2020,32.098,5.746,9.9123,66.1695,56.7207,12.1126,19.9854,713.0493,53.7255
1675,10:00 30/01/2020,44.5512,6.2513,17.7677,73.3449,61.6238,18.3123,26.2389,934.1667,58.3294
1676,11:00 30/01/2020,31.0082,7.3203,47.5606,105.5784,87.5194,6.7203,24.2879,1385.4546,81.9737
1677,12:00 30/01/2020,14.7949,7.1214,91.6181,72.9733,61.4222,1.4616,13.3333,935.4546,57.7563
1678,13:00 30/01/2020,13.5112,6.5845,101.2778,58.648,42.6524,1.5818,11.9294,612.197,39.3039
1679,14:00 30/01/2020,11.3623,6.5212,114.0362,55.5343,38.3005,0.8511,10.5112,532.4811,34.7061
1680,15:00 30/01/2020,8.6266,6.815,127.2851,45.2793,34.8817,0.4688,8.1578,518.75,32.4319
1681,16:00 30/01/2020,9.0641,7.231,136.7202,42.1516,31.7289,0.453,8.6111,462.691,29.2458
1682,17:00 30/01/2020,8.741,7.1418,142.8368,37.8965,29.3554,0.2629,8.478,443.9583,27.4558
1683,18:00 30/01/2020,13.8257,7.3948,141.1364,44.1634,33.567,0.3064,13.5194,460.1137,31.0291
1684,19:00 30/01/2020,24.2477,6.7522,114.9207,51.3364,32.7646,1.6606,22.5872,553.447,28.5043
1685,20:00 30/01/2020,99.5786,6.2495,23.865,121.8234,74.6877,10.8538,88.7248,1391.3368,60.7519
1686,21:00 30/01/2020,102.2309,6.1776,15.9082,164.0977,130.5266,6.3927,95.8382,1599.4443,116.7896
1687,22:00 30/01/2020,84.9588,5.8126,22.2795,140.7706,120.778,1.8397,83.1191,1528.9235,111.7041
1688,23:00 30/01/2020,83.6245,6.3893,25.3544,123.2332,102.0155,1.8137,81.8108,1484.7743,95.407
1689,00:00 31/01/2020,57.0486,7.4153,34.3106,134.2501,115.2954,1.313,55.7356,1370.3472,108.346
1690,01:00 31/01/2020,36.6861,12.0521,38.8294,90.9383,78.0252,1.3091,35.377,951.9444,73.0976
1691,02:00 31/01/2020,54.3512,14.1796,24.4225,87.0616,75.5258,1.9739,52.3773,872.5868,70.599
1692,03:00 31/01/2020,42.3115,8.0533,34.1219,82.4944,71.266,1.3097,41.0018,754.0799,66.2295
1693,04:00 31/01/2020,42.855,7.3502,28.69,61.4968,55.1999,1.2806,41.5744,710.1389,52.147
1694,05:00 31/01/2020,34.3401,7.2624,30.7196,65.6798,58.8848,1.3891,32.951,747.6389,55.7571
1695,06:00 31/01/2020,34.01,7.5496,27.175,77.4655,67.616,1.3443,32.6657,787.5347,63.1938
1696,07:00 31/01/2020,41.0318,8.2694,18.1374,85.6373,73.5603,1.9091,39.1227,840.1736,68.2362
1697,08:00 31/01/2020,40.41,8.4556,15.9864,89.0008,73.7651,2.5295,37.8806,918.2708,68.2377
1698,09:00 31/01/2020,30.2031,9.0567,36.832,80.5315,64.7053,2.4333,27.7698,866.6288,59.94
1699,10:00 31/01/2020,36.4146,8.713,44.4783,89.0218,66.9125,4.2116,32.203,921.3958,61.7383
1700,11:00 31/01/2020,33.2189,9.0471,58.2417,116.4562,89.4345,3.3558,29.8631,971.0417,82.8564
1701,12:00 31/01/2020,45.4094,11.3421,73.4981,102.5081,70.419,5.1068,40.3026,788.75,63.4432
1702,13:00 31/01/2020,57.5379,14.2976,92.2772,95.8559,74.6991,5.4125,52.1254,799.9583,68.4137
1703,14:00 31/01/2020,41.9743,12.6178,111.5799,54.9564,41.1258,2.6635,39.3108,624.0834,37.0842
1704,15:00 31/01/2020,31.0874,11.4032,124.3015,50.9891,38.1897,1.4805,29.6069,477.7652,34.5008
1705,16:00 31/01/2020,21.3085,9.4679,139.6848,47.4626,35.8024,0.8407,20.4678,446.5152,32.3942
1706,17:00 31/01/2020,24.3617,8.164,149.6517,53.7095,37.6571,0.6389,23.7228,731.6477,33.6177
1707,18:00 31/01/2020,28.1829,7.5543,137.6407,54.038,36.2495,0.8292,27.3537,797.5758,32.1114
1708,19:00 31/01/2020,29.4588,7.5088,121.3948,59.8876,40.5289,1.1942,28.2646,875.4356,35.9784
1709,20:00 31/01/2020,24.5283,7.2718,112.2208,55.2939,40.1314,0.6247,23.9036,500.5114,35.9483
1710,21:00 31/01/2020,23.6391,6.8233,107.6416,54.7744,39.0634,0.7201,22.9189,481.8371,34.7612
1711,22:00 31/01/2020,21.9541,6.448,101.962,42.8377,32.4935,0.4095,21.5446,428.6174,29.1004
1712,23:00 31/01/2020,28.2345,6.4532,80.5365,45.5861,36.3939,0.5612,27.6733,483.5417,33.0737
1713,1/2/2020 0:00,25.0965,7.8984,73.4016,50.749,40.7185,0.8982,24.1983,596.25,36.8805
1714,1/2/2020 1:00,31.977,7.5806,62.3952,54.3419,43.4042,0.7839,31.1931,518.2812,39.6939
1715,1/2/2020 2:00,34.1991,8.8817,58.7886,50.6408,41.7844,0.9849,33.2142,567.6042,38.0309
1716,1/2/2020 3:00,32.2061,12.6612,44.2172,60.4835,49.7127,1.342,30.8641,637,45.3641
1717,1/2/2020 4:00,26.8934,12.1359,37.1933,69.1411,59.3153,1.2893,25.6041,653.8393,54.5487
1718,1/2/2020 5:00,27.9869,9.0307,33.201,73.0486,62.377,1.4747,26.5122,654.6065,57.5214
1719,1/2/2020 6:00,33.0124,8.3226,32.6343,83.1194,72.2595,1.4818,31.5306,628.4375,67.8664
1720,1/2/2020 7:00,19.4998,8.8088,59.7111,99.4131,92.5828,0.5516,18.9481,664.375,89.5276
1721,1/2/2020 8:00,30.4599,8.6277,51.8499,115.9052,104.9135,3.0434,27.4165,813.1845,100.9371
1722,1/2/2020 9:00,40.381,8.0708,39.9884,131.8743,109.3593,3.6001,36.7809,919.0278,103.0147
1723,1/2/2020 10:00,41.1304,7.9115,41.8215,141.5681,114.0728,4.8413,36.289,995.5209,106.5933
1724,1/2/2020 11:00,61.9462,7.8251,34.4282,130.9989,103.0228,5.721,56.2253,1107.2135,95.283
1725,1/2/2020 12:00,104.6967,13.1878,20.9187,167.1315,140.6956,35.2766,69.4201,1061.6319,131.3132
1726,1/2/2020 13:00,41.9417,11.664,41.242,151.0755,135.5227,3.1907,38.751,1008.8887,125.2881
1727,1/2/2020 14:00,22.0872,9.3474,92.8437,89.4344,79.457,1.311,20.7762,573.125,74.4384
1728,1/2/2020 15:00,34.9168,11.0178,84.5602,88.7339,76.9913,1.9829,32.9339,554.6429,71.8542
1729,1/2/2020 16:00,43.5071,9.9199,60.3094,96.1218,83.2884,4.1011,39.406,677.6042,77.3468
1730,1/2/2020 17:00,50.0925,9.1754,40.6588,110.6425,95.6329,5.9835,44.109,817.8125,88.6151
1731,1/2/2020 18:00,49.6803,8.3283,40.137,126.4796,99.3782,6.1044,43.576,1106.9167,90.0816
1732,1/2/2020 19:00,51.0968,8.1439,31.495,132.9328,105.7158,6.7167,44.3801,1469.6875,95.2564
1733,1/2/2020 20:00,50.6486,7.5184,33.7864,125.9072,100.166,6.0421,44.6065,1031.7857,91.9032
1734,1/2/2020 21:00,35.7546,7.1776,43.8233,114.7695,87.8136,3.1765,32.5782,1251.8126,80.3104
1735,1/2/2020 22:00,20.5698,6.9424,52.2471,81.9911,74.2784,0.8514,19.7184,1273.2407,69.7559
1736,1/2/2020 23:00,20.221,6.8169,49.9085,87.1934,77.696,0.7971,19.424,1045.0926,73.4038
1737,2/2/2020 0:00,20.2059,6.6352,44.6244,84.6206,77.1385,1.1345,19.0714,848.75,73.4018
1738,2/2/2020 1:00,25.7856,7.0999,34.8809,124.5908,110.4299,2.115,23.6706,883.0208,103.6335
1739,2/2/2020 2:00,41.8183,7.0706,22.7652,141.2743,120.9383,3.2562,38.5621,931.7014,110.8289
1740,2/2/2020 3:00,28.6871,6.8922,32.9639,136.9294,117.653,2.1257,26.5613,802.2917,105.7042
1741,2/2/2020 4:00,26.2841,6.6606,28.5209,110.1665,98.2002,1.4695,24.8146,674.7917,86.7684
1742,2/2/2020 5:00,28.3784,6.7886,29.6965,141.4781,130.1033,2.5363,25.8421,715.8333,115.4216
1743,2/2/2020 6:00,39.3879,7.2239,32.0396,124.375,112.7945,9.7128,29.6752,718.8542,101.6376
1744,2/2/2020 7:00,34.1541,7.915,22.3193,106.727,102.4052,8.337,25.8171,687.0833,94.8635
1745,2/2/2020 8:00,42.1213,15.9755,20.834,125.0465,116.1676,8.8594,33.262,721.6146,107.8322
1746,2/2/2020 9:00,43.9596,10.5337,12.3959,131.9953,112.0829,8.1182,35.8414,795.2344,101.3025
1747,2/2/2020 10:00,57.2857,10.6135,17.0922,141.3078,119.8808,17.1406,40.1451,936.2917,110.035
1748,2/2/2020 11:00,50.3535,14.7185,22.0358,141.5141,122.2379,11.7013,38.6522,997.6668,112.8204
1749,2/2/2020 12:00,62.2931,10.2388,16.594,145.8922,117.9425,11.8947,50.3983,1050,107.6998
1750,2/2/2020 13:00,49.9336,9.5393,22.0005,147.0869,124.1565,6.9339,42.9996,980.9896,113.6248
1751,2/2/2020 14:00,67.904,8.611,26.5339,148.637,127.6117,20.5712,47.3327,984.479,115.3597
1752,2/2/2020 15:00,45.6892,9.6191,31.1128,158.904,135.2679,5.7732,39.9161,1030,121.693
1753,2/2/2020 16:00,46.8853,8.7969,49.5238,165.8185,137.9608,6.2276,40.6576,1032.2137,123.5667
1754,3/2/2020 1:00,37.8726,6.0251,7.3791,134.1216,123.2821,4.0021,33.8705,1174.792,112.5239
1755,3/2/2020 2:00,43.9276,6.4561,7.5664,141.928,123.0897,4.9697,38.9579,1221.4352,110.2899
1756,3/2/2020 3:00,44.7209,6.4912,5.7204,142.5044,122.871,3.823,40.8979,1244.5,109.2499
1757,3/2/2020 4:00,45.4861,6.945,6.629,260.4239,230.7888,6.2958,39.1903,1201.667,205.4814
1758,3/2/2020 5:00,61.2336,6.6662,5.4932,132.9084,123.1435,8.9987,52.2349,1164.792,113.1288
1759,3/2/2020 6:00,32.8707,6.867,10.9757,95.9878,87.9992,4.3,28.5707,746.4323,81.9148
1760,3/2/2020 7:00,26.4537,7.0725,12.308,82.3698,73.2938,1.6337,24.82,688.1771,67.556
1761,3/2/2020 8:00,33.0007,6.6241,7.4112,84.5806,76.4525,5.9444,27.0563,915.2257,71.1122
1762,3/2/2020 9:00,57.7702,6.4493,4.9051,90.3213,77.9937,24.088,33.6822,971.875,71.7944
1763,3/2/2020 10:00,70.5656,6.3029,8.3373,73.5983,61.67,25.8275,44.7381,1029.4048,55.6896
1764,3/2/2020 11:00,76.124,6.3639,11.2462,70.4219,60.3761,24.6822,51.4418,1083.2387,55.3506
1765,3/2/2020 12:00,85.4742,6.1824,8.8658,77.6977,68.7245,31.2075,54.2667,1349.2188,63.709
1766,3/2/2020 13:00,92.3075,6.1633,6.6385,79.1662,70.5899,31.9039,60.4036,1326.1807,65.4658
1767,3/2/2020 14:00,73.1815,6.5303,7.605,77.2275,72.1565,27.5091,45.6724,1236.354,68.8492
1768,3/2/2020 15:00,88.6002,7.243,8.247,86.7342,80.4149,46.3015,42.2987,1308.4375,75.8513
1769,3/2/2020 16:00,89.0099,7.0404,9.9078,74.8679,65.8625,24.9798,64.03,1246.042,60.6026
1770,3/2/2020 17:00,74.8799,7.2735,13.6106,46.9055,42.1658,24.2457,50.6342,1095.9469,40.3976
1771,3/2/2020 18:00,30.5212,7.4447,18.7324,10.6133,8.1239,7.2506,23.2706,761.8561,7.4184
1772,3/2/2020 19:00,36.1723,7.2982,21.1436,12.211,8.4677,12.5777,23.5945,775.303,7.4873
1773,3/2/2020 20:00,23.3973,6.9983,25.5744,6.8116,4.8811,5.5141,17.8832,651.5341,4.3473
1774,3/2/2020 21:00,18.8724,6.5854,22.8609,11.2016,8.1931,2.1497,16.7227,679.6402,7.0903
1775,3/2/2020 22:00,20.7692,6.4931,19.9322,14.7184,11.2451,2.131,18.6382,693.8447,9.9973
1776,3/2/2020 23:00,8.7807,6.2664,27.4726,9.954,7.9545,0.9652,7.8155,610.2273,7.2983
1777,4/2/2020 0:00,5.8792,6.4159,27.4827,6.7398,5.2461,0.47,5.4092,545.9091,4.7532
1778,4/2/2020 1:00,4.8997,6.38,27.7616,6.5912,5.1981,0.1886,4.7111,524.7159,4.7648
1779,4/2/2020 2:00,5.4255,6.3297,27.4099,8.8424,7.0306,0.4844,4.9411,510.928,6.5263
1780,4/2/2020 3:00,4.0779,5.928,27.4886,12.3438,9.7004,0.2826,3.7952,524.6023,8.6694
1781,4/2/2020 4:00,5.7445,6.1031,27.3604,8.5146,7.3367,1.2444,4.5001,555.1705,6.8099
1782,4/2/2020 5:00,8.4164,6.2214,26.4225,11.6908,10.3892,0.8458,7.5705,601.4583,9.6148
1783,4/2/2020 6:00,8.9153,6.2352,23.736,12.9252,11.5088,0.6944,8.221,595.4356,10.2332
1784,4/2/2020 7:00,10.7237,6.3626,23.1434,13.4617,11.8208,1.298,9.4257,658.9205,11.0859
1785,4/2/2020 8:00,12.4307,6.1685,23.3896,16.2453,14.2921,1.3341,11.0966,669.3371,13.3076
1786,4/2/2020 9:00,20.6384,6.3531,20.2962,27.5162,21.5499,3.7274,16.911,762.0455,19.0976
1787,4/2/2020 10:00,39.6651,7.4733,18.4113,20.0711,15.8252,17.3839,22.2812,796.0038,14.1597
1788,4/2/2020 11:00,53.2754,8.6216,18.9201,17.9908,13.1029,23.8715,29.4039,811.553,11.6098
1789,4/2/2020 12:00,41.2805,7.0226,13.7802,16.4101,12.4809,19.8029,21.4776,757.2383,11.2547
1790,4/2/2020 13:00,23.8712,7.4954,15.7004,15.3284,11.1699,8.1074,15.7638,690.5114,9.7439
1791,4/2/2020 14:00,17.0172,7.3307,20.1997,17.4646,13.4555,4.6226,12.3946,688.1818,11.9278
1792,4/2/2020 15:00,19.9048,6.6829,22.2547,30.0732,26.1475,5.5884,14.3164,711.4015,23.4215
1793,4/2/2020 16:00,21.7501,6.4259,23.8545,22.4599,18.627,6.8561,14.894,659.072,16.8422
1794,4/2/2020 17:00,23.155,6.3882,23.2269,32.6865,28.3915,6.5528,16.6022,676.6288,26.3632
1795,4/2/2020 18:00,35.1537,6.1828,21.7537,17.3918,13.7912,12.0456,23.1081,714.053,12.6413
1796,4/2/2020 19:00,19.1205,6.2001,23.4821,17.3674,14.0485,3.1506,15.9699,750.8902,12.9292
1797,4/2/2020 20:00,29.4025,6.1442,18.3418,27.1744,23.4201,8.9033,20.4992,782.8409,21.7584
1798,4/2/2020 21:00,16.5738,5.9752,21.166,14.1926,11.6961,2.9766,13.5972,732.6326,10.9335
1799,4/2/2020 22:00,9.7299,5.9592,25.7313,13.3757,11.5097,0.8868,8.8431,651.7045,10.7967
1800,4/2/2020 23:00,9.854,5.762,25.5608,14.3798,11.7749,1.4074,8.4466,620.0379,10.9492
1801,5/2/2020 0:00,5.3146,5.879,26.3394,14.3468,12.1129,0.39,4.9246,595.4924,11.167
1802,5/2/2020 1:00,4.6114,5.9003,26.0589,16.0863,13.9058,0.0832,4.5281,563.4659,12.8256
1803,5/2/2020 2:00,5.6938,5.755,23.8751,15.1325,12.8127,0.597,5.0968,593.1076,11.9405
1804,5/2/2020 3:00,5.0954,5.8101,22.3414,16.0459,13.1983,0.3062,4.7892,632.5,12.0844
1805,5/2/2020 4:00,4.9058,5.7993,21.9713,14.3517,12.3351,0.1994,4.7065,588.8636,11.3504
1806,5/2/2020 5:00,7.6253,6.3317,22.442,11.6869,9.7204,1.1418,6.4835,597.0312,8.9911
1807,5/2/2020 6:00,9.3717,6.6244,21.4641,9.8503,8.3396,2.0433,7.3284,640.2084,7.6554
1808,5/2/2020 7:00,8.4102,6.3457,22.1236,14.5865,12.7343,1.2756,7.1345,645.0947,11.8433
1809,5/2/2020 8:00,17.2492,6.5653,20.1153,22.6286,20.5809,6.2055,11.0437,676.0417,19.5128
1810,5/2/2020 9:00,25.3797,6.9966,20.077,13.3387,10.8244,9.1628,16.217,690.1515,9.572
1811,5/2/2020 10:00,51.2677,8.5479,16.5875,14.4041,11.7561,24.106,27.1617,761.0606,10.7137
1812,5/2/2020 11:00,73.5893,7.319,15.5027,20.8866,16.9141,36.4334,37.1559,890.9281,15.5484
1813,5/2/2020 12:00,100.7208,6.9983,9.9429,26.0601,21.8144,57.2489,43.472,882.5189,20.2123
1814,5/2/2020 13:00,122.1091,6.9043,10.3448,70.2246,61.8456,74.1292,47.9799,923.9015,57.5836
1815,5/2/2020 14:00,44.9971,6.5009,17.1002,23.6193,19.4784,21.4268,23.5703,728.2197,17.3837
1816,5/2/2020 15:00,54.3359,6.8038,15.4777,14.4522,11.943,26.4096,27.9263,785.5303,10.8454
1817,5/2/2020 16:00,28.1678,6.5269,21.0222,25.3219,21.0189,7.8942,20.2736,697.6894,18.9905
1818,5/2/2020 17:00,37.6706,6.6755,18.6162,39.7565,33.0746,13.1592,24.5114,690.928,29.6049
1819,5/2/2020 18:00,59.8056,6.5689,12.7437,39.8485,32.4075,28.9097,30.8959,885.2651,28.7729
1820,5/2/2020 19:00,75.7947,6.4372,10.164,23.6144,19.7417,41.2826,34.5122,1007.5568,18.5695
1821,5/2/2020 20:00,51.1844,6.7468,7.605,32.6579,27.9786,19.9373,31.247,1087.6042,26.426
1822,5/2/2020 21:00,60.6642,7.4114,3.9669,41.7593,35.0079,24.2408,36.4234,1062.5868,32.6761
1823,5/2/2020 22:00,48.9542,7.1236,4.1756,29.6458,25.3674,13.9453,35.0089,999.2235,23.5682
1824,5/2/2020 23:00,50.0187,7.7662,4.0717,33.5555,27.116,17.1597,32.859,996.0985,25.2384
1825,6/2/2020 0:00,42.7554,7.7099,4.2639,37.2501,29.1615,12.7399,30.0155,990.6439,26.6499
1826,6/2/2020 1:00,39.7783,7.5135,3.9727,44.2861,38.0816,10.3753,29.403,951.7361,35.8172
1827,6/2/2020 2:00,38.8227,7.751,4.0532,64.6625,58.7457,10.4211,28.4015,896.25,55.6125
1828,6/2/2020 3:00,32.7322,7.4135,4.0301,35.2706,27.6751,7.2707,25.4615,819.7917,24.6649
1829,6/2/2020 4:00,28.9955,7.3359,4.3763,52.8345,43.4795,4.9625,24.033,834.9242,37.5582
1830,6/2/2020 5:00,32.2818,6.942,4.5419,55.8981,45.4767,7.0531,25.2287,834.5833,37.3781
1831,6/2/2020 6:00,31.9031,7.9196,6.7287,53.5636,45.0958,10.329,21.5742,830.3788,36.8582
1832,6/2/2020 7:00,45.9665,8.895,4.8448,63.2005,50.3506,23.6865,22.28,893.2576,38.2521
1833,6/2/2020 8:00,54.8531,10.114,4.1321,68.7116,61.9982,29.1828,25.6703,1110.2652,52.8112
1834,6/2/2020 9:00,74.0719,10.5222,4.7789,75.0009,68.1958,47.8837,26.1882,1067.5568,58.0564
1835,6/2/2020 10:00,76.7561,10.5066,5.9335,85.2386,75.6292,50.9641,25.792,1098.731,63.6664
1836,6/2/2020 11:00,86.7678,13.0663,6.7469,98.7393,83.4738,59.1502,27.6176,1182.2917,72.9254
1837,6/2/2020 12:00,87.1841,12.503,6.0965,76.1032,64.7935,47.746,39.438,1198.466,56.392
1838,6/2/2020 13:00,78.8806,11.2602,10.3474,64.806,58.6587,36.8088,42.0718,1011.5341,52.6515
1839,6/2/2020 14:00,84.7378,13.1664,10.7897,65.4899,59.0493,40.4629,44.2749,1006.3258,53.7443
1840,6/2/2020 15:00,68.4464,14.8239,16.4936,62.335,53.4229,25.0513,43.3951,907.178,49.0465
1841,6/2/2020 16:00,65.3345,12.9298,23.7207,65.4397,52.8668,17.316,48.0185,887.9356,47.8635
1842,6/2/2020 17:00,57.6764,10.8645,26.3647,63.336,48.2335,11.4347,46.2418,851.7614,43.6374
1843,6/2/2020 18:00,55.5442,9.321,24.264,60.4358,42.3255,10.8887,44.6555,818.9394,38.1693
1844,6/2/2020 19:00,60.9545,8.2606,16.4202,61,41.7093,9.5989,51.3556,850.4167,37.335
1845,6/2/2020 20:00,80.1685,7.9456,6.0774,72.4193,49.745,22.2158,57.9527,1016.7993,44.1045
1846,6/2/2020 21:00,66.7117,7.7341,5.3344,65.3611,47.6486,14.94,51.7717,1063.6174,42.9206
1847,6/2/2020 22:00,72.4796,7.5075,4.4188,54.6378,39.2828,27.7861,44.6935,1098.1439,35.0187
1848,6/2/2020 23:00,77.0424,7.4711,4.8808,63.2546,48.19,31.7878,45.2546,1155.947,43.7352
1849,7/2/2020 0:00,92.0245,10.0702,9.7958,415.6765,373.3751,52.0456,39.9789,1830.5871,343.5412
1850,7/2/2020 1:00,86.0425,9.087,5.1351,278.3738,243.0196,48.0295,38.013,1425.9658,223.0486
1851,7/2/2020 2:00,83.0468,11.1453,7.418,596.8239,546.1951,41.0755,41.9713,1714.3183,507.212
1852,7/2/2020 3:00,79.5012,11.8478,5.3672,413.2198,372.0219,42.8977,36.6035,1398.3334,338.4923
1853,7/2/2020 4:00,77.2843,9.8583,5.8205,317.7813,273.9942,46.7282,30.5561,1363.0493,244.8405
1854,7/2/2020 5:00,67.9208,9.5078,6.1342,347.2404,300.1014,37.5129,30.4079,1389.5644,271.8068
1855,7/2/2020 6:00,52.5331,8.9891,4.7194,214.8257,188.1842,24.6538,27.8793,1088.1772,174.2028
1856,7/2/2020 7:00,42.6627,8.0245,3.9684,50.265,45.0619,13.6014,29.0613,865.6439,42.1309
1857,7/2/2020 8:00,49.018,7.635,4.2366,35.4759,32.3712,23.0445,25.9735,896.875,30.4586
1858,7/2/2020 9:00,67.3444,7.3524,4.8724,41.9274,36.8045,41.2925,26.0519,1069.9431,33.8015
1859,7/2/2020 10:00,69.5123,7.2644,5.2279,60.3325,50.2146,38.6164,30.8959,1096.7614,45.9978
1860,7/2/2020 11:00,79.512,7.0768,5.879,44.7397,37.076,41.7514,37.7606,1179.7916,34.1924
1861,7/2/2020 12:00,69.6379,7.1985,10.5036,56.7186,47.7042,27.3171,42.3208,1073.5985,44.1905
1862,7/2/2020 13:00,66.9327,7.4208,12.6515,60.5494,48.9473,24.0567,42.876,1033.106,43.3142
1863,7/2/2020 14:00,54.8402,7.3515,17.9178,57.6486,48.0599,16.0573,38.7829,917.4811,41.9804
1864,7/2/2020 15:00,56.9361,7.3177,20.0484,60.3,51.9215,15.2212,41.7149,887.5,45.3212
1865,7/2/2020 16:00,63.5228,6.945,21.5427,63.3462,51.3815,14.8854,48.6375,927.7841,45.3057
1866,7/2/2020 17:00,77.9424,7.1127,18.6175,72.5981,57.7944,17.2868,60.6556,975.9091,50.7323
1867,7/2/2020 18:00,91.0804,6.9983,13.4778,81.146,64.0259,22.9816,68.0988,1093.0303,56.4312
1868,7/2/2020 19:00,110.9249,6.7717,10.8267,90.2959,72.3685,39.089,71.8358,1696.3825,64.0203
1869,7/2/2020 20:00,95.5432,6.7981,6.7453,94.5309,77.5069,30.7211,64.8221,2047.8597,69.882
1870,7/2/2020 21:00,94.8875,6.8007,7.4242,96.2645,82.4791,29.8065,65.081,2096.9508,75.0067
1871,7/2/2020 22:00,79.9684,6.8276,8.8558,81.9316,70.408,31.8167,48.1517,1794.375,64.813
1872,7/2/2020 23:00,65.8694,6.7383,5.0231,57.5967,47.0528,23.3653,42.5041,1379.053,42.7701
1873,8/2/2020 0:00,63.3011,6.8887,3.5217,54.4238,42.6456,12.2042,51.097,854.4697,38.2924
1874,8/2/2020 1:00,27.1605,7.241,7.032,35.5686,28.8652,3.3285,23.832,786.3258,26.3535
1875,8/2/2020 2:00,39.4535,7.4494,3.9824,53.7437,43.5978,7.1463,32.3072,1016.1176,39.4934
1876,8/2/2020 3:00,21.6946,7.4451,6.0036,33.7867,26.4874,3.0984,18.5962,784.9621,24.1258
1877,8/2/2020 4:00,15.609,7.2323,7.9398,28.164,23.3987,2.1379,13.4711,667.0644,21.3909
1878,8/2/2020 5:00,13.8279,7.0816,8.8889,16.024,11.5038,1.7544,12.0735,645.6629,9.7993
1879,8/2/2020 6:00,30.2537,8.4578,10.8683,28.6571,16.3639,10.1018,20.1519,631.4204,12.5727
1880,8/2/2020 7:00,23.7126,8.8621,7.4239,29.7437,21.5118,5.8883,17.8244,640.1515,17.9695
1881,8/2/2020 8:00,38.7022,8.2524,7.4508,29.6067,22.5829,13.7265,24.9757,800.7575,19.2748
1882,8/2/2020 9:00,32.9671,7.9608,6.481,29.9559,25.6253,10.4991,22.468,897.9735,23.5243
1883,8/2/2020 10:00,44.4061,8.6151,7.1622,28.3084,21.8894,21.1265,23.2796,1032.3675,19.7104
1884,8/2/2020 11:00,70.2844,8.7178,8.2905,27.7124,22.7161,41.9666,28.3178,1072.5378,20.7297
1885,8/2/2020 12:00,61.4304,10.491,8.0905,30.6976,22.4971,34.2043,27.2261,896.4394,19.6283
1886,8/2/2020 13:00,55.4254,10.6934,9.5078,29.6185,20.8279,30.7089,24.7165,1038.0114,18.5856
1887,8/2/2020 14:00,37.5896,11.859,11.9933,24.1429,17.5738,17.2174,20.3723,940.8144,15.652
1888,8/2/2020 15:00,31.2955,10.8338,12.7434,22.813,15.4458,14.4365,16.859,923.2765,13.6921
1889,8/2/2020 16:00,42.1143,9.5385,12.3489,26.6924,18.5555,20.7797,21.3345,962.2728,16.5453
1890,8/2/2020 17:00,38.2178,8.4886,11.8911,28.5713,19.1746,15.518,22.6998,1087.1782,16.9551
1891,8/2/2020 18:00,38.3764,8.908,17.4629,30.3365,16.3864,13.641,24.7355,884.6212,13.6565
1892,8/2/2020 19:00,28.5499,8.7858,19.2006,31.807,17.2289,7.4453,21.1045,902.7462,14.4463
1893,8/2/2020 20:00,25.5256,8.6225,20.3036,28.7719,12.1677,6.7128,18.8128,883.6174,9.4637
1894,8/2/2020 21:00,19.2854,8.3651,20.2757,34.2173,21.7995,4.0005,15.2849,829.2614,18.9285
1895,8/2/2020 22:00,17.3022,8.0227,17.8528,22.3577,9.1205,2.9921,14.3102,790.322,6.8445
1896,8/2/2020 23:00,13.7408,7.6566,19.0928,15.2939,7.426,2.1304,11.6104,703.0492,5.8107
1897,9/2/2020 0:00,12.4803,7.602,17.1628,20.4407,7.8361,0.9729,11.5074,703.5796,5.3953
1898,9/2/2020 1:00,15.3765,7.3701,15.5608,24.0129,9.49,2.3143,13.0622,713.5227,6.1603
1899,9/2/2020 2:00,12.3569,7.3671,14.9692,17.3591,8.2669,0.9516,11.4053,701.7424,5.9557
1900,9/2/2020 3:00,9.9835,7.2488,17.5921,20.7537,14.9386,0.5593,9.4241,660.6439,13.0753
1901,9/2/2020 4:00,8.7814,7.2518,21.4417,21.2908,13.8239,0.6052,8.1762,604.4508,11.6124
1902,9/2/2020 5:00,6.7052,6.9034,23.2308,13.6744,7.6473,0.578,6.1271,578.9583,6.0068
1903,9/2/2020 6:00,8.2624,6.848,22.8963,10.7494,5.282,2.2837,5.9787,569.697,3.8928
1904,9/2/2020 7:00,5.9082,6.9485,22.3807,8.5055,4.0712,0.9341,4.9741,553.7311,3.0144
1905,9/2/2020 8:00,9.0489,7.1197,23.4853,23.7283,20.1787,1.5867,7.4622,642.2159,18.6705
1906,9/2/2020 9:00,27.8995,6.7873,20.1556,6.9538,4.4983,11.6119,16.2876,737.2159,3.8004
1907,9/2/2020 10:00,54.1662,6.5689,14.2763,14.9753,11.3665,25.7603,28.4059,825.1326,10.5638
1908,9/2/2020 11:00,165.258,6.7327,7.7596,16.7962,13.1048,106.6191,58.6389,893.2197,12.1167
1909,9/2/2020 12:00,67.7342,6.4818,13.1194,19.2451,15.0032,35.1547,32.5796,833.3712,13.7471
1910,9/2/2020 13:00,70.5734,6.4679,13.5545,30.5273,23.6182,36.9554,33.6181,868.4848,21.3021
1911,9/2/2020 14:00,26.9514,6.685,22.459,16.7652,11.5806,9.6953,17.2561,695.0379,10.0918
1912,9/2/2020 15:00,23.6342,6.9598,26.1209,23.9289,17.4685,7.1593,16.4749,608.2008,15.4005
1913,9/2/2020 16:00,40.2035,7.0521,26.9395,24.5346,16.3432,15.3034,24.9001,673.8257,14.4564
1914,9/2/2020 17:00,66.4206,6.695,23.7392,44.9717,14.0599,30.7227,35.6979,639.0909,9.6469
1915,9/2/2020 18:00,42.304,6.7453,28.5298,44.502,22.3897,16.3025,26.0015,701.4205,18.3221
1916,9/2/2020 19:00,38.7689,6.9585,24.712,78.9387,50.5737,10.7184,28.0505,798.3901,43.1857
1917,9/2/2020 20:00,45.8517,6.835,18.7425,75.4456,45.1175,16.7543,29.0974,926.3258,37.9529
1918,9/2/2020 21:00,25.4052,6.5529,19.8341,35.9215,19.0805,5.1742,20.231,788.9583,15.8642
1919,9/2/2020 22:00,24.669,6.588,19.4,45.0064,23.4106,5.5303,19.1386,714.6401,19.3004
1920,9/2/2020 23:00,18.0504,6.3405,17.6496,39.7848,19.7187,1.9623,16.0881,633.1818,15.5658
1921,10/2/2020 0:00,13.1264,6.8467,18.7633,21.4194,13.8461,0.6558,12.4706,599.5076,12.1528
1922,10/2/2020 1:00,9.6287,6.9004,21.7758,18.2293,13.834,0.7847,8.844,553.1818,12.5423
1923,10/2/2020 2:00,8.29,6.9329,22.5171,23.8512,19.1659,0.7938,7.4962,527.8409,17.604
1924,10/2/2020 3:00,16.7364,6.451,14.3825,36.3061,19.6659,0.8923,15.8441,513.4848,15.2959
1925,10/2/2020 4:00,10.8762,6.484,20.7644,30.6953,16.6374,1.8072,9.069,501.5151,13.5662
1926,10/2/2020 5:00,8.841,6.3713,24.4481,22.3656,18.7212,1.8082,7.0328,521.875,17.2739
1927,10/2/2020 6:00,6.7737,6.383,25.4838,26.6134,21.2545,0.7449,6.0288,655.9659,19.5388
1928,10/2/2020 7:00,13.4954,6.5126,21.9106,31.5384,26.4101,2.4228,11.0726,974.072,24.6656
1929,10/2/2020 8:00,57.1899,6.6872,14.2896,45.9467,22.3833,32.2189,24.971,748.0114,17.9797
1930,10/2/2020 9:00,98.3586,6.8155,9.7328,86.228,34.6273,57.5774,40.7812,880.2841,25.4107
1931,10/2/2020 10:00,123.4879,7.1058,7.8207,139.064,40.5078,76.0616,47.4262,992.6326,24.0013
1932,10/2/2020 11:00,98.6344,8.8127,10.4926,121.1644,48.1412,53.706,44.9284,1069.8674,34.7927
1933,10/2/2020 12:00,93.0189,11.5717,12.803,138.3687,52.8739,45.3702,47.6488,908.9015,37.7561
1934,10/2/2020 13:00,125.6944,14.55,14.2003,133.6529,55.7011,63.2864,62.408,805.2652,39.6187
1935,10/2/2020 14:00,118.0934,19.2118,10.626,151.0929,60.6534,51.4909,66.6025,842.9356,41.7496
1936,10/2/2020 15:00,121.9793,26.523,12.7499,142.8611,67.5599,52.6742,69.3051,844.2803,49.854
1937,10/2/2020 16:00,142.0156,24.8192,8.8912,185.4306,66.6877,63.7028,78.3128,969.9053,42.8047
1938,10/2/2020 17:00,200.3116,22.428,8.2928,175.6518,69.1273,114.9259,85.3857,1082.8408,46.2204
1939,10/2/2020 18:00,186.9574,16.5876,8.6067,177.5805,65.7448,105.2042,81.7532,1133.447,42.5969
1940,10/2/2020 19:00,129.9753,13.7622,3.2168,160.9189,73.2455,49.822,80.1533,1070.6439,54.1406
1941,10/2/2020 20:00,117.874,11.1748,3.447,104.6285,64.469,40.9234,76.9506,1027.5568,53.7072
1942,10/2/2020 21:00,115.6801,10.4576,3.5444,99.7714,64.1521,41.5469,74.1332,1055.909,54.493
1943,10/2/2020 22:00,88.901,9.9706,3.6441,94.9485,63.1825,16.481,72.42,896.6667,53.8674
1944,10/2/2020 23:00,84.5022,9.5732,3.9084,99.4162,68.2718,16.8854,67.6167,862.7841,58.5693
1945,11/2/2020 0:00,86.6335,9.4029,3.7441,112.1545,75.028,17.3857,69.2478,968.1249,63.6791
1946,11/2/2020 1:00,85.2028,9.0289,3.7977,81.7965,64.8144,18.4845,66.7183,914.4129,57.5405
1947,11/2/2020 2:00,85.278,8.6987,4.0603,83.6039,67.9825,19.7457,65.5322,1368.5038,60.7597
1948,11/2/2020 3:00,78.7879,8.6597,4.1107,87.4439,73.7131,16.2822,62.5057,1412.4432,66.6492
1949,11/2/2020 4:00,71.8012,8.5852,4.474,76.287,66.6426,14.5593,57.2419,1463.0872,60.5517
1950,11/2/2020 5:00,73.6039,8.138,4.5763,76.3784,68.713,21.3056,52.2983,1543.9583,62.8645
1951,11/2/2020 6:00,73.4827,8.1445,4.473,87.6621,72.9286,24.5449,48.9378,1416.5341,65.2375
1952,11/2/2020 7:00,76.459,8.7018,4.5337,99.2125,80.7124,24.7526,51.7063,1278.6365,71.5103
1953,11/2/2020 8:00,93.9093,8.9683,5.0003,86.8048,76.3349,43.0924,50.8169,1453.7123,69.6066
1954,11/2/2020 9:00,138.7614,9.3384,5.1121,87.5384,73.5827,76.7628,61.9986,1635.9167,66.5293
1955,11/2/2020 10:00,129.362,11.3477,5.3685,100.7907,82.5528,58.4632,70.8988,1373.0683,73.9718
1956,11/2/2020 11:00,210.0321,11.5444,5.6137,108.2391,88.8677,135.836,74.1961,1677.5002,79.9466
1957,11/2/2020 12:00,224.719,13.9252,8.0301,98.9942,80.0413,128.3683,96.3507,1401.4773,72.053
1958,11/2/2020 13:00,206.4684,15.1346,11.9826,107.2461,74.5917,103.2275,103.2409,1068.3144,62.6086
1959,11/2/2020 14:00,135.5994,16.3536,21.1995,137.3044,86.3035,39.6811,95.9184,1016.4014,73.0134
1960,11/2/2020 15:00,58.9212,12.9818,34.2607,102.6274,52.4608,7.3592,51.5619,607.2727,42.284
1961,11/2/2020 16:00,62.4043,10.5408,39.814,124.9159,51.669,7.1834,55.2209,590.322,38.3183
1962,11/2/2020 17:00,64.824,9.3951,48.2821,130.5281,59.6746,5.6589,59.1652,669.3561,46.152
1963,11/2/2020 18:00,98.1907,8.8313,33.6331,128.8901,67.1846,13.6985,84.4922,848.9962,54.2482
1964,11/2/2020 19:00,73.6753,8.723,39.3104,120.6888,74.1747,6.0598,67.6155,1008.8825,63.5031
1965,11/2/2020 20:00,63.3629,8.4396,34.7984,101.3068,65.7315,4.6689,58.694,1016.3068,57.6999
1966,11/2/2020 21:00,62.8208,8.0565,24.3799,102.103,72.2216,4.9188,57.9019,1022.2158,64.8322
1967,11/2/2020 22:00,40.8681,7.6098,28.1126,83.2384,62.7716,2.9722,37.896,856.8561,56.4807
1968,11/2/2020 23:00,32.8255,7.6116,32.1453,78.7477,51.7167,2.5168,30.3088,648.316,43.1807
1969,12/2/2020 0:00,35.5017,7.4624,30.9111,52.2929,42.1275,3.7086,31.7931,582.4432,37.9814
1970,12/2/2020 1:00,70.8402,7.7246,5.9566,81.8198,61.5993,13.5354,57.3047,977.6515,54.5926
1971,12/2/2020 2:00,64.0027,7.6912,5.0072,98.2701,75.8161,16.7246,47.2781,959.8106,67.6337
1972,12/2/2020 3:00,61.8051,7.3576,4.8503,72.2592,56.7236,19.4127,42.3924,975.5871,50.959
1973,12/2/2020 4:00,63.5456,7.4009,5.2857,130.645,114.6663,22.3819,41.1637,1055.2652,106.8946
1974,12/2/2020 5:00,53.9307,7.3792,5.939,115.2815,101.1669,13.4327,40.498,1072.6893,93.0594
1975,12/2/2020 6:00,47.8634,6.958,4.5873,59.0543,54.9494,12.9968,34.8666,1016.6856,51.8816
1976,12/2/2020 7:00,53.7397,6.6478,4.8062,49.0352,45.1217,16.5853,37.1544,948.3712,43.2461
1977,12/2/2020 8:00,77.8988,6.4614,4.8078,49.8363,47.0683,47.2301,30.6687,1150.9658,45.2673
1978,12/2/2020 9:00,95.9608,6.49,4.9055,53.5983,48.3497,58.4078,37.553,1250.5493,45.9532
1979,12/2/2020 10:00,96.6126,6.5309,5.274,69.5314,58.3017,57.1887,39.424,1325.5989,53.7409
1980,12/2/2020 11:00,69.1376,6.6365,7.3037,81.8054,68.6717,32.751,36.3866,1139.0342,60.9455
1981,12/2/2020 12:00,61.7244,6.5936,10.1841,65.4313,58.4565,24.4394,37.2851,966.25,52.3194
1982,12/2/2020 13:00,66.5198,6.6469,16.5907,81.2163,68.0042,24.443,42.0768,1049.5832,59.2904
1983,12/2/2020 14:00,78.9867,6.7045,26.705,72.6339,63.6007,20.5339,58.4528,1182.0264,57.1942
1984,12/2/2020 15:00,112.8018,7.0499,25.302,88.2553,75.3021,32.6467,80.1552,1465.7954,67.8643
1985,12/2/2020 16:00,93.9226,7.2186,24.4056,103.4455,88.3107,20.6639,73.2586,1401.354,79.8308
1986,12/2/2020 17:00,110.9274,7.1829,21.707,111.8612,93.1974,22.9676,87.9597,1498.8068,83.834
1987,12/2/2020 18:00,121.0025,7.4525,16.4479,136.8648,111.4437,24.7141,96.2884,1699.3561,100.2469
1988,12/2/2020 19:00,149.6907,7.2063,14.4263,133.5476,104.5973,49.5766,100.1141,1988.8069,94.5675
1989,12/2/2020 20:00,70.621,6.994,22.7619,80.4446,61.2021,9.1796,61.4414,1077.8978,55.0103
1990,12/2/2020 21:00,44.2801,7.0581,26.3485,57.2515,44.8032,3.9648,40.3154,692.7841,39.2813
1991,12/2/2020 22:00,33.8575,6.776,27.6814,50.6423,40.7704,2.37,31.4875,702.0455,36.2288
1992,12/2/2020 23:00,31.2094,6.8618,25.1315,42.75,37.1117,1.9984,29.211,606.5151,33.2166
1993,00:00 13/02/2020,42.0089,6.7747,20.3903,56.5094,49.2807,6.3518,35.6571,668.5038,43.7975
1994,01:00 13/02/2020,27.7195,6.8072,25.3523,64.5663,58.4983,1.9172,25.8023,544.2803,53.0166
1995,02:00 13/02/2020,24.3289,6.7955,27.0284,44.9186,40.7059,1.8587,22.4701,527.0833,36.6935
1996,03:00 13/02/2020,29.0421,6.8532,30.8008,32.3345,27.2299,1.4098,27.6322,421.7803,24.4915
1997,04:00 13/02/2020,45.4622,7.8156,18.4012,443.9137,395.54,8.7114,36.7507,908.8637,350.9863
1998,05:00 13/02/2020,38.5424,9.3201,16.6644,437.7159,393.9339,6.1461,32.3963,947.4053,356.9315
1999,06:00 13/02/2020,29.4611,7.956,12.731,130.734,120.5801,2.8656,26.5956,849.3939,111.0895
2000,07:00 13/02/2020,30.176,7.4542,12.2372,62.6382,58.3833,3.1441,27.0319,890.3599,54.2558
2001,08:00 13/02/2020,60.9019,7.1426,7.545,67.2977,60.8136,26.382,34.52,1325.0378,56.3909
2002,09:00 13/02/2020,137.8214,7.6748,6.1683,117.9049,103.0887,101.3552,36.4663,1855.4167,90.601
2003,10:00 13/02/2020,134.0931,7.595,6.8557,110.5069,100.7019,83.0441,51.0491,1732.5947,91.8282
2004,11:00 13/02/2020,117.2556,8.0084,6.8884,126.6647,103.1692,59.6487,57.6069,1356.0038,89.4852
2005,12:00 13/02/2020,77.5689,7.2748,10.3598,90.6505,82.1857,33.7097,43.8591,1067.481,74.1665
2006,13:00 13/02/2020,107.9086,7.1595,10.6397,87.599,79.6949,50.4748,57.4339,1199.7348,71.4478
2007,14:00 13/02/2020,154.4285,7.3779,10.262,83.2845,77.5775,77.4268,77.0017,1638.8257,72.1609
2008,15:00 13/02/2020,62.3935,6.9407,20.6822,36.6171,33.6046,17.7974,44.5961,719.2649,31.7146
2009,16:00 13/02/2020,78.1285,6.8259,23.183,39.9629,34.1786,23.9088,54.2197,670.303,31.137
2010,17:00 13/02/2020,76.003,6.4749,17.4353,38.8913,32.25,19.8681,56.1349,732.1023,28.9659
2011,18:00 13/02/2020,87.1193,6.6421,13.5931,71.6233,51.4165,30.5979,56.5214,888.0492,44.6297
2012,19:00 13/02/2020,68.0549,6.6751,20.4277,59.5647,47.8067,15.9925,52.0624,707.1401,43.2151
2013,20:00 13/02/2020,59.7328,6.7149,23.3447,46.5757,34.7751,13.8022,45.9306,788.3333,29.332
2014,21:00 13/02/2020,35.1343,6.591,27.533,37.614,30.0303,3.5827,31.5516,591.6098,25.1079
2015,22:00 13/02/2020,35.6619,6.708,22.6613,34.513,30.0164,3.4194,32.2425,746.6288,26.379
2016,23:00 13/02/2020,39.0276,6.6218,15.5254,29.8112,25.4845,3.2018,35.8258,766.3258,22.5558
2017,00:00 14/02/2020,51.1225,6.7942,8.635,32.7805,27.3593,9.5741,41.5484,817.5947,24.3693
2018,01:00 14/02/2020,46.3986,7.0477,11.7508,54.5789,47.2441,4.6965,41.7021,648.2197,42.0627
2019,02:00 14/02/2020,26.0278,7.485,17.7885,54.0573,48.5963,2.1111,23.9167,597.9924,43.5347
2020,03:00 14/02/2020,21.623,7.4754,19.8182,32.7845,26.2268,1.7388,19.8843,310.1705,23.4684
2021,04:00 14/02/2020,20.9929,7.6388,25.5114,38.5941,34.3015,1.863,19.1299,342.5758,31.8907
2022,05:00 14/02/2020,28.7358,7.7198,16.8982,65.2685,57.2806,2.2276,26.5081,411.3258,52.0302
2023,06:00 14/02/2020,44.318,7.9911,12.0979,80.8356,69.0627,4.3219,39.996,515.2273,62.2759
2024,07:00 14/02/2020,47.0747,7.8039,15.2121,58.2574,51.666,11.8032,35.2715,608.6553,46.8415
2025,08:00 14/02/2020,47.4038,8.1172,13.1337,39.368,35.4579,10.2177,37.1861,540.2841,33.1495
2026,09:00 14/02/2020,112.7537,7.8498,14.5994,35.316,32.0223,55.6874,57.0663,905.3788,30.3472
2027,10:00 14/02/2020,105.5171,7.8672,11.4631,35.5896,31.1207,53.4357,52.0813,1028.9584,29.4956
2028,11:00 14/02/2020,95.2111,7.5777,12.3654,29.412,24.9978,45.0646,50.1465,726.6667,23.5152
2029,12:00 14/02/2020,78.0141,7.6241,10.8819,28.4834,23.8988,30.2318,47.7823,604.0341,22.4101
2030,13:00 14/02/2020,76.1954,7.7021,14.6558,28.5723,23.9318,29.8877,46.3077,604.2424,22.3802
2031,14:00 14/02/2020,53.2758,7.7848,28.0727,31.9302,24.9405,19.0733,34.2025,416.4394,22.8308
2032,15:00 14/02/2020,43.3074,8.086,34.3179,41.9609,28.8975,10.9161,32.3913,448.3144,25.7253
2033,16:00 14/02/2020,57.7615,8.4002,36.2174,64.7553,33.9994,13.5482,44.2133,441.7614,27.5244
2034,17:00 14/02/2020,69.2616,7.6249,37.911,75.8018,36.834,18.788,50.4736,478.7311,28.6897
2035,18:00 14/02/2020,51.45,7.8425,30.504,81.4728,39.3593,10.9575,40.4924,522.5189,29.2483
2036,19:00 14/02/2020,45.2086,8.3256,29.9924,63.4474,30.0631,7.8358,37.3728,617.6705,22.2282
2037,20:00 14/02/2020,54.5199,7.9933,23.512,74.3647,34.5906,10.6256,43.8943,612.4621,25.3023
2038,21:00 14/02/2020,36.2625,7.9018,26.7979,61.054,30.4389,4.3828,31.8796,593.0114,22.6352
2039,22:00 14/02/2020,30.4221,7.6323,25.8595,37.4382,26.9277,2.5275,27.8946,617.5189,22.5747
2040,23:00 14/02/2020,37.2093,7.5569,21.9632,46.5948,31.1341,3.1185,34.0908,551.7614,25.3799
2041,00:00 15/02/2020,41.344,7.498,19.3948,65.3295,43.9208,3.5697,37.7743,554.0909,36.3565
2042,01:00 15/02/2020,27.4614,7.6102,20.6916,31.3306,27.1728,2.2199,25.2415,547.2159,24.5819
2043,02:00 15/02/2020,23.2717,7.5105,22.0278,42.6675,38.3302,1.8628,21.4089,366.6667,35.3754
2044,03:00 15/02/2020,23.358,7.855,21.4514,73.907,67.6039,1.7231,21.6348,412.3864,62.6397
2045,04:00 15/02/2020,23.9877,7.8745,17.1024,54.1637,43.9255,2.0551,21.9327,422.3295,38.929
2046,05:00 15/02/2020,18.4352,8.4413,19.6412,93.467,83.2443,1.8084,16.6268,390.2462,75.1994
2047,06:00 15/02/2020,22.3216,8.1943,21.1758,64.706,52.0653,2.2431,20.0785,394.0909,45.5165
2048,07:00 15/02/2020,29.1592,8.2004,16.6972,40.4532,31.6036,3.8698,25.2894,356.2311,27.2285
2049,08:00 15/02/2020,33.5102,8.2004,16.065,36.078,27.1822,5.8521,27.658,490.8712,22.707
2050,09:00 15/02/2020,59.301,7.9924,14.0081,39.8833,30.5446,18.9106,40.3904,755.4356,25.8572
2051,10:00 15/02/2020,71.5453,8.0253,11.1887,44.0874,32.1995,27.1303,44.4149,855.8712,27.0013
2052,11:00 15/02/2020,87.7126,8.2042,14.3763,51.0744,36.4894,38.5358,49.1768,809.1146,30.8242
2053,12:00 15/02/2020,94.8757,8.5549,13.4665,72.68,56.6973,42.7212,52.1545,1199.5265,51.1912
2054,13:00 15/02/2020,106.5707,10.3142,21.6566,62.6831,45.5545,43.587,62.9837,969.3372,40.1114
2055,14:00 15/02/2020,60.7352,16.7397,43.0639,94.1869,46.2567,14.7845,45.9508,565.3409,37.2496
2056,15:00 15/02/2020,88.0466,28.6368,51.1537,164.7129,60.5205,19.2164,68.8302,1201.0795,42.6746
2057,16:00 15/02/2020,66.8592,16.5789,53.5314,173.2611,57.788,14.5977,52.2615,540.4545,38.599
2058,17:00 15/02/2020,64.5865,12.3929,45.8998,163.3418,50.2565,11.5737,53.0128,1745.3219,31.4755
2059,18:00 15/02/2020,72.329,11.5011,36.9642,149.5113,44.0986,19.1815,53.1476,810.947,26.512
2060,19:00 15/02/2020,58.9516,11.9063,31.9531,116.3069,40.0662,8.6613,50.2903,814.8675,27.1456
2061,20:00 15/02/2020,55.3079,11.4682,22.4385,117.2809,49.1675,6.4009,48.907,762.0455,36.7284
2062,21:00 15/02/2020,45.1432,10.0207,21.6797,82.2206,48.3018,5.0574,40.0858,682.8646,40.9705
2063,22:00 15/02/2020,41.4523,9.1849,17.8262,75.8765,54.8432,4.1426,37.3097,918.0683,48.5188
2064,23:00 15/02/2020,35.1258,8.882,14.5977,66.4141,40.0218,4.0279,31.0979,697.9356,32.1778
2065,00:00 16/02/2020,39.1496,8.9652,13.5632,85.1224,56.5166,8.1127,31.0369,679.8106,44.886
2066,01:00 16/02/2020,42.1541,10.4308,16.2066,136.5015,101.7221,5.4702,36.6838,602.2159,86.8137
2067,02:00 16/02/2020,11.9268,12.6286,34.2013,56.1381,28.6593,1.6963,10.2305,515.0189,22.6425
2068,03:00 16/02/2020,8.9372,12.1793,35.352,28.9788,20.9864,1.5609,7.3764,517.7462,19.0772
2069,04:00 16/02/2020,6.0963,12.0835,39.5604,19.03,13.5835,0.8225,5.2738,500.2273,12.3745
2070,05:00 16/02/2020,7.2535,11.9102,45.4881,15.5094,10.3017,1.3041,5.9494,465.5871,9.1692
2071,06:00 16/02/2020,31.8087,36.917,38.562,19.2126,12.9598,10.0342,21.7746,474.3561,11.6497
2072,07:00 16/02/2020,37.1751,41.5872,34.7303,18.6974,13.2766,13.1316,24.0435,523.1424,11.9572
2073,08:00 16/02/2020,42.3474,37.6579,32.8007,17.9645,12.9191,14.88,27.4674,560.9896,11.689
2074,09:00 16/02/2020,51.2317,26.0204,30.8232,21.1975,11.6979,19.5762,31.6556,549.0151,10.0838
2075,10:00 16/02/2020,32.3553,17.5292,39.6169,28.1275,14.9057,8.3425,24.0128,550.8523,12.4043
2076,11:00 16/02/2020,38.0801,12.6434,50.5719,79.3896,23.7677,13.0098,25.0703,484.4129,16.3868
2077,12:00 16/02/2020,41.6738,13.9508,53.2473,68.8139,18.118,12.9451,28.7286,442.2743,11.3266
2078,13:00 16/02/2020,45.3535,12.8943,53.914,56.1271,17.1798,13.3226,32.0309,480.7008,11.7343
2079,14:00 16/02/2020,33.8632,15.298,60.7963,38.2984,13.7467,8.2952,25.5679,376.7046,9.816
2080,15:00 16/02/2020,68.8099,30.8139,52.7749,49.2422,16.389,28.7946,40.0153,592.1969,11.3075
2081,16:00 16/02/2020,45.307,20.5884,60.6121,65.088,22.6411,11.36,33.9469,431.7535,16.0718
2082,17:00 16/02/2020,39.8747,12.9943,66.6783,64.6102,20.9697,9.4293,30.4454,469.3056,14.27
2083,18:00 16/02/2020,38.1509,11.3477,64.1283,74.249,28.9719,7.4632,30.6877,515.7576,21.3132
2084,19:00 16/02/2020,72.0991,10.0343,48.9292,111.9524,49.3283,23.3633,48.7358,846.1932,38.5606
2085,20:00 16/02/2020,32.3276,9.1845,55.1628,85.3729,32.879,4.5292,27.7984,556.1553,24.4879
2086,21:00 16/02/2020,19.4459,8.8342,54.6834,66.6673,31.5869,1.9832,17.4627,516.9271,25.7744
2087,22:00 16/02/2020,20.1187,8.9449,49.1767,68.0033,37.8225,1.9249,18.1938,515.6439,32.1546
2088,23:00 16/02/2020,19.5816,14.4495,54.5644,50.8345,36.0762,1.2151,18.3665,429.4508,32.5219
2089,00:00 17/02/2020,16.5373,12.9775,61.2901,28.7627,20.6375,1.1055,15.4318,329.5455,18.5303
2090,01:00 17/02/2020,11.4759,11.3177,67.4375,22.3544,14.7259,0.4619,11.014,276.8403,12.715
2091,02:00 17/02/2020,10.1517,9.0503,61.7178,21.3893,14.7828,0.4308,9.7208,249.0451,12.8799
2092,03:00 17/02/2020,12.146,9.1858,55.681,23.7513,16.4369,0.483,11.663,278.106,14.2533
2093,04:00 17/02/2020,13.6779,8.928,48.4633,26.7511,19.733,0.6913,12.9866,292.4811,17.43
2094,05:00 17/02/2020,9.393,8.5258,52.2613,31.3428,25.5735,0.4329,8.9601,303.4091,23.7566
2095,06:00 17/02/2020,10.7773,9.1186,49.9877,32.4526,27.4729,0.5998,10.1776,297.5758,25.4322
2096,07:00 17/02/2020,23.5875,14.5929,42.8457,33.2798,24.7434,4.2793,19.3082,390.7197,22.5015
2097,08:00 17/02/2020,32.9525,14.8425,35.4676,41.0892,24.0766,7.2078,25.7447,501.2689,20.4257
2098,09:00 17/02/2020,104.7732,13.8493,20.2056,86.4194,35.0802,48.2325,56.5407,677.7083,26.951
2099,10:00 17/02/2020,90.9675,10.7419,34.4939,73.8619,37.6112,37.8047,53.1628,631.875,29.9788
2100,11:00 17/02/2020,37.3629,10.4182,44.7559,87.6887,47.9484,9.276,28.0869,392.8788,40.3558
2101,12:00 17/02/2020,62.4654,11.9327,45.5521,63.0115,32.219,23.1686,39.2968,402.2727,26.5071
2102,13:00 17/02/2020,75.6679,10.9963,48.1065,108.0471,36.6414,30.8269,44.841,420.7765,26.1312
2103,14:00 17/02/2020,32.3722,13.6539,68.363,88.7931,31.0768,7.2181,25.154,312.8599,22.2861
2104,15:00 17/02/2020,69.5832,33.8459,56.3109,112.9134,37.3615,20.6995,48.8836,503.1061,25.9167
2105,16:00 17/02/2020,75.2351,35.253,56.5898,148.5612,45.1075,21.6394,53.5957,681.9129,28.9863
2106,17:00 17/02/2020,122.7283,64.5272,38.6298,176.9465,60.0838,44.4383,78.2901,536.9767,39.8297
2107,18:00 17/02/2020,169.6094,59.3268,22.8447,286.8186,70.0981,72.5177,97.0916,781.0796,35.1585
2108,19:00 17/02/2020,112.0888,36.6873,35.7884,178.7836,61.1215,31.0582,81.0306,670.5682,41.3109
2109,20:00 17/02/2020,93.4867,38.1784,41.5313,168.9781,62.0671,17.339,76.1477,582.1402,43.8974
2110,21:00 17/02/2020,73.5305,26.426,39.2932,161.2842,61.5303,10.1702,63.3603,577.5379,44.3721
2111,22:00 17/02/2020,52.6782,28.363,48.1756,82.7958,50.265,7.3623,45.3159,538.7121,42.9434
2112,23:00 17/02/2020,45.3407,25.8622,48.9419,66.0746,45.054,3.3392,42.0015,436.4015,39.447
2113,00:00 18/02/2020,43.4244,22.461,40.9238,80.499,54.6116,3.082,40.3424,451.3447,46.6826
2114,01:00 18/02/2020,34.5284,17.0134,44.9078,125.543,98.4413,0.8077,33.7207,506.9792,85.8818
2115,02:00 18/02/2020,22.972,15.0744,52.0181,58.9192,48.6619,0.7281,22.2439,364.3371,44.1556
2116,03:00 18/02/2020,20.7806,11.9236,54.9215,55.896,45.8341,0.4538,20.3268,379.0341,41.8234
2117,04:00 18/02/2020,22.8344,11.1245,51.5677,56.505,49.1726,0.4302,22.4042,438.5038,46.0365
2118,05:00 18/02/2020,22.9546,11.3148,51.3343,57.504,48.5978,0.9475,22.0071,384.4697,45.0776
2119,06:00 18/02/2020,23.8044,17.5756,47.5704,51.1214,42.9918,1.3514,22.453,426.0038,39.5764
2120,07:00 18/02/2020,26.0411,17.6427,39.0731,67.8053,51.4195,1.6486,24.3925,605.644,46.8272
2121,08:00 18/02/2020,42.6163,18.3803,29.7241,61.8759,49.8247,4.9696,37.6467,635.8148,45.9398
2122,09:00 18/02/2020,74.7934,13.7562,20.514,100.9564,61.3384,25.1183,49.6751,756.7803,52.6019
2123,10:00 18/02/2020,66.2691,13.3276,29.8802,122.9784,69.6233,15.0657,51.2034,752.4622,58.7465
2124,11:00 18/02/2020,68.8534,19.6374,51.4567,108.3081,55.2345,17.4515,51.402,661.7803,45.3377
2125,12:00 18/02/2020,81.0287,34.7642,67.0197,88.6338,43.3243,18.4169,62.6118,700.1515,35.4481
2126,13:00 18/02/2020,95.4332,33.5638,79.341,115.2777,43.4759,24.5979,70.8353,692.3106,32.9259
2127,14:00 18/02/2020,59.3884,30.2302,110.6354,85.7587,37.6618,7.9298,51.4586,468.4849,29.5337
2128,15:00 18/02/2020,40.6157,21.5107,145.3012,101.7995,37.1342,5.5072,35.1085,368.5227,26.9131
2129,16:00 18/02/2020,77.9,25.5009,124.5836,121.4086,47.3512,7.8349,70.0651,444.0451,34.2888
2130,17:00 18/02/2020,93.8886,22.9493,110.1327,165.3292,55.8193,12.6242,81.2643,498.9015,36.6078
2131,18:00 18/02/2020,121.2446,25.9974,84.7683,194.141,62.0135,17.6545,103.5901,656.4015,38.5349
2132,19:00 18/02/2020,104.4566,14.2554,85.681,178.8624,65.889,7.3531,97.1035,628.1061,42.262
2133,20:00 18/02/2020,94.3351,14.752,70.6875,165.1656,87.6562,3.4001,90.9349,858.2576,68.5503
2134,21:00 18/02/2020,93.6931,12.5134,48.2763,157.5434,97.1616,3.4292,90.264,933.3333,82.819
2135,22:00 18/02/2020,26.9971,10.7441,92.6935,73.1265,44.067,1.0143,25.9828,580,37.4453
2136,23:00 18/02/2020,25.9797,12.1468,86.5431,37.6524,29.0404,0.7463,25.2334,407.803,26.1476
2137,00:00 19/02/2020,42.1342,10.3666,66.4586,51.8354,36.1978,1.4896,40.6446,534.6023,31.5151
2138,01:00 19/02/2020,43.5625,9.3071,58.5344,51.2024,38.6306,1.1938,42.3687,597.9735,34.4992
2139,02:00 19/02/2020,38.4374,9.5364,57.16,53.6938,40.437,1.2155,37.2219,547.0833,35.7908
2140,03:00 19/02/2020,39.5565,10.3627,49.2169,65.1938,52.3582,1.7483,37.8082,459.5265,46.8589
2141,04:00 19/02/2020,31.6724,9.6703,49.9342,55.4069,45.301,0.9912,30.6812,370.5492,39.9195
2142,05:00 19/02/2020,30.5022,10.8667,44.7549,52.4954,43.7917,1.515,28.9872,482.803,39.7189
2143,06:00 19/02/2020,58.99,12.9913,20.0419,67.2158,53.3958,2.6638,56.3263,559.0152,48.1805
2144,07:00 19/02/2020,52.0733,17.1015,27.5752,77.3699,58.637,3.2326,48.8407,693.4848,52.7143
2145,08:00 19/02/2020,46.8381,17.8373,36.9924,67.6189,52.3105,3.9331,42.9049,762.3296,46.9156
2146,09:00 19/02/2020,71.1697,17.579,30.8189,106.5075,61.8233,13.2136,57.9561,792.5568,51.829
2147,10:00 19/02/2020,67.2728,17.6219,33.5912,188.4102,133.721,8.975,58.2978,1034.7538,119.1946
2148,11:00 19/02/2020,82.9966,17.8854,27.8876,170.9818,116.7631,16.6493,66.3473,894.356,102.7253
2149,12:00 19/02/2020,107.8283,30.3957,31.3096,123.0763,68.6047,26.6443,81.184,612.2917,56.0565
2150,13:00 19/02/2020,98.0366,28.3292,43.2772,115.5004,58.5518,21.0993,76.9372,631.2121,47.114
2151,14:00 19/02/2020,91.412,30.833,46.6057,107.3804,62.4379,13.5738,77.8382,624.9432,51.7504
2152,15:00 19/02/2020,89.2453,32.9398,61.3034,114.7668,74.1296,14.0107,75.2346,662.5,64.0373
2153,16:00 19/02/2020,88.9634,29.4077,73.9851,132.8234,73.433,10.6885,78.2748,783.2955,59.1626
2154,17:00 19/02/2020,137.0034,36.5235,58.5357,145.3447,74.4734,25.7339,111.2695,830.6439,57.1501
2155,18:00 19/02/2020,157.5931,36.6864,42.4236,216.6888,99.4064,27.7358,129.8573,1198.466,74.7345
2156,19:00 19/02/2020,129.6944,29.2335,43.3974,188.9266,95.4069,15.3793,114.3151,1048.4848,73.9212
2157,20:00 19/02/2020,119.6455,18.1636,37.0138,162.2558,105.0317,13.5685,106.077,1164.5456,88.7957
2158,21:00 19/02/2020,121.8477,16.3388,40.7436,154.0047,109.3828,19.9599,101.8877,998.8258,95.1143
2159,22:00 19/02/2020,89.6098,19.2222,33.1675,134.484,99.5958,5.9983,83.6115,897.1212,87.2863
2160,23:00 19/02/2020,103.911,18.8747,14.7484,123.3021,97.7654,4.2699,99.6411,802.1402,88.0598
2161,00:00 20/02/2020,95.6629,16.7639,10.4806,128.8757,109.8807,4.596,91.0669,885.3599,100.9068
2162,01:00 20/02/2020,120.0874,14.3381,7.7874,221.3144,203.8157,10.5639,109.5236,907.9167,191.6879
2163,02:00 20/02/2020,95.2522,14.3017,10.3452,145.5746,132.8425,8.1458,87.1064,625.4545,124.3939
2164,03:00 20/02/2020,31.3058,13.6071,31.9583,80.5484,72.7615,2.1539,29.1519,382.4242,66.3819
2165,04:00 20/02/2020,26.2208,11.3421,33.6311,58.7442,51.4322,2.2149,24.006,347.6894,46.1196
2166,05:00 20/02/2020,69.8936,12.6178,27.2643,74.1259,61.5283,20.5502,49.3434,441.25,54.5815
2167,06:00 20/02/2020,37.8756,14.1921,16.5768,88.6911,73.1095,4.5706,33.305,456.4015,62.2905
2168,07:00 20/02/2020,50.1832,11.9609,12.8807,82.1417,69.8588,6.4407,43.7424,622.6136,62.1727
2169,08:00 20/02/2020,100.4679,12.2759,6.2517,94.1817,83.0971,32.8838,67.5841,798.2576,75.7329
2170,09:00 20/02/2020,144.249,12.6347,8.9899,243.5057,202.4808,68.4632,75.7858,1563.5227,188.9492
2171,10:00 20/02/2020,68.3945,13.244,11.7693,322.4374,282.5176,18.4617,49.9327,1560.0379,269.1709
2172,11:00 20/02/2020,77.8158,14.5149,14.5406,312.3412,286.118,22.5579,55.2579,1642.0455,274.447
2173,12:00 20/02/2020,105.6726,16.9052,15.4374,278.22,247.6093,34.4695,71.2032,1527.7842,234.0272
2174,13:00 20/02/2020,88.7167,20.5126,23.3608,242.3709,209.6998,22.6052,66.1114,1299.948,196.1675
2175,14:00 20/02/2020,83.2405,25.0293,32.3272,254.2167,209.6559,22.3378,60.9027,1117.1212,187.1736
2176,15:00 20/02/2020,65.2883,21.8885,60.1173,241.2728,207.8611,7.6238,57.6645,1034.2557,187.2538
2177,16:00 20/02/2020,67.0371,16.0693,64.6709,228.9516,198.2466,6.216,60.8211,943.9394,179.3801
2178,17:00 20/02/2020,64.9479,14.0291,69.5588,208.8855,179.2156,5.7043,59.2436,863.125,160.7254
2179,18:00 20/02/2020,75.1508,13.3688,60.9632,208.6611,172.1228,6.1043,69.0465,928.788,153.8807
2180,19:00 20/02/2020,78.6443,12.2919,49.8455,201.0954,167.2944,9.075,69.5693,963.9773,151.7817
2181,20:00 20/02/2020,81.3297,10.8121,28.1652,203.5736,184.5138,8.7189,72.6108,1087.5757,171.6657
2182,21:00 20/02/2020,86.3424,10.2738,16.2567,229.096,210.4305,7.9834,78.359,1212.5521,196.8066
2183,22:00 20/02/2020,86.2609,10.0429,10.1143,217.0072,199.7468,7.2137,79.0473,1319.6401,187.1798
2184,23:00 20/02/2020,85.721,10.2297,7.5641,217.2636,200.6118,8.4816,77.2394,1341.4015,188.1452
2185,00:00 21/02/2020,74.8897,10.2349,8.6597,213.3865,195.6512,4.8396,70.0501,1271.2123,183.1893
2186,01:00 21/02/2020,80.2658,9.9178,7.1886,233.4156,216.8897,7.5533,72.7125,1223.1771,202.8806
2187,02:00 21/02/2020,61.3879,9.8503,11.3037,285.5602,266.8573,5.1257,56.2622,1264.9999,249.6058
2188,03:00 21/02/2020,72.112,11.4933,14.5153,628.2827,587.212,18.8832,53.2288,1451.4014,542.0073
2189,04:00 21/02/2020,65.6709,13.3163,16.7885,720.3089,672.3441,17.1333,48.5376,1366.5529,613.7938
2190,05:00 21/02/2020,55.2715,13.985,18.1574,637.139,595.7508,13.7433,41.5281,1238.9773,550.5108
2191,06:00 21/02/2020,30.0026,12.234,21.6086,189.5505,176.9198,2.016,27.9866,842.5521,164.6033
2192,07:00 21/02/2020,38.9036,11.0344,19.8591,162.7207,152.4333,3.9619,34.9417,841.1553,142.176
2193,08:00 21/02/2020,41.6581,10.4524,16.0303,155.6718,144.6105,4.5747,37.0834,896.8939,134.2296
2194,09:00 21/02/2020,72.0313,9.9349,9.8572,160.0737,147.3972,23.8764,48.1549,1069.9305,136.6627
2195,10:00 21/02/2020,79.3102,9.8124,11.014,173.9191,156.5089,27.7678,51.5423,1222.1403,144.5643
2196,11:00 21/02/2020,85.0128,10.5983,16.2291,202.6993,173.9387,25.3798,59.633,1489.323,160.6646
2197,12:00 21/02/2020,78.4172,12.4995,32.6876,207.6488,183.7726,16.1691,62.248,1254.697,170.6306
2198,13:00 21/02/2020,97.2536,15.4436,39.4799,194.5833,171.2819,14.5226,82.7311,1294.2235,159.5
2199,14:00 21/02/2020,81.8047,15.6378,47.8386,178.1686,159.6276,7.5985,74.2062,1023.3159,148.8248
2200,15:00 21/02/2020,81.1917,13.5417,42.4639,194.9936,170.1431,13.255,67.9367,1060.7954,156.6568
2201,16:00 21/02/2020,76.2899,12.3647,57.421,196.3097,167.9857,14.059,62.2309,1016.0038,154.3837
2202,17:00 21/02/2020,63.9742,12.555,99.7368,167.7349,140.8827,6.2509,57.7233,896.9129,129.1459
2203,18:00 21/02/2020,66.7178,12.9177,112.3396,157.6403,129.104,5.869,60.8488,893.0492,117.8781
2204,19:00 21/02/2020,74.2057,10.7242,87.9889,166.6305,139.5045,4.4425,69.7633,934.5313,127.7751
2205,20:00 21/02/2020,78.2132,10.1742,57.3282,174.1204,148.4902,5.2958,72.9173,1001.3258,136.3986
2206,21:00 21/02/2020,99.4236,10.0555,30.5283,235.7728,207.7425,9.769,89.6546,1311.307,194.3818
2207,22:00 21/02/2020,98.5747,10.0572,13.6626,219.4876,195.8343,11.3815,87.1932,1379.4129,183.6169
2208,23:00 21/02/2020,98.3364,9.6191,7.1966,186.5909,161.7717,15.6959,82.6405,1377.9925,149.683
2209,00:00 22/02/2020,97.4235,9.6068,5.7441,266.8201,238.262,17.7745,79.649,1308.2639,218.9277
2210,01:00 22/02/2020,76.9534,9.2501,5.7328,236.3008,214.4797,13.9546,62.9987,1230,200.754
2211,02:00 22/02/2020,82.7545,8.9262,4.9919,168.1598,152.8506,20.006,62.7485,1125.9659,143.815
2212,03:00 22/02/2020,78.2399,8.791,4.9653,179.2618,163.1145,17.2663,60.9736,1031.0796,153.0488
2213,04:00 22/02/2020,73.8577,9.103,6.3059,295.196,262.6196,13.7626,60.0951,946.9129,231.9526
2214,05:00 22/02/2020,91.5131,13.1794,13.0522,801.0625,725.5464,32.5549,58.9582,1527.197,644.831
2215,06:00 22/02/2020,74.0949,16.9438,11.1598,631.8042,588.7584,23.3207,50.7743,1217.4052,540.7197
2216,07:00 22/02/2020,63.0297,21.5726,11.416,221.4101,205.1274,14.9103,48.1193,1181.3258,191.5564
2217,08:00 22/02/2020,73.7494,35.7136,11.3949,148.9422,135.8023,26.5233,47.2261,1212.1969,126.5069
2218,09:00 22/02/2020,72.1201,25.9003,6.6004,203.6448,178.5242,30.8316,41.2885,1446.0228,162.2614
2219,10:00 22/02/2020,60.3775,19.0953,7.8953,200.7441,174.225,21.7655,38.6121,1178.9963,157.9605
2220,11:00 22/02/2020,54.4654,15.8873,11.2826,203.5748,168.6592,14.5448,39.9206,1152.5001,151.0888
2221,12:00 22/02/2020,99.997,14.2736,12.4521,159.7899,134.4182,46.0978,53.8991,1308.0871,121.1335
2222,13:00 22/02/2020,58.9831,14.9942,41.6417,168.7138,144.0722,13.3728,45.6103,1192.5947,130.2069
2223,14:00 22/02/2020,53.2939,15.8396,90.9749,157.3753,135.3079,5.5655,47.7284,993.2766,122.7857
2224,15:00 22/02/2020,50.4549,15.7192,143.7732,140.2764,118.9966,4.4431,46.0118,875.322,108.1329
2225,16:00 22/02/2020,56.9812,16.8233,168.1482,141.1344,109.516,3.4318,53.5493,834.2803,97.5808
2226,17:00 22/02/2020,43.3119,14.231,188.2444,117.8111,95.0092,1.8014,41.5105,720.4167,85.6769
2227,18:00 22/02/2020,44.2136,13.0521,193.6051,118.8313,99.3404,2.0035,42.21,783.7292,90.6971
2228,19:00 22/02/2020,74.8874,11.4682,157.0075,127.5412,104.2847,3.3675,71.52,969.678,94.6418
2229,20:00 22/02/2020,163.2259,9.815,44.139,186.2109,147.9514,18.8378,144.3881,1428.2955,133.3231
2230,21:00 22/02/2020,163.8935,9.805,23.283,225.7177,178.4559,22.2702,141.6233,2131.9318,160.481
2231,22:00 22/02/2020,94.919,9.5502,34.4494,221.4439,176.8,4.3363,90.5826,2550.0569,160.288
2232,23:00 22/02/2020,90.5622,9.4245,16.0874,217.4726,187.1897,13.7277,76.8344,3169.566,172.2611
2233,00:00 23/02/2020,126.9458,9.5468,6.7384,246.0229,211.6899,21.3643,105.5815,3530.5682,194.0105
2234,01:00 23/02/2020,182.8962,9.259,5.0448,233.9286,202.0342,65.9566,116.9395,3292.3106,186.0704
2235,02:00 23/02/2020,125.3782,9.3314,5.4533,222.6868,203.2321,36.3918,88.9864,3100.5872,189.7742
2236,03:00 23/02/2020,110.8033,9.575,5.4751,223.2335,199.5911,42.7369,68.0664,2798.8888,184.8696
2237,04:00 23/02/2020,157.7113,9.5749,5.6104,209.2695,187.4722,83.0745,74.6368,2949.981,174.1465
2238,05:00 23/02/2020,114.2725,9.7253,6.4511,228.3449,207.2269,43.4083,70.8642,2833.9962,191.8843
2239,06:00 23/02/2020,55.754,10.0497,9.8042,213.5368,196.9978,6.7404,49.0136,1799.2882,184.5095
2240,07:00 23/02/2020,56.2698,10.7345,7.9821,297.3801,273.7903,8.7174,47.5524,2394.2361,256.2742
2241,08:00 23/02/2020,91.406,11.9568,9.47,459.4324,429.6162,38.0428,53.3632,2910.2779,404.7923
2242,09:00 23/02/2020,71.8796,11.7399,10.4203,490.5348,449.9277,22.4766,49.403,2929.9306,421.4239
2243,10:00 23/02/2020,58.8039,10.5322,14.9591,277.9477,239.9518,11.6677,47.1362,2375.0189,219.2033
2244,11:00 23/02/2020,67.5416,10.0457,30.0481,228.2605,176.7489,11.2229,56.3187,1950.3123,159.9213
2245,12:00 23/02/2020,89.0503,12.5081,52.5996,220.5553,159.1304,14.1178,74.9325,1770.2604,143.046
2246,13:00 23/02/2020,119.4706,24.8554,51.6674,208.4056,152.842,16.0528,103.4178,1358.4027,137.4356
2247,14:00 23/02/2020,45.328,22.6937,98.6503,79.9171,64.3223,4.1399,41.1881,594.0451,59.2166
2248,15:00 23/02/2020,30.1607,16.7139,128.8288,78.4254,61.4097,2.0977,28.0631,505.3646,56.5469
2249,16:00 23/02/2020,50.057,13.0773,98.3572,62.6966,42.8533,4.8884,45.1686,430.5729,37.9346
2250,17:00 23/02/2020,40.9454,10.4894,86.0611,49.224,25.6642,4.6176,36.3278,303.7326,20.7602
2251,18:00 23/02/2020,45.2809,10.374,88.2062,50.7571,25.7091,4.9192,40.3617,371.9886,20.4284
2252,19:00 23/02/2020,52.4604,10.4897,77.209,59.5125,32.2025,6.1695,46.2909,583.4659,26.4807
2253,20:00 23/02/2020,48.9505,9.9476,65.9169,73.0593,47.5557,2.3141,46.6364,665.0174,41.4323
2254,21:00 23/02/2020,53.7387,9.4735,58.688,78.4408,57.679,2.4329,51.3058,904.356,51.8316
2255,22:00 23/02/2020,49.3412,9.0164,57.7272,79.5935,58.0321,1.7883,47.5529,681.7424,51.9567
2256,23:00 23/02/2020,37.1988,8.5725,63.9409,65.1288,53.0721,1.7239,35.4749,595.382,48.4225
2257,00:00 24/02/2020,31.6443,8.4522,69.3978,56.9025,47.5339,1.5227,30.1216,428.2197,43.5212
2258,01:00 24/02/2020,30.0473,8.2928,65.5946,46.0075,40.0055,1.7286,28.3187,367.743,37.1579
2259,02:00 24/02/2020,40.7844,8.0457,47.6866,50.8375,44.2247,2.5119,38.2726,372.7652,41.142
2260,03:00 24/02/2020,44.2163,8.0834,36.6372,55.4473,48.9679,1.8242,42.3921,426.3447,45.6792
2261,04:00 24/02/2020,41.3763,8.1145,35.717,79.6945,72.0661,1.8285,39.5478,667.5868,67.4783
2262,05:00 24/02/2020,43.5413,8.3444,32.7355,90.9729,79.6593,2.3735,41.1679,662.7431,73.6989
2263,06:00 24/02/2020,35.462,8.5159,44.3549,79.3676,68.531,2.3369,33.1251,511.1553,63.2245
2264,07:00 24/02/2020,40.6653,8.636,38.8008,70.7965,60.6885,2.9821,37.6832,584.809,56.1444
2265,08:00 24/02/2020,57.551,8.8326,29.9222,82.727,68.7508,6.2007,51.3503,952.2223,63.4731
2266,09:00 24/02/2020,100.526,8.3389,25.4913,103.9377,70.0263,22.5904,77.9356,1135.4688,61.0842
2267,10:00 24/02/2020,82.0972,8.8704,52.2056,98.2794,74.6272,11.942,70.1552,891.7882,67.2454
2268,11:00 24/02/2020,89.6486,10.4195,53.4488,66.5289,52.593,11.3738,78.2748,672.5521,47.4671
2269,12:00 24/02/2020,105.5603,10.4108,56.419,56.3255,45.1341,23.1333,82.427,500.947,40.8646
2270,13:00 24/02/2020,104.8595,10.4386,64.5549,68.1818,48.5643,23.4708,81.3886,503.6285,42.993
2271,14:00 24/02/2020,66.312,10.897,91.4621,68.9615,53.0749,8.7478,57.5642,443.4896,48.1697
2272,15:00 24/02/2020,47.8388,11.6291,110.8976,55.9346,41.4124,7.1599,40.6789,326.8403,37.0623
2273,16:00 24/02/2020,54.5657,10.1947,108.5947,61.7637,38.8427,5.4438,49.122,305.1562,33.3829
2274,17:00 24/02/2020,66.3169,8.7679,98.1607,56.7413,38.0979,7.4606,58.8562,311.6146,33.1618
2275,18:00 24/02/2020,123.6113,9.1774,63.9703,78.1284,51.3834,33.0636,90.5477,484.1319,44.5731
2276,19:00 24/02/2020,68.8661,9.8376,72.4938,75.4585,49.5609,10.0669,58.7992,582.4826,43.1683
2277,20:00 24/02/2020,77.4981,9.5921,54.3828,108.4578,74.3233,8.1405,69.3576,779.9479,65.52
2278,21:00 24/02/2020,44.448,8.8974,52.5961,75.8856,52.5959,3.8382,40.6099,611.684,45.7496
2279,22:00 24/02/2020,34.7652,10.5983,41.5019,69.2381,56.291,2.2934,32.4717,684.7396,50.6821
2280,23:00 24/02/2020,30.9038,10.1558,40.7679,65.3818,54.5348,2.281,28.6228,548.9931,49.3884
2281,00:00 25/02/2020,32.8348,13.2533,28.9796,106.2327,93.1632,2.2419,30.5929,741.8924,85.3082
2282,01:00 25/02/2020,42.2054,23.0004,18.9748,108.7454,94.7707,2.9201,39.2853,754.0104,85.4499
2283,02:00 25/02/2020,42.6207,35.8529,15.4213,115.4908,100.3573,4.0434,38.5773,861.5452,88.0102
2284,03:00 25/02/2020,45.1622,33.1522,13.8661,157.117,138.4526,4.3301,40.8321,695.1042,124.3704
2285,04:00 25/02/2020,42.245,20.6492,13.3866,119.3155,101.5572,3.1434,39.1016,550.1736,90.9146
2286,05:00 25/02/2020,40.4953,24.1829,13.1446,131.7132,122.004,3.1291,37.3663,768.9236,114.0442
2287,06:00 25/02/2020,31.2742,44.9338,18.4259,95.959,86.5824,3.1838,28.0904,619.6007,78.4015
2288,07:00 25/02/2020,32.5831,19.5306,23.6543,63.0228,56.406,4.2878,28.2953,488.3507,52.319
2289,08:00 25/02/2020,63.555,15.6204,18.6402,64.7876,58.6643,18.1588,45.3962,644.5265,54.5548
2290,09:00 25/02/2020,51.3377,12.9439,23.0599,58.0939,47.2005,8.5258,42.8119,640.5903,42.5661
2291,10:00 25/02/2020,72.2531,12.8636,22.2744,56.7568,47.1229,16.9175,55.3356,931.3022,42.4432
2292,11:00 25/02/2020,117.4314,12.8527,21.8057,61.8954,48.9371,48.7857,68.6456,746.3636,43.6181
2293,12:00 25/02/2020,91.9428,12.92,28.5183,57.9388,44.7273,24.3502,67.5926,497.7083,39.3721
2294,13:00 25/02/2020,89.1354,12.9445,35.5548,49.1066,37.9399,20.1382,68.9973,428.6979,33.2796
2295,14:00 25/02/2020,87.3573,13.2577,44.3717,53.9079,41.2905,21.5157,65.8415,402.0486,36.3727
2296,15:00 25/02/2020,71.8591,13.8011,48.6393,58.5353,42.6298,12.7453,59.1138,407.7604,37.263
2297,16:00 25/02/2020,74.4735,12.6122,50.2407,64.8504,47.4549,9.2998,65.1737,489.1667,41.4993
2298,17:00 25/02/2020,71.6112,11.6938,61.9806,68.5012,48.1401,8.9819,62.6293,438.0208,42.1358
2299,18:00 25/02/2020,106.0566,11.1518,45.6472,77.4272,48.3572,21.8924,84.1642,567.0455,41.1246
2300,19:00 25/02/2020,73.6821,10.4312,45.5667,68.1596,41.9886,11.6046,62.0775,576.8182,35.5449
2301,20:00 25/02/2020,60.1344,10.2449,40.0825,67.0591,43.5184,9.231,50.9034,601.0417,37.1116
2302,21:00 25/02/2020,41.5037,10.2371,39.6397,71.1134,48.9272,3.5205,37.9831,523.9153,42.6248
2303,22:00 25/02/2020,34.6881,10.6115,36.8512,55.6089,44.4678,2.1166,32.5715,574.5454,39.6817
2304,23:00 25/02/2020,33.9409,74.0883,31.8635,59.1472,48.2547,2.9435,30.9973,1300.4734,41.997
2305,00:00 26/02/2020,34.984,52.978,25.365,52.1753,40.084,2.5308,32.4532,573.5228,34.5166
2306,01:00 26/02/2020,38.3208,20.1647,22.1447,111.3617,95.206,2.7153,35.6055,597.7462,86.065
2307,02:00 26/02/2020,38.0294,17.118,19.238,87.5619,74.8654,2.6583,35.3711,571.7424,67.088
2308,03:00 26/02/2020,34.3104,15.4722,21.5982,91.7021,79.4615,3.8415,30.4689,494.2424,72.1515
2309,04:00 26/02/2020,35.0388,14.1956,19.5185,90.5459,79.9136,2.5377,32.5011,535.5303,73.2774
2310,05:00 26/02/2020,38.3553,13.5187,16.4589,87.2046,75.1045,2.8036,35.5516,576.9886,68.2355
2311,06:00 26/02/2020,43.5219,13.0971,12.6314,96.5296,81.9499,4.6472,38.8747,601.1742,73.587
2312,07:00 26/02/2020,64.9797,13.0208,8.1197,87.9431,72.6726,13.3369,51.6429,853.9773,65.6153
2313,08:00 26/02/2020,87.3691,15.821,6.9268,101.4484,84.4867,34.1101,53.259,986.8561,76.4985
2314,09:00 26/02/2020,109.9646,13.5833,7.142,101.5152,71.3595,51.6351,58.3296,967.6893,61.9699
2315,10:00 26/02/2020,101.514,13.2327,9.7325,81.5563,63.6102,39.6861,61.8279,819.9243,56.5675
2316,11:00 26/02/2020,105.0464,13.2271,12.7697,65.4263,52.553,39.8073,65.2391,516.6477,46.8434
2317,12:00 26/02/2020,132.6163,12.8691,13.7678,78.4345,51.3294,49.6462,82.9701,571.9508,43.3663
2318,13:00 26/02/2020,136.3546,13.2747,19.0558,97.0131,62.362,53.0073,83.3473,595.3977,51.7785
2319,14:00 26/02/2020,83.0851,14.4187,31.7576,86.0923,51.8875,17.958,65.127,398.75,42.7748
2320,15:00 26/02/2020,52.5492,13.8433,54.6988,79.1992,47.5286,6.9881,45.5611,326.9318,38.9561
2321,16:00 26/02/2020,65.5145,12.1242,47.7217,100.9425,52.1764,10.8404,54.6741,330.3409,39.9778
2322,17:00 26/02/2020,65.192,9.9376,58.5546,101.7472,48.6652,9.9923,55.1997,400.6818,36.4896
2323,18:00 26/02/2020,62.2312,10.7896,59.0614,85.7795,43.633,7.4195,54.8116,486.8371,32.7115
2324,19:00 26/02/2020,57.5439,11.8907,52.4048,106.9791,78.4209,4.452,53.0919,628.8068,68.9908
2325,20:00 26/02/2020,60.6316,11.8954,40.8371,79.2685,58.004,4.6884,55.9432,665.0947,50.8226
2326,21:00 26/02/2020,47.6573,11.268,33.8253,60.3419,45.3861,3.5134,44.1439,559.7348,40.3635
2327,22:00 26/02/2020,42.1344,12.3101,26.0741,54.3747,39.5285,3.4927,38.6417,537.7273,34.1092
2328,23:00 26/02/2020,36.2888,12.444,20.0481,46.1612,35.0044,2.9586,33.3302,531.1174,30.2152
2329,00:00 27/02/2020,57.3895,12.1264,7.3963,49.9307,36.239,7.6814,49.708,573.428,30.5856
2330,01:00 27/02/2020,65.8879,10.946,5.977,78.3819,56.083,9.726,56.162,657.7462,44.9218
2331,02:00 27/02/2020,56.2145,10.5634,8.822,57.7033,45.9493,5.5669,50.6476,693.6742,40.0167
2332,03:00 27/02/2020,52.9219,10.2076,8.1882,49.1444,39.8085,4.6725,48.2494,459.9432,35.0156
2333,04:00 27/02/2020,63.6196,10.2869,6.0108,81.7872,62.5318,11.4091,52.2105,695.3599,53.0527
2334,05:00 27/02/2020,68.4174,10.5898,5.8244,79.4438,65.5386,16.2315,52.1859,759.7349,58.5632
2335,06:00 27/02/2020,72.3507,10.5794,5.4,63.45,53.399,18.6187,53.732,700.6061,48.4277
2336,07:00 27/02/2020,82.7881,10.2353,5.7653,64.0222,52.2061,27.0369,55.7512,772.9546,46.8736
2337,08:00 27/02/2020,71.3503,10.8372,7.18,80.2876,68.4983,21.064,50.2863,719.678,60.5017
2338,09:00 27/02/2020,60.1092,11.0262,14.5097,113.5068,92.0516,17.9312,42.178,824.3939,82.3977
2339,10:00 27/02/2020,78.2117,13.842,23.1204,140.7494,119.3088,24.6913,53.5204,885.9091,110.4868
2340,11:00 27/02/2020,146.2299,15.1844,17.6898,117.3319,84.0551,60.8581,85.3717,921.5342,73.5499
2341,12:00 27/02/2020,108.6243,18.0492,35.616,109.968,69.0283,25.5658,83.0585,744.053,58.4735
2342,13:00 27/02/2020,75.2929,18.4778,47.2304,76.4606,47.8327,12.4853,62.8076,511.6667,39.7152
2343,14:00 27/02/2020,44.738,16.7596,70.8615,71.6422,40.2618,6.3372,38.4008,366.5151,31.8624
2344,15:00 27/02/2020,30.1385,14.0222,81.8272,62.7841,31.2278,3.4645,26.674,260.2083,23.0785
2345,16:00 27/02/2020,42.5894,12.2915,82.3347,77.5793,35.4166,5.0289,37.5605,257.4053,25.3696
2346,17:00 27/02/2020,48.8159,10.0273,78.6455,95.1145,41.6418,5.6274,43.1885,300.2841,28.9227
2347,18:00 27/02/2020,47.3555,10.4403,73.3124,78.6344,35.8845,4.8268,42.5287,467.822,24.8182
2348,19:00 27/02/2020,47.9285,10.8208,67.3659,82.3812,41.0487,3.7358,44.1927,561.1932,30.4198
2349,20:00 27/02/2020,40.3695,10.4737,56.6742,72.2932,39.5196,3.3941,36.9754,441.8939,31.4872
2350,21:00 27/02/2020,31.6789,10.3506,39.6949,43.692,27.5481,2.4554,29.2234,344.2992,22.8645
2351,22:00 27/02/2020,58.9257,9.2257,17.3154,49.9303,37.831,4.0998,54.8259,403.0492,33.5883
2352,23:00 27/02/2020,36.0432,9.0142,27.6577,46.5366,35.0496,3.3516,32.6916,321.6288,30.2857
2353,00:00 28/02/2020,20.5318,9.0887,34.814,36.6505,28.1968,1.3278,19.204,259.2803,24.226
2354,01:00 28/02/2020,19.2239,8.9761,35.6482,25.7806,19.2889,1.3404,17.8835,161.8371,15.7147
2355,02:00 28/02/2020,28.0229,8.8669,28.9993,22.3,18.0852,1.5248,26.4982,209.1856,15.8049
2356,03:00 28/02/2020,21.7907,9.0311,36.1326,24.6591,20.4162,1.3201,20.4706,218.5606,18.1573
2357,04:00 28/02/2020,17.0957,9.1711,45.0014,26.3326,19.6995,1.1327,15.963,145.6439,16.394
2358,05:00 28/02/2020,19.8077,9.2083,43.1834,24.0277,20.4679,1.2896,18.5181,204.5076,18.6431
2359,06:00 28/02/2020,33.854,9.2343,30.6731,39.929,33.2962,3.4209,30.4331,262.3485,29.4763
2360,07:00 28/02/2020,28.2248,9.1347,29.902,31.3817,24.9743,1.9221,26.3027,312.2348,22.3586
2361,08:00 28/02/2020,43.0897,9.2508,26.0884,35.7507,29.6807,5.9332,37.1565,488.75,26.958
2362,09:00 28/02/2020,84.7189,9.5329,22.9889,65.0133,44.1315,23.7322,60.9867,684.9243,38.0231
2363,10:00 28/02/2020,82.4553,9.5983,30.3498,60.034,33.7839,20.9395,61.5157,704.0341,27.665
2364,11:00 28/02/2020,79.1514,9.8921,30.8904,70.2427,33.6869,19.9,59.2514,510.0379,25.7319
2365,12:00 28/02/2020,59.298,11.05,46.132,52.6149,31.4142,11.3642,47.9338,426.3068,25.9079
2366,13:00 28/02/2020,90.3195,12.2369,46.8823,64.381,40.1918,24.4885,65.831,478.428,33.9285
2367,14:00 28/02/2020,50.0346,12.6182,60.7521,40.9288,27.2305,10.7905,39.2442,241.1553,23.0297
2368,15:00 28/02/2020,35.2503,11.6393,66.9837,46.7735,29.3157,4.5822,30.6681,224.1667,24.5174
2369,16:00 28/02/2020,49.8436,10.4637,61.1801,73.7387,39.4115,7.9028,41.9408,266.7614,30.8492
2370,17:00 28/02/2020,-1215.3358,-1241.7313,-1197.6974,-1191.7678,-1219.8306,-1245.3852,-1219.8255,-1028.4451,-1226.8611
2371,18:00 28/02/2020,56.3503,9.7062,50.9735,93.9103,42.443,12.9552,43.3951,361.0606,31.291
2372,19:00 28/02/2020,49.2434,10.634,42.2902,71.5229,34.9431,7.1349,42.1086,369.2614,25.951
2373,20:00 28/02/2020,60.2588,10.9079,21.2823,60.8452,29.4325,8.7843,51.4745,497.8977,21.6935
2374,21:00 28/02/2020,39.3358,10.4533,25.5819,60.4723,40.2556,3.4066,35.9291,460.9659,33.889
2375,22:00 28/02/2020,46.5845,9.8666,15.8241,79.8046,38.5429,4.9872,41.5972,532.5947,28.8527
2376,23:00 28/02/2020,37.7278,9.8731,19.1497,33.3794,25.452,3.6846,34.0432,402.3295,21.8311
2377,00:00 29/02/2020,34.4871,12.0246,18.4139,60.1157,50.3231,3.3932,31.0938,542.7083,44.8698
2378,01:00 29/02/2020,23.388,12.9662,22.3301,59.941,52.8989,2.6491,20.7389,322.1023,48.1898
2379,02:00 29/02/2020,18.1631,11.684,26.6881,49.5534,43.4329,1.5493,16.6137,298.125,38.8755
2380,03:00 29/02/2020,17.1127,11.8465,28.2321,120.3492,110.7026,1.5664,15.5463,351.4394,101.0755
2381,04:00 29/02/2020,16.9002,12.4505,28.7578,72.5321,64.7117,1.634,15.2662,270.8902,57.9562
2382,05:00 29/02/2020,19.054,12.1866,27.8415,122.1211,112.1866,1.699,17.3551,393.4091,100.9159
2383,06:00 29/02/2020,28.3619,11.3364,21.6276,54.4563,47.3018,4.2224,24.1395,421.1932,42.1188
2384,07:00 29/02/2020,34.3775,11.0734,18.5382,45.5554,36.7141,4.8429,29.5347,486.9318,31.7169
2385,08:00 29/02/2020,45.4952,11.3806,14.8614,34.7809,28.4276,9.6732,35.8221,522.6894,25.1702
2386,09:00 29/02/2020,71.6346,11.1193,11.241,51.7993,29.571,24.096,47.5386,716.5152,23.6882
2387,10:00 29/02/2020,64.4525,11.1713,17.0895,55.5846,35.5685,18.0147,46.4378,522.1212,29.4428
2388,11:00 29/02/2020,83.1319,11.1557,23.684,67.1977,35.8655,25.3165,57.8154,436.6477,28.4641
2389,12:00 29/02/2020,76.6681,11.4946,31.5047,61.7274,28.5285,20.0913,56.5768,377.2538,20.7473
2390,13:00 29/02/2020,42.8301,11.8252,50.0939,52.6462,27.4589,6.1768,36.6533,302.5757,20.1549
2391,14:00 29/02/2020,32.0404,12.9883,64.4474,63.3331,32.3218,4.5781,27.4623,262.2538,24.5323
2392,15:00 29/02/2020,51.9913,12.2031,64.906,49.4335,27.4832,11.2213,40.77,225.2083,21.2719
2393,16:00 29/02/2020,43.8315,10.9633,72.6646,59.9224,28.7924,6.8567,36.9748,248.3523,21.1895
2394,17:00 29/02/2020,36.6086,9.1533,72.1795,61.8697,34.4391,3.8821,32.7264,229.2424,26.9813
2395,18:00 29/02/2020,40.2748,9.2928,58.4964,78.78,39.1382,5.3568,34.918,314.3561,29.0851
2396,19:00 29/02/2020,52.6395,9.5975,44.7653,106.7818,54.0574,7.2825,45.357,542.9924,41.3411
2397,20:00 29/02/2020,51.5047,10.1816,38.613,78.3494,50.8814,6.3762,45.1286,603.2386,42.6343
2398,21:00 29/02/2020,41.4088,10.0585,34.5643,55.9619,38.99,5.6611,35.7477,477.4432,33.2113
2399,22:00 29/02/2020,36.2138,9.3955,29.5166,54.8512,40.5492,3.9199,32.2939,607.9545,35.2389
2400,23:00 29/02/2020,27.173,9.2937,27.1216,43.0263,33.9748,2.0429,25.1301,524.7727,29.78
2401,1/3/2020 0:00,35.6308,11.0054,18.1061,58.4481,49.3188,3.0714,32.5593,568.0114,43.6243
2402,1/3/2020 1:00,38.3166,11.3005,16.994,76.6462,67.8345,3.1845,35.1321,520.1704,60.7805
2403,1/3/2020 2:00,25.5287,10.7597,22.3015,49.4124,43.5168,2.2656,23.2631,325.5682,39.2927
2404,1/3/2020 3:00,25.9692,10.5231,20.177,51.7804,46.8731,2.0662,23.903,333.1629,42.9679
2405,1/3/2020 4:00,24.7714,11.3213,17.9863,88.2889,82.1691,2.2863,22.4851,479.4129,75.2913
2406,1/3/2020 5:00,30.5093,13.9247,16.7969,101.9846,91.5684,7.0797,23.4296,610.9091,82.6012
2407,1/3/2020 6:00,31.069,18.2936,15.5241,61.5694,48.7935,4.353,26.716,657.5757,40.4952
2408,1/3/2020 7:00,25.1562,17.5496,16.8706,34.7189,28.7574,3.255,21.9012,437.5,25.7154
2409,1/3/2020 8:00,35.3502,15.0059,15.8488,36.1626,30.3487,6.4962,28.854,578.3712,27.1491
2410,1/3/2020 9:00,66.3391,13.4722,12.8003,55.6521,42.2097,23.3662,42.9728,591.4063,37.3283
2411,1/3/2020 10:00,47.1608,12.6832,16.4433,41.7165,27.7538,13.2185,33.9423,402.9735,23.0739
2412,1/3/2020 11:00,51.3769,12.3483,19.7175,45.2276,29.8823,14.4771,36.8998,437.7652,24.964
2413,1/3/2020 12:00,39.5079,13.4507,28.312,38.633,24.5309,10.3501,29.1578,306.3636,19.9858
2414,1/3/2020 13:00,49.233,13.7787,30.7839,55.0429,36.6395,12.1365,37.0965,313.9205,30.0485
2415,1/3/2020 14:00,28.367,14.1951,38.2808,43.4434,32.5969,4.4382,23.9288,307.9356,28.5339
2416,1/3/2020 15:00,30.9471,12.8434,45.5227,49.815,32.6935,6.1219,24.8252,293.6285,27.4352
2417,1/3/2020 16:00,36.951,11.4071,45.6008,58.5133,37.5042,5.147,31.804,319.7917,31.1654
2418,1/3/2020 17:00,50.7582,9.7322,42.2655,64.1915,37.4549,8.2585,42.4997,468.0492,30.0643
2419,1/3/2020 18:00,59.7487,10.6578,31.2583,64.5723,34.8726,14.3161,45.4326,418.2576,27.5867
2420,1/3/2020 19:00,36.987,10.8693,35.4017,65.7896,34.0226,4.8413,32.1457,428.0871,26.8682
2421,1/3/2020 20:00,34.5973,10.8008,29.3231,69.9289,49.6535,5.3076,29.2897,466.4205,43.3467
2422,1/3/2020 21:00,19.2723,10.3237,32.2911,55.754,41.4711,1.9412,17.3311,313.8447,36.2724
2423,1/3/2020 22:00,21.2945,9.6547,32.7171,44.4091,22.5551,3.9242,17.3703,291.4394,17.3744
2424,1/3/2020 23:00,17.7898,9.8232,36.1063,31.1205,23.354,2.0409,15.7489,243.3712,20.1824
2425,2/3/2020 0:00,14.1026,9.7734,41.368,25.2031,21.4788,1.1435,12.9592,223.4848,19.0472
2426,2/3/2020 1:00,16.4821,10.2368,34.8604,45.5178,40.5393,1.1593,15.3228,299.4618,36.3157
2427,2/3/2020 2:00,15.8009,11.0153,31.141,50.462,44.5295,1.5069,14.294,221.2879,39.4663
2428,2/3/2020 3:00,28.3843,11.2112,25.0134,50.869,38.5399,4.556,23.8283,424.0152,31.0028
2429,2/3/2020 4:00,33.2538,11.8283,20.8767,40.8676,36.2717,8.819,24.4348,273.2386,32.6814
2430,2/3/2020 5:00,21.4391,11.5856,24.4185,41.7359,37.72,2.4431,18.9961,212.4053,34.0074
2431,2/3/2020 6:00,28.674,11.5657,20.2397,45.153,39.3127,2.6952,25.9787,282.4242,34.9874
2432,2/3/2020 7:00,30.6188,11.1336,18.6633,47.826,41.2892,3.4456,27.1732,331.6856,36.3393
2433,2/3/2020 8:00,41.5422,11.3264,14.373,26.2208,22.1271,7.0285,34.5138,344.375,19.8075
2434,2/3/2020 9:00,58.0226,11.2108,15.3345,45.401,26.3221,16.4907,41.5319,584.3371,21.0751
2435,2/3/2020 10:00,74.4388,11.7737,15.6442,44.2225,25.8776,27.2059,47.233,500.2462,20.9019
2436,2/3/2020 11:00,67.5131,12.0995,15.7507,39.5783,26.8235,21.0948,46.4182,507.9356,22.785
2437,2/3/2020 12:00,85.3317,12.2738,15.1605,47.9615,31.665,29.4672,55.8645,624.2187,26.2516
2438,2/3/2020 13:00,79.1359,12.3028,19.9251,50.9934,36.2755,26.6699,52.466,491.4757,31.1121
2439,2/3/2020 14:00,49.9128,12.8037,33.2142,40.008,26.536,12.5499,37.3629,304.678,22.2837
2440,2/3/2020 15:00,35.3752,13.8779,41.9223,38.1469,22.2925,9.2767,26.0986,240.3409,17.606
2441,2/3/2020 16:00,44.7615,12.5476,37.396,46.0346,24.784,10.802,33.9595,216.2689,18.7526
2442,2/3/2020 17:00,50.402,10.8009,31.1753,46.9749,25.1999,11.6578,38.7441,250.5729,19.4032
2443,2/3/2020 18:00,76.5122,10.9423,26.5985,43.1278,25.11,26.3059,50.2063,321.7014,19.7998
2444,2/3/2020 19:00,80.1241,11.079,23.2668,65.519,33.9235,24.8286,55.2955,512.6136,26.0598
2445,2/3/2020 20:00,51.92,10.881,24.5968,56.6382,37.4099,7.7484,44.1716,541.9886,31.2987
2446,2/3/2020 21:00,34.7619,10.4949,31.144,52.0078,32.7375,4.3487,30.4132,312.4242,27.3602
2447,2/3/2020 22:00,30.5651,10.6318,29.4799,54.3019,35.8107,2.9297,27.6353,456.4015,30.4976
2448,2/3/2020 23:00,27.4413,11.05,25.915,37.1754,29.9223,2.6327,24.8086,293.0871,26.7668
2449,3/3/2020 0:00,22.2836,10.3697,28.8928,39.4059,33.3785,1.6385,20.6452,229.8864,29.9218
2450,3/3/2020 1:00,15.7825,10.7428,41.5781,19.3691,16.6767,1.1857,14.5968,240.5492,14.5678
2451,3/3/2020 2:00,19.6544,10.8394,49.6838,27.7028,24.9803,1.2549,18.3995,321.0985,22.5688
2452,3/3/2020 3:00,22.9328,10.3684,40.1459,39.3354,35.3047,1.2226,21.7102,306.6667,31.5107
2453,3/3/2020 4:00,20.9662,10.4234,34.4202,46.3975,42.8644,1.1187,19.8476,235.4167,39.1206
2454,3/3/2020 5:00,23.3493,10.4797,36.4716,32.4591,30.2369,1.514,21.8353,124.5644,27.6304
2455,3/3/2020 6:00,30.4655,10.4004,34.8078,45.5728,39.5082,2.8778,27.5877,301.4962,34.5572
2456,3/3/2020 7:00,41.4921,10.3788,22.4758,19.6349,18.3756,2.453,39.0391,288.9962,17.2753
2457,3/3/2020 8:00,87.5042,10.4581,8.9818,25.7131,23.2733,16.9595,70.5446,508.3712,21.2083
2458,3/3/2020 9:00,101.9555,10.4156,8.1379,27.6847,24.6915,32.1291,69.8264,791.4015,22.1779
2459,3/3/2020 10:00,116.4586,10.455,8.2814,33.2958,28.5119,50.0198,66.4388,882.5189,25.8581
2460,3/3/2020 11:00,89.8467,9.9433,12.7466,39.2945,27.6141,35.6777,54.169,611.1553,23.661
2461,3/3/2020 12:00,58.7852,10.3623,28.4431,35.0515,21.5818,21.0006,37.7846,332.8977,17.9325
2462,3/3/2020 13:00,45.316,11.1384,38.0243,25.0968,16.9109,12.5339,32.7822,226.8182,14.2919
2463,3/3/2020 14:00,36.8509,11.6185,43.0525,18.5301,14.7398,8.2646,28.5864,270.2273,13.1621
2464,3/3/2020 15:00,36.7975,12.1793,42.2989,21.2179,13.7713,11.0509,25.7466,243.7311,11.5885
2465,3/3/2020 16:00,47.7623,11.0998,55.4719,40.3963,15.5488,13.7665,33.9959,297.9356,9.8968
2466,3/3/2020 17:00,127.2694,9.3058,25.1634,37.2571,14.8789,51.3147,75.9547,478.75,9.8686
2467,3/3/2020 18:00,162.5564,10.1487,18.0869,59.658,20.5793,79.2953,83.2611,684.2614,11.8377
2468,3/3/2020 19:00,128.1556,9.9541,13.8558,38.6371,20.8884,56.2335,71.9221,769.4507,16.4158
2469,3/3/2020 20:00,82.3072,9.5026,13.4399,24.6095,19.3382,29.3383,52.9689,620.4356,17.2141
2470,3/3/2020 21:00,42.8154,9.5632,18.6889,25.3622,21.071,7.6699,35.1455,567.8409,18.7866
2471,3/3/2020 22:00,32.0881,9.812,21.367,24.6563,19.6128,3.2142,28.8739,651.4205,17.561
2472,3/3/2020 23:00,30.6836,9.8926,20.6173,27.4245,22.5263,4.5785,26.1051,403.5796,20.4754
2473,4/3/2020 0:00,31.3339,9.8731,19.7474,42.2236,31.1022,3.8283,27.5056,439.5644,25.2381
2474,4/3/2020 1:00,36.1096,10.1894,15.1487,103.8585,79.4485,3.9897,32.1199,379.8674,63.6452
2475,4/3/2020 2:00,65.0789,10.5105,6.5771,68.4342,49.1692,13.7547,51.3242,412.2349,38.0912
2476,4/3/2020 3:00,80.7564,10.9512,7.169,48.9231,34.379,27.8618,52.8945,416.9508,27.4939
2477,4/3/2020 4:00,116.1513,12.5441,8.17,141.874,100.3901,60.9998,55.1515,360.2273,77.2396
2478,4/3/2020 5:00,126.2226,14.2441,7.1355,67.6556,50.7253,59.5744,66.6483,303.2008,41.6117
2479,4/3/2020 6:00,90.3152,14.339,6.3433,34.5202,26.5727,24.7413,65.5739,437.4242,21.9782
2480,4/3/2020 7:00,81.5634,16.2296,14.9068,38.4336,31.5937,30.2747,51.2887,583.1628,27.183
2481,4/3/2020 8:00,107.9255,26.6816,9.2763,36.5046,33.0466,60.8108,47.1147,581.572,30.4608
2482,4/3/2020 9:00,77.3602,39.572,14.7776,19.0274,16.0292,42.4348,34.9255,624.7727,14.5753
2483,4/3/2020 10:00,42.1031,23.4009,14.1402,10.165,7.3987,18.882,23.2211,639.1099,6.4881
2484,4/3/2020 11:00,92.6745,21.0301,13.6068,17.463,9.866,54.537,38.1375,672.5568,7.9613
2485,4/3/2020 12:00,175.1193,24.7199,11.567,31.7426,17.4608,112.9734,62.146,733.9773,13.4648
2486,4/3/2020 13:00,49.2699,16.9732,17.0791,28.3474,21.9128,20.6776,28.5923,703.7689,18.8025
2487,4/3/2020 14:00,34.0103,17.9305,18.1483,16.6047,14.1788,13.6156,20.3947,687.8977,12.8737
2488,4/3/2020 15:00,23.3978,14.2428,22.3706,15.6573,13.9148,7.9931,15.4047,621.8939,12.9117
2489,4/3/2020 16:00,60.761,13.7232,19.776,13.3737,11.3938,24.8755,35.8856,681.6667,10.3817
2490,4/3/2020 17:00,57.3475,18.9419,21.4829,14.9072,11.9378,22.9022,34.4453,793.5417,10.7035
2491,4/3/2020 18:00,105.2533,17.1821,12.3739,15.5438,11.7695,52.5051,52.7483,951.2121,10.5282
2492,4/3/2020 19:00,88.2303,24.5644,15.2877,21.1795,17.4667,40.2812,47.9491,987.3865,16.2571
2493,4/3/2020 20:00,40.1858,19.3124,20.677,12.2931,8.3902,10.3627,29.8231,806.4204,7.2113
2494,4/3/2020 21:00,25.0213,14.8703,27.0054,9.2288,7.2607,7.5137,17.5075,698.9015,6.6234
2495,4/3/2020 22:00,14.9855,13.5802,26.957,10.7234,7.0892,2.3468,12.6386,661.3068,5.8328
2496,4/3/2020 23:00,12.292,12.5177,27.609,11.9662,8.1889,1.004,11.288,598.5985,6.9187
2497,5/3/2020 0:00,10.6698,11.7364,32.5499,10.2778,8.3677,0.7536,9.9162,557.0644,7.5446
2498,5/3/2020 1:00,9.065,11.3165,29.8978,13.4487,12.2035,0.6657,8.3993,537.2538,11.6498
2499,5/3/2020 2:00,12.1862,11.2164,25.8553,12.7274,10.95,2.6008,9.5853,541.7235,10.1947
2500,5/3/2020 3:00,6.4788,10.8615,27.7171,7.8511,6.5719,0.5474,5.9314,510.5871,6.0037
2501,5/3/2020 4:00,5.1711,10.4264,34.4903,12.7318,11.3643,0.5011,4.67,460.9849,10.7813
2502,5/3/2020 5:00,3.9923,10.0975,40.6894,10.0296,8.8364,0.1949,3.7974,428.7311,8.2288
2503,5/3/2020 6:00,9.609,10.4299,42.6895,8.8055,8.047,2.2025,7.4065,448.6932,7.6808
2504,5/3/2020 7:00,33.549,18.7217,35.6647,11.5794,10.1125,13.7401,19.809,643.5038,9.4089
2505,5/3/2020 8:00,18.5482,14.8018,37.009,11.0021,9.5922,3.929,14.6192,574.1288,8.9536
2506,5/3/2020 9:00,89.0814,13.6188,22.0505,14.5229,12.4091,49.9926,39.0889,753.731,11.4291
2507,5/3/2020 10:00,234.7512,16.3549,10.087,54.5435,24.231,170.9592,63.7919,888.5416,16.8976
2508,5/3/2020 11:00,197.1764,23.8667,14.7529,50.8185,26.4244,146.7495,50.4269,796.1743,20.4772
2509,5/3/2020 12:00,95.4443,16.8978,14.9367,21.2296,16.0344,46.6789,48.7654,774.375,14.692
2510,5/3/2020 13:00,82.0741,21.8099,20.7591,30.3437,24.4787,36.2956,45.7785,827.3785,22.7387
2511,5/3/2020 14:00,64.1937,26.7545,30.1154,25.5928,20.6586,25.5354,38.6583,694.9306,18.4475
2512,5/3/2020 15:00,78.7888,29.2089,32.0548,25.0701,18.9473,32.1987,46.5901,740.4861,17.2289
2513,5/3/2020 16:00,76.6929,37.15,29.2994,32.908,25.5264,29.5438,47.1491,940.4465,23.3308
2514,5/3/2020 17:00,99.6293,30.6046,16.0731,35.1104,25.3837,42.2953,57.334,1175.6628,22.7086
2515,5/3/2020 18:00,65.6438,22.6395,21.9586,27.3133,19.6318,22.1202,43.5236,914.4508,17.3976
2516,5/3/2020 19:00,78.5242,16.1846,12.7801,38.8459,27.7856,21.9667,56.5575,1001.2311,24.5563
2517,5/3/2020 20:00,68.3011,14.7728,13.9253,30.5473,21.9752,21.1164,47.1847,855.6818,19.2568
2518,5/3/2020 21:00,86.6783,13.439,11.1455,28.3888,21.5151,27.8188,58.8595,867.5758,19.2494
2519,5/3/2020 22:00,41.9302,12.5578,17.683,22.4322,17.505,8.1619,33.7683,669.8611,15.9138
2520,5/3/2020 23:00,34.3141,12.2798,15.1254,40.0764,29.7675,5.4215,28.8926,667.3106,25.0366
2521,6/3/2020 0:00,22.4703,12.5238,19.5065,33.6786,27.832,1.2017,21.2685,618.4659,25.0788
2522,6/3/2020 1:00,20.1622,11.6593,18.5372,30.8786,25.259,1.0534,19.1088,595.191,22.7573
2523,6/3/2020 2:00,22.8695,11.3295,15.4692,32.2305,26.4299,1.2714,21.5981,585.4356,24.1635
2524,6/3/2020 3:00,23.226,11.3135,15.3543,43.2639,38.6639,1.115,22.111,566.6098,35.5021
2525,6/3/2020 4:00,20.1675,11.7152,15.6702,63.4652,54.7437,1.3703,18.7972,592.1402,49.5495
2526,6/3/2020 5:00,37.1998,18.5153,15.5046,45.7834,39.2712,13.6652,23.5346,708.9062,35.6141
2527,6/3/2020 6:00,34.8475,30.0911,12.2927,57.2533,47.303,11.1998,23.6478,683.6174,42.1229
2528,6/3/2020 7:00,41.7734,29.0411,6.2436,48.5647,42.0602,13.4002,28.3732,898.2765,38.1894
2529,6/3/2020 8:00,78.619,21.1441,6.4861,52.8246,43.4546,40.6682,37.9508,844.9621,38.4061
2530,6/3/2020 9:00,62.1895,17.7701,9.0467,70.0796,56.9772,33.6255,28.564,720.322,50.6042
2531,6/3/2020 10:00,91.7343,17.3351,9.587,63.4943,53.2018,49.4107,42.3236,1044.6591,47.869
2532,6/3/2020 11:00,60.1431,21.1316,20.7753,60.2902,50.775,20.3345,39.8086,779.5417,46.4228
2533,6/3/2020 12:00,72.9866,21.1883,34.0116,78.6524,66.9171,21.1372,51.8495,831.8125,61.5742
2534,6/3/2020 13:00,70.4939,21.1044,54.7372,90.5983,78.249,14.0325,56.4614,896.6667,72.0896
2535,6/3/2020 14:00,76.6303,24.9411,55.8694,90.3824,77.4574,13.7426,62.8877,868.5208,71.301
2536,6/3/2020 15:00,104.1127,21.8256,66.6494,97.3047,78.4529,11.3636,92.7491,1116.7917,71.448
2537,6/3/2020 16:00,90.1039,17.6166,48.0046,73.2126,56.2192,12.8924,77.2116,922.3291,50.502
2538,6/3/2020 17:00,77.6097,15.1213,44.4676,59.4742,46.4229,12.9973,64.6123,1055.4375,41.6824
2539,6/3/2020 18:00,78.7023,12.6522,27.4536,57.5033,44.3803,11.8056,66.8967,939.875,39.9034
2540,6/3/2020 19:00,89.2636,12.7847,15.5332,57.2879,45.9706,16.1874,73.0762,986.6667,41.9689
2541,6/3/2020 20:00,62.6065,13.0673,24.2641,60.368,48.993,9.0262,53.5803,906.9167,45.0998
2542,6/3/2020 21:00,48.0867,12.9429,21.9247,55.0107,47.2378,4.2793,43.8074,814.2708,44.0461
2543,6/3/2020 22:00,41.5912,15.3429,22.2683,48.0335,41.8077,2.9219,38.6693,914.4167,39.0172
2544,6/3/2020 23:00,53.8984,15.9326,12.8069,39.7354,31.6879,5.0002,48.8982,734.5,28.7441
2545,7/3/2020 0:00,65.5983,14.054,6.9576,75.5698,63.0247,5.7732,59.8251,758.7708,57.1096
2546,7/3/2020 1:00,82.0568,14.1294,4.8067,53.8104,47.2617,15.5712,66.4856,639.125,43.1661
2547,7/3/2020 2:00,81.8308,13.432,4.4967,48.5394,42.0238,17.2965,64.5343,635.75,38.3212
2548,7/3/2020 3:00,83.0847,13.4358,4.4194,35.9614,30.3969,23.8114,59.2733,547.5208,27.9228
2549,7/3/2020 4:00,104.9607,12.4386,4.966,38.4206,31.8574,47.9731,56.9875,584.7917,28.6712
2550,7/3/2020 5:00,66.7649,11.6202,5.0986,38.6437,32.1902,16.6747,50.0902,591.3542,29.1376
2551,7/3/2020 6:00,73.9994,10.7622,4.8032,35.8011,31.3647,26.8105,47.1889,693.3125,29.1332
2552,7/3/2020 7:00,96.606,10.4967,4.9832,41.4373,34.7637,49.7156,46.8904,845.2083,31.9619
2553,7/3/2020 8:00,123.0158,10.5544,5.1475,51.0412,40.0334,70.9965,52.0193,928.9584,36.2044
2554,7/3/2020 9:00,129.2132,11.5334,6.284,48.9251,36.8578,75.1975,54.0158,1104.604,32.2814
2555,7/3/2020 10:00,144.4048,12.5025,6.6022,52.5871,40.1743,80.5289,63.876,1105.3125,35.6208
2556,7/3/2020 11:00,126.756,12.9148,6.9151,56.1214,38.8297,62.2097,64.5463,933.1458,33.866
2557,7/3/2020 12:00,116.5528,12.9201,10.0496,57.165,38.4541,49.4045,67.1483,861.5625,33.1935
2558,7/3/2020 13:00,87.2851,13.3004,17.6876,44.8894,34.0167,25.7798,61.5053,761.7083,30.6547
2559,7/3/2020 14:00,66.0338,13.3567,26.4018,47.8356,35.1361,11.6223,54.4115,659.0208,31.6926
2560,7/3/2020 15:00,93.1497,12.0568,20.2781,72.4312,44.5405,25.3461,67.8036,787.7917,37.9792
2561,7/3/2020 16:00,84.2537,11.4734,20.98,70.6582,47.2014,18.7506,65.5031,721.0208,40.9568
2562,7/3/2020 17:00,96.2048,10.8194,19.6867,87.8725,52.0777,23.0047,73.2001,946.6875,43.3342
2563,7/3/2020 18:00,119.1664,10.1654,16.175,75.6668,51.8222,39.0384,80.1279,1045.1666,45.2552
2564,7/3/2020 19:00,123.3775,10.1935,13.1373,80.5866,59.0515,36.4748,86.9027,1167.4791,52.8146
2565,7/3/2020 20:00,67.6408,9.9986,17.5905,79.1013,62.3951,7.6116,60.0292,1031.4374,57.3209
2566,7/3/2020 21:00,43.8978,10.2593,22.069,62.2275,53.7065,2.5062,41.3915,938.3125,50.0703
2567,7/3/2020 22:00,55.0479,11.6116,15.49,75.6919,64.0973,3.7122,51.3357,1166.4203,59.1162
2568,7/3/2020 23:00,32.6275,15.6061,27.4915,57.2374,50.422,2.1735,30.454,714.9537,46.7868
2569,8/3/2020 1:00,20.7306,11.7768,36.3864,59.4817,54.9413,1.3175,19.4132,493.2465,51.2858
2570,8/3/2020 2:00,23.4371,11.4575,34.0401,75.9201,71.6442,1.4513,21.9858,490.1563,67.7697
2571,8/3/2020 3:00,20.5725,11.4249,38.1951,90.6935,68.7965,1.2373,19.3353,500.4167,56.9795
2572,8/3/2020 4:00,16.2972,11.123,36.7447,78.4197,59.3272,1.2237,15.0735,445.3472,48.2727
2573,8/3/2020 5:00,24.7162,10.8716,26.6161,58.2572,55.4731,2.5575,22.1587,551.8924,52.3122
2574,8/3/2020 6:00,35.1065,10.4183,21.0975,35.8986,34.7607,3.2612,31.8453,718.1077,33.3705
2575,8/3/2020 7:00,53.8166,10.3798,12.1181,38.8597,36.7952,7.904,45.9126,875.9896,35.1457
2576,8/3/2020 8:00,83.755,10.5812,10.1403,57.1459,49.1993,28.0214,55.7336,1401.5973,44.2481
2577,8/3/2020 9:00,128.8002,11.9246,13.3589,62.5891,54.798,66.0086,62.7916,1381.6841,50.9276
2578,8/3/2020 10:00,82.8945,12.8915,21.4377,57.3255,51.739,22.3298,60.5648,914.948,49.0139
2579,8/3/2020 11:00,118.945,13.5775,30.6824,101.2546,89.8986,54.8157,64.1293,844.1231,86.0564
2580,8/3/2020 12:00,49.2142,13.7304,58.8611,69.8927,51.4701,6.0884,43.1257,693.559,46.6449
2581,8/3/2020 13:00,31.7837,13.7522,88.0184,71.1426,50.0525,3.0308,28.7529,541.0417,44.375
2582,8/3/2020 14:00,32.856,12.4116,103.9304,79.8119,51.3318,2.934,29.9219,514.9826,44.1786
2583,8/3/2020 15:00,44.3224,10.4581,104.0122,99.0822,55.7602,4.4118,39.9106,529.9653,45.6332
2584,8/3/2020 16:00,77.4969,8.6575,88.9685,108.9024,72.7299,14.8174,62.6795,601.4583,63.1336
2585,8/3/2020 19:00,61.4744,9.4388,63.8117,171.0156,148.7485,10.3612,51.1132,683.9583,140.5435
2586,8/3/2020 20:00,38.6711,9.7343,54.9575,138.6375,122.9131,4.4321,34.239,650.0694,117.6852
2587,8/3/2020 21:00,25.3046,9.5487,54.7009,43.4017,33.7672,3.8018,21.5027,511.1218,30.7091
2588,8/3/2020 22:00,19.0116,9.2994,49.2917,45.0577,31.1984,1.2579,17.7537,529.0451,27.346
2589,8/3/2020 23:00,20.4925,9.1452,42.8508,99.6735,66.8552,1.6616,18.8309,527.1354,49.5441
2590,9/3/2020 0:00,19.296,8.4187,38.3326,55.886,43.8796,1.5412,17.7548,475.3646,36.8132
2591,9/3/2020 1:00,20.0849,5.5222,34.6469,76.2635,56.1944,1.5795,18.5054,433.4549,45.0004
2592,9/3/2020 2:00,21.3011,6.4414,31.7137,58.8402,48.5553,1.7427,19.5584,366.5799,42.0655
2593,9/3/2020 3:00,23.5826,7.1877,28.9641,63.6769,57.404,1.7831,21.7995,383.6979,52.2965
2594,9/3/2020 4:00,22.8583,8.1621,29.0359,72.4985,66.5306,1.6493,21.209,402.2743,60.9549
2595,9/3/2020 5:00,32.4676,9.7232,27.5926,72.5318,65.6624,2.6543,29.8132,497.934,60.132
2596,9/3/2020 6:00,44.1385,9.8904,18.9926,78.8882,68.2225,5.8015,38.3371,467.7951,61.382
2597,9/3/2020 7:00,43.1837,10.0398,17.2348,76.4459,66.8663,7.4912,35.6925,608.1076,60.496
2598,9/3/2020 8:00,69.199,9.8269,22.1393,79.9924,66.8111,26.7885,42.4105,671.7014,60.4155
2599,9/3/2020 9:00,52.3428,10.2134,32.2251,88.1499,72.4054,12.5474,39.7954,810.1042,65.7328
2600,9/3/2020 10:00,39.8585,10.6622,59.9558,92.8952,73.2566,7.6116,32.2469,663.7153,65.5774
2601,9/3/2020 11:00,57.1568,11.5194,92.5351,117.4243,85.5012,11.7149,45.4419,739.0799,75.2413
2602,9/3/2020 12:00,46.3051,12.5927,132.571,127.5847,90.0478,3.8544,42.4508,758.9931,78.2604
2603,9/3/2020 13:00,30.1409,12.6714,164.1931,113.1026,81.6414,1.766,28.3749,687.5694,72.5823
2604,9/3/2020 14:00,37.5253,12.0732,170.0176,117.2267,79.6477,2.2114,35.314,747.7431,69.5304
2605,9/3/2020 15:00,45.6951,13.2332,191.926,123.0521,79.6013,3.0355,42.6595,636.7917,68.518
2606,9/3/2020 16:00,108.0014,11.7252,141.3094,261.5716,174.7118,8.9929,99.0085,795.9375,155.9348
2607,9/3/2020 17:00,113.8416,10.4819,149.7442,318.3891,234.4319,5.3715,108.47,1049.5312,213.0484
2608,9/3/2020 18:00,138.5598,10.7167,131.3837,417.4342,354.0843,7.5163,131.0435,1163.4895,336.5647
2609,9/3/2020 19:00,80.0021,10.0795,107.1542,186.9366,129.7779,2.5255,77.4766,1471.8923,113.6452
2610,9/3/2020 20:00,89.3243,10.6559,92.4035,203.6584,159.2877,3.6844,85.6398,1533.5417,143.9681
2611,9/3/2020 21:00,69.8484,10.7588,49.6173,189.2762,157.1532,3.4803,66.3682,1484.4966,144.0215
2612,9/3/2020 22:00,49.9693,10.4056,32.7718,137.0851,117.6965,3.4907,46.4786,1340.625,108.8636
2613,9/3/2020 23:00,43.765,9.5091,32.4111,134.2553,117.4532,3.4313,40.3337,1131.5104,108.5799
2614,10/3/2020 0:00,49.802,10.1196,27.075,248.9852,230.3907,3.991,45.811,1093.75,215.5598
2615,10/3/2020 1:00,27.7864,11.9057,32.3707,89.7222,72.2572,2.1429,25.6435,443.4167,62.5762
2616,10/3/2020 2:00,21.0183,11.4419,35.0845,93.8363,76.4252,1.7648,19.2535,435.3542,67.1352
2617,10/3/2020 3:00,23.8678,10.9462,31.3642,124.4107,93.7509,1.7739,22.0939,422.75,76.2899
2618,10/3/2020 4:00,44.4969,10.6597,25.9178,67.9761,53.7375,7.1531,37.3438,481.625,47.8458
2619,10/3/2020 5:00,41.5208,10.5663,13.9952,71.7142,60.2341,4.0401,37.4807,536.125,54.8974
2620,10/3/2020 6:00,55.1595,24.4602,32.9672,85.1046,72.8862,7.4399,47.7196,2505.5626,68.4089
2621,10/3/2020 7:00,56.0951,29.4985,24.8413,78.2002,55.5359,11.4925,44.6026,981.1667,49.933
2622,10/3/2020 8:00,83.1293,28.7773,23.2808,105.2959,48.9291,29.1064,54.0229,1423.7292,38.5558
2623,10/3/2020 9:00,132.7219,22.1736,26.7782,140.0832,52.6286,60.9381,71.7839,900.25,37.1433
2624,10/3/2020 10:00,48.318,20.0238,44.6916,141.8595,48.7065,12.2384,36.0795,794.3334,31.9289
2625,10/3/2020 11:00,113.3513,17.6314,31.6239,177.0577,49.4549,52.9818,60.3695,873.5208,27.7451
2626,10/3/2020 12:00,52.8686,16.9274,58.655,127.9455,43.3521,14.3355,38.533,765.7917,27.6066
2627,10/3/2020 13:00,36.961,19.8989,67.9888,88.4535,31.7283,5.9244,31.0366,689.5833,21.1446
2628,10/3/2020 14:00,80.9518,15.0336,62.1438,74.3619,32.6021,32.9918,47.96,570.7955,24.4843
2629,10/3/2020 15:00,62.7304,14.5746,64.9897,100.381,42.07,13.1581,49.5723,576.25,30.0306
2630,10/3/2020 16:00,30.9497,12.4014,78.1924,102.088,54.59,4.0334,26.9163,610.4167,44.4645
2631,10/3/2020 17:00,45.7415,12.4562,67.6045,120.6228,64.1824,6.9997,38.7419,746.7045,51.7772
2632,10/3/2020 18:00,95.37,13.4849,36.6382,150.011,69.0818,18.7832,76.5868,1206.7292,50.8872
2633,10/3/2020 19:00,89.0813,13.2437,27.5851,181.1632,74.3769,16.6799,72.4014,1343.7501,50.5774
2634,10/3/2020 20:00,72.789,11.8465,26.167,156.089,79.7284,11.6038,61.1852,1342.197,61.178
2635,10/3/2020 21:00,43.4447,11.6883,36.4892,117.2468,74.1129,2.6485,40.7962,1114.0209,63.3199
2636,10/3/2020 22:00,33.9415,11.9834,48.9618,85.1451,62.0729,2.0285,31.913,860.9167,56.1972
2637,10/3/2020 23:00,35.2135,11.5284,40.0796,80.1816,63.3866,1.7672,33.4463,789.7917,57.2724
2638,11/3/2020 0:00,37.743,11.0595,40.6985,55.7995,44.5748,1.9633,35.7797,696.6477,40.4756
2639,11/3/2020 1:00,37.8928,10.9573,41.9258,57.9773,45.8872,1.7459,36.147,727.8409,41.392
2640,11/3/2020 2:00,34.0284,11.066,46.8382,55.6058,45.0412,1.7256,32.3029,686.4962,41.1001
2641,11/3/2020 3:00,32.7487,11.3351,45.512,53.2805,45.3673,1.5385,31.2102,786.3958,42.1089
2642,11/3/2020 4:00,28.8884,11.4815,50.7284,52.5418,45.8001,1.4155,27.4729,744.3542,42.7669
2643,11/3/2020 5:00,35.5078,11.6002,41.1056,60.8039,51.2432,2.7198,32.788,696.875,46.7181
2644,11/3/2020 6:00,61.8691,11.5153,25.2824,81.1648,55.4808,8.752,53.1171,882.1875,48.1271
2645,11/3/2020 7:00,60.9429,11.7985,33.4844,74.4067,55.8198,5.7553,55.1876,952.7708,49.8421
2646,11/3/2020 8:00,109.1458,13.891,23.013,125.3123,71.0971,30.2746,78.8712,1272.5625,58.0963
2647,11/3/2020 9:00,128.9772,14.6394,15.2232,138.0109,72.9822,38.0504,90.9268,1400.0833,58.6938
2648,11/3/2020 10:00,158.1998,23.6522,15.3263,201.3254,98.2994,53.0471,105.1526,1781.0416,77.3717
2649,11/3/2020 11:00,183.7723,19.703,20.4203,163.1247,75.567,65.53,118.2423,1380.8958,55.6489
2650,11/3/2020 12:00,107.0252,18.4875,48.8608,132.0416,70.7668,16.7098,90.3154,1124.625,56.1012
2651,11/3/2020 13:00,58.3656,17.0205,79.3144,85.3839,58.0973,3.4257,54.9398,772.3485,50.0175
2652,11/3/2020 14:00,79.0475,15.5188,63.9811,120.8509,74.7197,8.2242,70.8233,872.8958,62.242
2653,11/3/2020 15:00,87.5907,13.978,55.2189,115.1552,76.1997,10.0528,77.5379,820.8333,64.5897
2654,11/3/2020 16:00,87.8248,14.5174,82.1415,116.4391,63.6615,7.9393,79.8855,734.5625,49.7716
2655,11/3/2020 17:00,106.2195,13.7885,61.7163,208.8694,145.1712,14.3304,91.8891,922.7291,127.9714
2656,11/3/2020 18:00,98.3721,12.5845,63.9671,178.5762,133.0233,19.5783,78.7938,825.8333,119.3866
2657,11/3/2020 19:00,53.0243,11.3604,72.2012,90.0616,63.5805,3.2651,49.7592,811.7917,54.8837
2658,11/3/2020 20:00,44.6454,10.9543,73.9553,82.9091,64.493,2.6445,42.0009,768.3958,56.4558
2659,11/3/2020 21:00,34.9521,10.6478,72.3062,70.5362,55.6663,1.2929,33.6592,754.875,48.9225
2660,11/3/2020 22:00,30.2185,10.8766,66.4187,64.9234,53.4487,1.3786,28.8399,744.5208,48.6606
2661,11/3/2020 23:00,31.631,10.4895,55.7637,65.4282,55.652,1.5406,30.0904,773.9375,51.1062
2662,12/3/2020 0:00,28.7542,10.1325,51.8881,87.4494,78.4144,1.8595,26.8947,743.4792,71.1496
2663,12/3/2020 1:00,26.6482,10.2321,45.4316,57.2445,53.7199,1.2594,25.3888,651.4583,50.7156
2664,12/3/2020 2:00,23.3558,10.3922,41.0638,57.6413,54.7978,1.2909,22.0649,642.6515,52.0493
2665,12/3/2020 3:00,27.6491,10.2436,32.69,50.0057,47.4978,1.2833,26.3658,706.9583,45.6572
2666,12/3/2020 4:00,38.0818,10.2316,23.0322,47.821,45.774,2.2738,35.8081,757.9792,44.1852
2667,12/3/2020 5:00,78.7774,10.2827,9.2199,53.4325,51.3777,14.5321,64.2454,904.9167,49.6278
2668,12/3/2020 6:00,59.7679,10.1668,10.8275,44.0335,42.5292,9.983,49.7849,902.3542,41.1815
2669,12/3/2020 7:00,71.29,10.1377,10.0792,43.7812,42.3433,21.2021,50.0878,1027.375,40.9325
2670,12/3/2020 8:00,105.9298,10.2212,7.4305,56.7552,52.3548,47.8612,58.0686,1493.0002,49.8472
2671,12/3/2020 9:00,109.511,10.1621,9.6306,54.0918,50.389,47.4795,62.0315,1206.5207,48.4337
2672,12/3/2020 10:00,114.2068,10.0662,9.4171,46.8261,43.3469,43.7282,70.4786,1098.9166,41.5395
2673,12/3/2020 11:00,166.1895,10.3694,11.6597,50.0715,41.1663,67.9641,98.2254,1331.3333,37.8302
2674,12/3/2020 12:00,61.5828,10.6187,44.6744,38.4515,32.0215,8.1689,53.4139,755.875,29.664
2675,12/3/2020 13:00,41.2149,10.8793,69.2079,34.4581,27.3961,3.1222,38.0927,643.0493,25.4162
2676,12/3/2020 14:00,60.1736,10.9027,72.8415,40.8706,30.317,11.5013,48.6723,800.9659,27.601
2677,12/3/2020 15:00,63.3964,10.3256,72.6766,54.3542,37.4345,6.5577,56.8386,659.3125,33.2062
2678,12/3/2020 16:00,184.1145,10.3603,32.8343,87.9013,59.6878,81.6185,102.496,986.2499,51.9168
2679,12/3/2020 17:00,112.2492,10.1468,32.3414,90.2796,68.0424,22.4986,89.7506,1028.5416,61.5711
2680,12/3/2020 18:00,112.7278,10.0534,19.4138,124.8417,97.6059,16.2484,96.4795,1350.875,88.6213
2681,12/3/2020 19:00,183.142,10.3322,22.6662,126.7566,109.4475,105.6983,77.4437,1099.8542,102.6492
2682,12/3/2020 20:00,36.1515,10.0901,52.1285,90.9283,79.2226,3.3002,32.8513,560.6667,74.5169
2683,12/3/2020 21:00,26.0673,9.9414,52.7667,49.0614,43.0318,1.7411,24.3262,511.0625,40.2128
2684,12/3/2020 22:00,26.4168,9.9042,47.4328,44.9595,39.63,1.4727,24.9441,512.1458,36.9368
2685,12/3/2020 23:00,25.2826,9.8141,40.7709,66.9653,61.6976,1.3757,23.9068,656.9792,57.6793
2686,00:00 13/03/2020,23.8616,9.9323,33.988,93.6558,90.3036,1.6359,22.2256,722.375,85.9354
2687,01:00 13/03/2020,20.7104,9.9804,32.1464,75.2531,63.0674,1.3679,19.3425,633.8333,54.3873
2688,02:00 13/03/2020,27.7734,10.0624,28.5001,74.0245,65.9138,3.6776,24.0958,529.2708,60.3016
2689,03:00 13/03/2020,20.5938,10.03,27.2354,155.8375,106.7486,1.4532,19.1405,725.375,76.7008
2690,04:00 13/03/2020,26.1938,10.2007,22.7012,146.715,142.1026,1.8057,24.3882,524.9792,135.4957
2691,05:00 13/03/2020,29.5567,10.347,18.0819,75.639,73.0617,3.168,26.3888,484.0417,69.4806
2692,06:00 13/03/2020,53.1438,10.2908,10.2589,43.613,41.5305,13.2318,39.912,690.0417,39.4859
2693,07:00 13/03/2020,61.4798,10.2736,8.3888,42.4357,40.437,19.7076,41.7722,865.0208,38.6217
2694,08:00 13/03/2020,76.715,10.1077,9.5624,45.9323,42.8795,31.6667,45.0483,957.4791,40.8308
2695,09:00 13/03/2020,68.5373,10.4643,10.6393,64.8862,59.5816,26.2403,42.297,1102.2917,56.6029
2696,10:00 13/03/2020,63.3582,10.7827,13.3087,80.6932,73.524,27.0113,36.3469,1124.375,68.8105
2697,11:00 13/03/2020,50.5533,10.9953,21.8575,83.6626,74.2465,17.4685,33.0848,974.5834,68.418
2698,12:00 13/03/2020,51.4146,11.5882,36.6728,101.3596,87.0398,9.7266,41.688,1058.4584,79.8147
2699,13:00 13/03/2020,86.9625,11.7594,39.1097,130.3895,109.9348,17.5339,69.4286,1243.125,98.4527
2700,14:00 13/03/2020,52.7806,12.8567,48.5672,111.1253,79.0915,6.2886,46.4919,927.7709,69.6316
2701,15:00 13/03/2020,113.8599,12.219,30.7668,170.9507,86.5039,25.7736,88.0863,925.5655,67.4843
2702,23:00 15/03/2020,31.7228,11.7308,23.8623,98.8255,86.0496,2.2959,29.427,810,78.2981
2703,00:00 16/03/2020,32.7146,11.9357,23.6802,96.5747,83.8791,1.9251,30.7895,813.9583,76.4075
2704,04:00 16/03/2020,53.6779,10.949,9.3471,89.2766,84.5466,13.3442,40.3337,1024.583,79.863
2705,05:00 16/03/2020,51.9595,11.4495,10.1935,90.1576,85.3758,11.3587,40.6007,1220.833,80.7712
2706,06:00 16/03/2020,25.232,12.6889,12.6116,69.552,67.5594,3.35,21.8819,954.5833,65.1807
2707,07:00 16/03/2020,41.9352,12.7616,11.1207,64.7363,63.3414,10.3889,31.5463,1072.5348,61.6573
2708,08:00 16/03/2020,260.0488,12.578,8.2461,96.3519,87.4849,163.4335,96.6153,1289.2013,83.0879
2709,09:00 16/03/2020,103.4165,12.2221,12.2669,110.4711,87.9465,43.523,59.8935,1114.2361,80.8896
2710,10:00 16/03/2020,141.8679,12.1737,10.2891,131.691,100.9882,77.4153,64.4525,1334.8264,92.0745
2711,11:00 16/03/2020,154.9869,12.5518,9.5018,120.2468,105.1468,82.1911,72.7958,1161.8924,98.3363
2712,12:00 16/03/2020,157.4236,12.3592,9.0691,72.8469,61.7909,79.5316,77.892,1161.684,58.1606
2713,13:00 16/03/2020,49.4631,12.0346,18.559,66.2442,63.5532,7.1723,42.2907,919.6006,60.2395
2714,14:00 16/03/2020,114.4941,12.5296,13.1741,104.257,97.9109,54.8023,59.6918,1266.7533,93.0143
2715,15:00 16/03/2020,161.3912,13.5071,8.6664,167.1125,87.0073,91.6283,69.763,1494.8263,68.7341
2716,16:00 16/03/2020,201.8153,13.4023,9.0512,127.8683,77.7848,121.4777,80.3376,1484.0278,65.4031
2717,17:00 16/03/2020,271.2797,15.3081,6.4426,187.3093,108.2276,183.5349,87.7448,1894.2709,89.318
2718,18:00 16/03/2020,146.1405,16.3587,5.4239,100.5201,83.7069,69.8611,76.2794,1950.4168,75.9884
2719,19:00 16/03/2020,146.6466,15.1523,5.6197,99.6259,86.4621,71.0906,75.556,1747.2291,78.5895
2720,20:00 16/03/2020,129.2149,13.9182,5.9508,95.735,80.5453,55.2596,73.9553,1802.75,71.8929
2721,21:00 16/03/2020,110.1084,13.3734,6.1726,85.2716,77.5337,42.918,67.1904,1389.8958,70.6821
2722,22:00 16/03/2020,104.3094,12.727,6.6029,82.1942,74.7893,44.9505,59.3589,1409.5001,68.3634
2723,23:00 16/03/2020,91.005,12.4563,6.6801,118.6669,101.0553,36.0033,55.0017,1430.0415,86.5514
2724,00:00 17/03/2020,81.3819,12.441,5.74,160.6758,141.3787,28.8656,52.5163,1250.5,122.7441
2725,01:00 17/03/2020,80.5636,12.1726,6.0086,84.7725,79.2098,32.4682,48.0954,1250.1875,70.885
2726,02:00 17/03/2020,74.9047,11.9891,6.07,55.9994,53.9074,31.2767,43.628,1174.4791,50.7116
2727,03:00 17/03/2020,80.7399,11.6121,6.559,43.125,41.5872,39.3319,41.408,1230.4376,39.901
2728,04:00 17/03/2020,79.7452,11.4586,6.7497,101.6989,88.2692,39.4961,40.2492,1176.7083,76.8684
2729,05:00 17/03/2020,53.8158,10.9181,9.0081,56.844,51.5287,9.2485,44.5673,829.125,47.483
2730,06:00 17/03/2020,81.8518,10.9676,6.3533,37.5581,36.4834,41.5728,40.2789,1243.4168,35.2998
2731,07:00 17/03/2020,83.826,10.7822,6.274,32.3536,31.5538,46.205,37.6211,1283.1041,30.9011
2732,08:00 17/03/2020,75.1725,10.6916,5.3371,23.9186,22.6681,42.8224,32.3502,1132.0624,22.0702
2733,09:00 17/03/2020,69.4422,10.684,5.8965,26.4749,24.3644,38.6117,30.8305,1127.5208,23.4253
2734,10:00 17/03/2020,64.7573,10.4919,6.6437,29.4471,26.2403,31.5684,33.1889,1128.2292,24.6747
2735,11:00 17/03/2020,72.1994,10.3727,7.238,29.0236,26.2854,36.3578,35.8416,1118.1458,25.1194
2736,12:00 17/03/2020,103.4832,10.491,7.9566,34.8644,31.6026,61.2067,42.2765,1257.4376,30.0717
2737,13:00 17/03/2020,133.2527,10.6564,9.5539,52.1507,47.335,51.6097,81.6431,1592.4166,45.2722
2738,14:00 17/03/2020,126.6368,10.5977,9.8264,58.1096,50.3967,34.8668,91.77,1618.1876,47.3561
2739,15:00 17/03/2020,180.2702,10.4457,7.9248,59.0195,54.011,87.6909,92.5793,1704.2083,51.4424
2740,16:00 17/03/2020,109.429,10.0519,11.6122,41.6735,38.3459,34.3985,75.0306,1234.2291,36.595
2741,17:00 17/03/2020,105.0611,9.9128,14.8653,31.8327,29.4271,26.7102,78.3509,910.8333,28.3335
2742,18:00 17/03/2020,95.3432,9.9428,15.6893,38.9563,35.1173,23.7698,71.5733,944.3333,33.3341
2743,19:00 17/03/2020,62.6941,9.9199,22.0143,39.0311,36.822,8.5182,54.176,835.9166,35.3221
2744,20:00 17/03/2020,58.2302,10.2073,24.8399,40.8819,37.3729,7.7271,50.5031,815.9375,34.8434
2745,21:00 17/03/2020,50.9557,10.3675,22.8301,39.1996,36.1647,7.491,43.4647,596.9167,34.0441
2746,22:00 17/03/2020,26.6784,11.1969,18.8823,8.9048,7.482,3.7797,22.8987,633.6042,6.8977
2747,23:00 17/03/2020,14.8268,11.6087,24.7602,8.0973,6.2014,1.2516,13.5752,582.0625,5.3901
2748,00:00 18/03/2020,14.4844,12.0163,29.0359,6.4419,3.7444,1.5473,12.9371,541.0208,2.924
2749,01:00 18/03/2020,13.6877,11.8461,27.7404,5.1726,3.2291,0.9594,12.7283,534.9792,2.5357
2750,02:00 18/03/2020,12.7293,11.3652,29.1898,6.3585,4.7149,0.8321,11.8971,530.9792,4.0929
2751,03:00 18/03/2020,11.0762,11.0768,27.294,45.2475,43.2714,1.8394,9.2368,602.75,41.7474
2752,04:00 18/03/2020,10.6276,11.0711,29.458,5.7014,4.2882,1.4753,9.1523,519.125,3.6706
2753,05:00 18/03/2020,37.6013,11.6478,21.2843,8.0095,5.9424,18.7517,18.8496,541.4375,5.1116
2754,06:00 18/03/2020,46.7737,18.2735,18.2516,15.0868,11.1634,23.6231,23.1506,696.2917,9.781
2755,07:00 18/03/2020,54.7654,26.7496,11.7715,22.5844,17.585,27.6831,27.0823,745.9792,15.6622
2756,08:00 18/03/2020,67.9105,28.1414,13.8549,34.1892,26.2458,36.3323,31.5782,1171.0416,23.6987
2757,09:00 18/03/2020,149.0677,28.4808,11.3504,43.5334,33.7982,100.9538,48.1139,916.8334,30.9776
2758,10:00 18/03/2020,157.8515,28.7254,5.2296,49.6972,36.5565,103.2754,54.5762,895.125,32.7393
2759,11:00 18/03/2020,196.4128,21.2145,6.983,82.6309,35.0265,128.904,67.5088,924.6041,23.8265
2760,12:00 18/03/2020,77.2584,20.9462,14.3713,26.7027,22.0776,34.3527,42.9057,776.0208,20.1502
2761,13:00 18/03/2020,44.8041,19.2225,18.862,17.7229,13.8965,17.7094,27.0947,601.7083,12.374
2762,14:00 18/03/2020,26.6225,16.0489,25.6335,16.1634,13.8145,7.7394,18.8831,593.125,12.8563
2763,15:00 18/03/2020,201.6488,19.8584,8.762,29.3198,23.2295,123.5406,78.1081,938.5833,21.2196
2764,16:00 18/03/2020,227.5021,29.2983,8.6359,45.3677,34.4119,157.7602,69.7419,1093.1043,30.7641
2765,17:00 18/03/2020,213.1352,24.5293,3.8824,34.5188,27.4535,152.2307,60.9045,961.6667,24.6025
2766,18:00 18/03/2020,36.745,17.0575,13.1866,24.3896,20.9446,9.3018,27.4432,795.8333,19.4675
2767,19:00 18/03/2020,45.6521,15.8563,12.8285,22.4382,18.5368,15.1357,30.5164,758.2639,17.0305
2768,20:00 18/03/2020,24.5528,14.2158,16.9452,33.5905,31.5593,6.0188,18.5339,754.4444,29.5632
2769,21:00 18/03/2020,21.8689,13.0225,15.0939,23.6311,21.8783,4.2456,17.6233,655.625,20.7175
2770,22:00 18/03/2020,20.5845,12.217,14.8165,23.7142,22.579,1.2244,19.3601,1029.4444,21.6059
2771,23:00 18/03/2020,25.8885,12.1753,16.0228,97.4991,91.7289,1.8544,24.0341,1153.5764,84.0325
2772,00:00 19/03/2020,22.9903,11.6906,16.5892,40.6942,36.8098,1.4321,21.5582,723.1076,33.0263
2773,01:00 19/03/2020,22.3606,11.3868,17.1666,29.8692,27.1012,0.991,21.3696,490.5903,24.2971
2774,02:00 19/03/2020,22.979,11.0509,16.1868,25.0729,23.2092,1.3065,21.6725,458.1818,21.2528
2775,03:00 19/03/2020,24.3595,10.9495,14.2199,38.9843,35.9338,1.3581,23.0014,488.5,31.3846
2776,04:00 19/03/2020,26.7129,11.073,12.233,41.8041,38.6132,2.278,24.4349,522.2917,34.9461
2777,05:00 19/03/2020,23.7835,10.7532,15.0733,44.9805,42.3139,2.7548,21.0287,534.4097,39.6978
2778,06:00 19/03/2020,37.2053,11.1445,13.5521,32.992,29.3706,11.4014,25.8039,590.434,26.2391
2779,07:00 19/03/2020,39.0385,11.5032,10.9424,24.5373,22.4896,12.4983,26.5402,724.9306,20.8891
2780,08:00 19/03/2020,48.0588,11.5872,10.8658,51.9545,48.3503,17.091,30.9679,1020.1157,44.872
2781,15:00 19/03/2020,36.481,20.6063,25.8267,48.4925,37.3425,9.7105,26.7705,615.8333,32.4825
2782,16:00 19/03/2020,57.991,19.4351,25.286,33.2108,26.8545,20.6168,37.3742,610.8333,24.6001
2783,17:00 19/03/2020,92.557,15.1413,17.5276,67.7184,55.1848,45.1524,47.4046,812.0417,50.9112
2784,18:00 19/03/2020,96.0749,13.7561,12.3515,60.7829,49.1079,44.5945,51.4804,1305.021,44.3011
2785,19:00 19/03/2020,67.8584,13.3252,12.8076,47.9428,38.366,22.4626,45.3958,1163.3958,34.9373
2786,20:00 19/03/2020,42.1469,13.1713,17.0029,44.6508,34.1364,4.5652,37.5817,958.4583,31.0549
2787,21:00 19/03/2020,45.6225,12.3457,10.6707,54.2778,45.5165,7.7166,37.9059,1184.4376,41.9997
2788,22:00 19/03/2020,40.5534,12.0563,13.6163,51.918,43.7227,5.7298,34.8235,1032.5,40.3453
2789,23:00 19/03/2020,68.2765,14.1398,8.5859,468.8717,421.6866,17.4845,50.792,1363.6667,378.2596
2790,00:00 20/03/2020,49.409,12.011,6.0672,108.3868,92.9924,6.8878,42.5212,1012.8749,81.5655
2791,01:00 20/03/2020,32.3481,11.9791,11.0389,47.9054,40.0617,2.7517,29.5964,889.2917,36.7362
2792,02:00 20/03/2020,49.163,11.3571,6.0411,80.6475,71.1129,7.0714,42.0916,891.0625,65.4196
2793,03:00 20/03/2020,43.4453,11.4667,7.2141,55.6917,49.4979,5.7383,37.707,896.125,46.1559
2794,04:00 20/03/2020,39.7287,11.4028,6.6783,44.3929,37.6954,4.7597,34.969,893.3125,34.6357
2795,05:00 20/03/2020,35.2946,11.2183,8.223,50.093,43.9558,5.2412,30.0534,836.375,40.7231
2796,06:00 20/03/2020,54.1384,11.2846,10.5589,42.7735,37.1095,17.8997,36.2387,931.3541,34.7474
2797,07:00 20/03/2020,27.8421,11.2932,11.3454,46.0351,40.2306,3.8469,23.9952,923.5208,37.8766
2798,08:00 20/03/2020,88.4083,11.4815,6.7383,71.1172,61.5752,40.5497,47.8585,1290,57.9249
2799,09:00 20/03/2020,58.8073,11.3634,8.9742,69.7385,60.2949,21.888,36.9193,1198.5834,56.192
2800,10:00 20/03/2020,81.0454,11.8137,14.7253,93.3495,80.4812,31.0147,50.0306,1366.9374,74.9228
2801,11:00 20/03/2020,64.0432,13.237,25.7339,66.6385,48.9043,19.545,44.4982,956.8542,44.1888
2802,12:00 20/03/2020,124.0745,13.9582,22.838,66.4198,48.0186,47.8235,76.251,1021.625,42.786
2803,13:00 20/03/2020,82.5332,14.4883,41.3856,61.6119,44.1334,18.5655,63.9677,799.6667,38.9772
2804,14:00 20/03/2020,72.3579,15.893,59.9433,74.2681,48.3025,10.8444,61.5135,818.1667,42.459
2805,15:00 20/03/2020,99.266,14.953,48.7065,59.2887,43.5714,16.84,82.426,789.375,39.349
2806,16:00 20/03/2020,92.3879,12.3056,48.205,126.6062,96.095,14.5019,77.886,817.4167,88.8337
2807,17:00 20/03/2020,110.7653,13.5621,31.5503,77.4385,47.3542,24.6185,86.1468,874.9584,40.2306
2808,18:00 20/03/2020,76.7092,12.4582,25.6546,60.0892,41.1689,13.3194,63.3899,956.2916,36.1423
2809,19:00 20/03/2020,66.4379,11.6397,19.867,70.8217,52.4397,11.2062,55.2317,848.3542,47.3597
2810,20:00 20/03/2020,61.6874,11.2694,19.9456,55.952,44.6153,16.3002,45.3872,817.0209,40.8042
2811,21:00 20/03/2020,51.8339,10.9433,17.4651,65.601,53.121,5.4621,46.3718,835.3542,48.0916
2812,22:00 20/03/2020,49.4567,11.0892,14.177,54.4381,46.8979,4.3461,45.1106,696.5,43.0192
2813,23:00 20/03/2020,59.9825,12.3004,14.1963,428.4929,394.6783,10.8207,49.1618,1129.8959,358.5367
2814,00:00 21/03/2020,55.8622,10.9934,9.8357,80.5217,74.995,5.0603,50.8019,751.6667,69.9912
2815,01:00 21/03/2020,41.6369,11.8213,13.3248,62.6047,58.69,2.4305,39.2064,794.0208,55.0577
2816,02:00 21/03/2020,49.8478,14.8625,12.2408,213.9454,198.2386,4.525,45.3229,832.0208,179.3828
2817,03:00 21/03/2020,51.7906,14.2385,7.6966,76.5085,70.4491,4.6585,47.1321,685.7292,64.9096
2818,04:00 21/03/2020,48.2716,13.3862,8.3652,75.5616,69.6735,5.9438,42.3278,699.2292,64.9111
2819,05:00 21/03/2020,36.2957,12.8905,13.2873,74.3138,69.2235,4.3166,31.9791,676.625,64.7569
2820,06:00 21/03/2020,47.7603,13.0335,11.9669,104.9277,99.1049,8.913,38.8473,978.0209,93.2725
2821,07:00 21/03/2020,53.6155,12.9029,9.1674,81.2007,77.5512,18.019,35.5965,1130.2291,72.8905
2822,08:00 21/03/2020,96.3216,12.3433,8.193,74.2183,70.4828,43.4109,52.9107,1486.7916,67.1727
2823,09:00 21/03/2020,70.7843,12.4319,16.7572,54.1578,48.6643,17.9288,52.8556,1043.3958,46.0779
2824,10:00 21/03/2020,69.4733,12.3352,24.8852,49.4777,41.9155,13.6483,55.825,934.9792,38.8439
2825,11:00 21/03/2020,88.2961,12.5187,22.0243,53.695,41.33,19.5234,68.7727,978.3125,37.1145
2826,12:00 21/03/2020,91.7388,13.4639,32.9336,68.8381,56.0376,19.4483,72.2905,909.4375,50.1515
2827,13:00 21/03/2020,58.7146,14.2814,54.5515,52.7639,42.3926,9.2574,49.4572,800.9792,39.5478
2828,14:00 21/03/2020,49.8281,14.4053,58.0092,59.1983,48.2412,6.2453,43.5828,707.8125,44.828
2829,15:00 21/03/2020,76.594,12.655,48.8372,90.4251,56.1272,10.793,65.8009,719.0208,48.5518
2830,16:00 21/03/2020,90.257,10.7946,41.6921,59.3997,46.7613,13.775,76.4821,759.0417,43.0067
2831,17:00 21/03/2020,96.4051,10.8537,40.1859,86.9376,67.0787,18.7578,77.6474,935.8333,60.9898
2832,18:00 21/03/2020,60.1144,11.0334,45.5073,73.9714,60.2079,5.1874,54.927,767.7917,55.3623
2833,19:00 21/03/2020,34.6148,11.1993,54.4304,50.102,38.9118,2.3044,32.3104,642.6875,35.9611
2834,20:00 21/03/2020,35.1811,10.7727,45.7259,55.9905,41.6657,3.9476,31.2335,589.9375,37.8962
2835,21:00 21/03/2020,23.9894,10.6726,43.0989,41.5975,35.5915,1.9832,22.0062,490.6042,33.18
2836,22:00 21/03/2020,24.4108,10.9053,34.5809,44.3097,39.521,1.8539,22.5569,516.4757,37.1621
2837,23:00 21/03/2020,27.1335,10.6654,27.2884,46.9283,41.5359,1.9004,25.2331,643.8021,39.0286
2838,00:00 22/03/2020,26.3605,10.864,21.1452,76.8757,72.3496,2.0137,24.3467,722.5694,67.2233
2839,01:00 22/03/2020,30.4336,10.9379,15.315,68.5613,65.7777,4.6827,25.7509,745.5729,61.5678
2840,02:00 22/03/2020,30.4559,11.5707,18.414,98.1547,94.7924,2.2006,28.2553,578.2986,89.896
2841,03:00 22/03/2020,32.4259,11.7391,21.1538,80.382,75.0694,7.7374,24.6885,560.8681,69.8257
2842,04:00 22/03/2020,25.3921,11.6875,21.238,59.1281,55.7603,3.9751,21.4169,489.0625,52.1137
2843,05:00 22/03/2020,28.0835,11.8793,23.5132,44.4319,40.7612,2.9862,25.0973,461.0417,38.0801
2844,06:00 22/03/2020,30.8453,11.6732,21.8735,41.3111,38.0348,2.4747,28.3706,518.2292,35.9445
2845,07:00 22/03/2020,45.8664,11.5782,18.1092,46.7259,42.4443,6.4307,39.4357,591.7361,39.863
2846,08:00 22/03/2020,45.3399,11.2227,21.4118,51.1385,44.9309,7.7668,37.5731,655.5208,42.007
2847,09:00 22/03/2020,62.8744,11.1814,20.8097,36.8333,30.7385,12.8504,50.024,649.6181,28.6323
2848,10:00 22/03/2020,70.3926,11.1337,18.8885,27.4812,23.8103,16.8531,53.5395,592.6042,22.2175
2849,11:00 22/03/2020,79.1235,11.3895,24.9888,41.3814,33.9681,23.2249,55.8986,745.0417,31.4763
2850,12:00 22/03/2020,86.8203,11.8061,32.2282,47.7498,40.0004,22.2127,64.6075,723.0417,37.3805
2851,13:00 22/03/2020,35.0482,12.9067,48.7408,46.4744,38.9906,5.3446,29.7036,465.6042,36.736
2852,14:00 22/03/2020,25.2411,12.3519,51.7856,33.3135,27.7599,3.415,21.8261,440.9375,26.1159
2853,15:00 22/03/2020,54.1479,11.1316,38.5361,35.6908,27.8327,14.2951,39.8527,402.2708,25.8482
2854,16:00 22/03/2020,49.9959,9.5972,36.0417,41.6442,30.5335,12.1451,37.8508,463.7292,27.7317
2855,17:00 22/03/2020,51.4714,10.0491,33.2336,77.2215,64.6968,10.0152,41.4562,632.1875,60.3367
2856,18:00 22/03/2020,59.7438,10.8203,21.3178,81.6982,65.165,16.1298,43.614,835.7083,58.226
2857,19:00 22/03/2020,36.9244,10.9776,24.0416,74.9991,59.8721,8.2256,28.6988,610.3125,53.3449
2858,20:00 22/03/2020,21.2756,10.7822,23.5969,52.5578,46.7015,2.6407,18.6349,551.5833,42.4525
2859,21:00 22/03/2020,18.5789,10.4295,23.3523,30.8887,26.0516,1.9651,16.6138,362.6875,23.3396
2860,22:00 22/03/2020,22.6639,10.6201,22.2711,31.0927,25.3199,2.8832,19.7807,348.375,22.1816
2861,23:00 22/03/2020,13.7188,11.1135,35.0384,37.3344,31.1232,1.2898,12.4291,269.4375,27.5457
2862,00:00 23/03/2020,16.7391,11.3051,33.8555,29.7429,25.0159,1.3016,15.4375,293.4792,22.4727
2863,01:00 23/03/2020,19.8749,11.5067,32.0714,37.7571,30.8595,1.8624,18.0126,259.6458,27.0549
2864,02:00 23/03/2020,22.0392,11.419,30.4452,52.1655,45.8949,1.5526,20.4866,259.4375,41.6448
2865,03:00 23/03/2020,18.6073,12.5869,31.9825,74.5199,67.1761,1.7556,16.8517,325.7708,60.8987
2866,04:00 23/03/2020,14.0531,12.8409,36.1299,50.3962,44.5105,1.3351,12.718,204.5833,41.1098
2867,05:00 23/03/2020,28.5799,12.4358,21.5211,40.5253,35.3532,3.5423,25.0376,399.4375,32.293
2868,06:00 23/03/2020,36.8786,12.4019,18.9552,57.0036,48.1404,4.1618,32.7168,477.4792,42.7666
2869,07:00 23/03/2020,42.2666,12.7008,17.319,56.3256,49.4321,8.67,33.5966,636.4167,44.9185
2870,08:00 23/03/2020,87.8021,12.328,16.1721,77.3791,48.8743,40.037,47.7651,605.5625,40.6623
2871,09:00 23/03/2020,110.5488,12.3824,13.7877,58.103,40.0092,46.1409,64.408,648.9375,34.3251
2872,10:00 23/03/2020,156.9659,12.5125,13.5605,53.034,40.7429,85.7352,71.2307,557.2708,36.1987
2873,11:00 23/03/2020,190.8452,12.3585,11.6879,68.22,54.5173,96.7241,94.1211,812.6458,49.2572
2874,12:00 23/03/2020,130.1647,12.615,18.647,84.8403,64.2148,54.329,75.8357,800.5,57.6154
2875,13:00 23/03/2020,60.6675,13.1446,23.4333,85.1701,70.6694,14.7958,45.8716,777.4583,64.8398
2876,14:00 23/03/2020,87.5651,16.2977,26.5603,77.4335,59.2404,30.2978,57.2672,1369.5208,53.6334
2877,15:00 23/03/2020,139.5789,23.4777,26.0146,95.8246,58.2251,48.8184,90.7604,1252.3958,49.902
2878,16:00 23/03/2020,139.6294,20.3275,29.0766,72.7134,47.9283,49.0319,90.5975,713.4375,42.1562
2879,17:00 23/03/2020,93.7979,16.6643,22.4579,104.2474,67.0861,19.9836,73.8143,862.8959,56.8522
2880,18:00 23/03/2020,55.378,15.729,34.1594,58.6741,44.1435,13.8277,41.5504,516.0625,38.8738
2881,19:00 23/03/2020,315.9297,13.063,11.3708,52.1198,46.0911,189.9953,125.9345,965.5833,42.0669
2882,20:00 23/03/2020,65.9035,12.2484,13.283,53.6156,46.5739,11.6529,54.2506,917.3333,43.3809
2883,21:00 23/03/2020,60.1611,12.1421,13.0673,58.3769,51.8481,14.688,45.4732,824.8959,48.2273
2884,22:00 23/03/2020,39.9228,12.0954,10.3157,48.0988,41.6105,5.061,34.8619,652.0625,38.3524
2885,23:00 23/03/2020,38.2006,12.3399,10.1642,50.5452,43.9301,4.7666,33.434,487.2083,40.3365
2886,00:00 24/03/2020,38.4865,12.2689,10.0664,76.8691,68.6729,4.2538,34.2326,393.9167,62.8955
2887,01:00 24/03/2020,37.9247,12.3924,9.5314,61.6249,53.8397,3.7591,34.1656,586.3958,48.8464
2888,02:00 24/03/2020,41.1372,14.8258,9.8832,125.7116,117.4011,4.7054,36.4318,782.2083,110.0694
2889,03:00 24/03/2020,37.0946,18.8074,11.0857,70.264,62.2842,4.043,33.0516,446.4583,57.4015
2890,04:00 24/03/2020,30.2535,17.3173,12.379,52.3254,45.057,2.772,27.4815,347.6667,40.9414
2891,05:00 24/03/2020,25.494,16.7934,14.7617,46.0297,40.4535,2.7419,22.7522,434.0833,36.1184
2892,06:00 24/03/2020,42.4365,16.3997,11.9122,46.7339,41.2849,7.6664,34.7701,505.7083,38.1317
2893,07:00 24/03/2020,53.7362,15.6228,10.6479,37.5657,28.8125,15.0991,38.6371,574,25.3629
2894,08:00 24/03/2020,68.5333,14.6823,10.4318,47.5261,36.1881,24.7766,43.7567,664.4792,31.727
2895,09:00 24/03/2020,108.0609,14.7819,12.5426,56.2587,36.5576,58.0638,49.9971,573.25,30.4166
2896,10:00 24/03/2020,122.462,15.4736,20.0038,37.8876,23.1408,63.7731,58.6889,397.9375,18.8706
2897,11:00 24/03/2020,122.4208,15.9264,31.64,36.0228,21.401,66.0361,56.3847,320.4792,17.6103
2898,12:00 24/03/2020,53.9441,16.9894,41.1524,36.7439,20.5674,16.8903,37.0538,236.8333,16.882
2899,13:00 24/03/2020,37.7842,15.3653,44.5237,33.1386,20.9709,10.2606,27.5236,256.5417,17.9555
2900,14:00 24/03/2020,25.6444,14.4258,50.4266,42.4278,25.1019,4.5444,21.1001,247.2917,20.4837
2901,15:00 24/03/2020,62.3352,12.818,43.8708,62.8385,29.5461,24.4749,37.8604,283.875,21.3008
2902,16:00 24/03/2020,52.3553,11.4743,40.6941,75.2945,35.561,14.3286,38.0267,290.0625,26.9349
2903,17:00 24/03/2020,71.7784,13.1179,34.0776,96.4121,48.6171,27.7967,43.9816,353.0208,37.9675
2904,18:00 24/03/2020,70.8998,12.6526,26.8896,79.5288,46.5537,25.5214,45.3783,374.7292,39.5766
2905,19:00 24/03/2020,45.397,12.7089,23.3512,53.505,32.8131,7.6568,37.7402,415.0208,27.5358
2906,20:00 24/03/2020,36.4263,11.6669,22.0411,52.9651,39.9985,5.0203,31.406,427.6875,35.7529
2907,21:00 24/03/2020,29.8583,11.3814,26.4525,44.0342,33.3823,3.4637,26.3946,357,30.0612
2908,22:00 24/03/2020,22.8795,11.2317,25.921,40.6028,30.9965,2.1458,20.7338,357.1458,27.774
2909,23:00 24/03/2020,26.3018,11.3318,19.1498,42.8433,36.0804,2.2519,24.0499,369.2292,33.1568
2910,00:00 25/03/2020,27.6134,11.3361,16.4275,48.6044,43.6798,2.887,24.7264,379.2917,41.1065
2911,01:00 25/03/2020,26.2318,11.4062,15.7082,54.4466,46.7715,2.5902,23.6415,334.125,41.8136
2912,02:00 25/03/2020,23.6995,13.2022,15.3596,91.9501,84.1425,2.5337,21.1658,504.2917,77.4242
2913,03:00 25/03/2020,24.5602,16.3487,15.8914,57.2944,51.1663,4.3338,20.2264,236.8125,46.4376
2914,04:00 25/03/2020,20.2452,15.2972,16.9408,53.8668,48.24,2.3309,17.9143,242.4375,43.9669
2915,05:00 25/03/2020,27.2359,14.893,15.5578,53.0679,47.3921,5.4659,21.77,289.0833,43.795
2916,06:00 25/03/2020,27.4688,14.4826,15.6935,36.8267,32.9742,4.7132,22.7556,277.3125,30.8091
2917,07:00 25/03/2020,36.4329,14.0783,15.3871,32.1232,26.4215,11.6698,24.763,348.5625,24.1032
2918,08:00 25/03/2020,36.7591,12.7699,15.5821,29.9076,24.0119,11.9923,24.7668,438.7708,21.8141
2919,09:00 25/03/2020,59.5358,13.135,15.9068,50.6469,34.0081,27.3014,32.2344,394.8542,29.322
2920,10:00 25/03/2020,54.0175,13.9196,21.6529,46.3211,28.168,24.0195,29.998,248.25,23.6863
2921,11:00 25/03/2020,43.2262,14.4297,24.4106,47.6702,34.9112,13.107,30.1192,306.5208,31.2746
2922,12:00 25/03/2020,60.9437,14.2371,29.1094,54.9997,34.9957,21.5117,39.432,320.2083,30.1948
2923,13:00 25/03/2020,37.1992,13.5235,36.4943,53.9658,30.5178,8.7124,28.4868,267.7841,24.9047
2924,14:00 25/03/2020,26.76,13.2842,37.6018,43.0655,22.8071,6.1803,20.5797,199.7292,17.9566
2925,15:00 25/03/2020,49.4706,11.9891,33.9969,64.7026,30.3135,22.7686,26.702,202.5417,22.3201
2926,16:00 25/03/2020,34.7647,11.0906,35.3341,89.0004,35.5015,9.2033,25.5613,234.8542,24.4024
2927,17:00 25/03/2020,41.8439,11.4179,27.6973,59.4162,27.3326,12.5513,29.2925,273.9205,19.9854
2928,18:00 25/03/2020,30.0878,11.2598,29.2955,58.0068,28.606,6.4637,23.6241,270.8542,21.6609
2929,19:00 25/03/2020,37.549,11.6269,21.5118,69.1604,53.3891,5.3529,32.1961,423.0833,47.6771
2930,20:00 25/03/2020,33.5425,11.3327,20.5796,43.7593,30.6557,6.2513,27.2912,342.1042,26.08
2931,21:00 25/03/2020,17.4903,10.9014,25.8459,45.4838,32.1459,1.6415,15.8488,260.0947,27.6657
2932,22:00 25/03/2020,15.5995,10.7449,25.9598,25.3819,20.7622,1.4375,14.162,217.178,18.1566
2933,23:00 25/03/2020,11.4234,10.5291,28.5683,18.0523,14.9148,1.0477,10.3758,167.625,12.9221
2934,00:00 26/03/2020,10.7768,10.6606,29.423,17.3862,14.0591,0.8498,9.927,157.2708,12.1341
2935,01:00 26/03/2020,14.6599,10.7808,27.6815,22.3741,17.6654,1.3052,13.3548,149.9167,15.1843
2936,02:00 26/03/2020,12.0278,10.8704,29.542,17.3358,13.9695,0.9773,11.0505,136.5208,11.8179
2937,03:00 26/03/2020,12.3032,11.1264,29.7634,24.2485,19.8208,0.873,11.4302,141.0208,17.166
2938,04:00 26/03/2020,16.8117,11.0596,28.0826,32.9364,27.838,2.3995,14.4122,173.5417,24.7357
2939,05:00 26/03/2020,18.9517,10.9972,26.1392,29.8934,23.7934,2.1701,16.7815,196.6042,20.7431
2940,06:00 26/03/2020,17.5484,11.0897,26.9939,22.0383,17.551,2.0533,15.495,207.75,15.076
2941,07:00 26/03/2020,28.8135,10.8966,21.7429,28.5176,19.0605,4.5841,24.2293,304.4583,15.6947
2942,08:00 26/03/2020,36.4121,10.7445,22.7583,33.8541,22.1894,11.8347,24.5775,372.2917,18.415
2943,09:00 26/03/2020,48.7212,11.2145,22.4801,43.9931,23.6013,16.6908,32.0304,399.4792,18.2998
2944,10:00 26/03/2020,36.3666,11.2641,31.4638,53.3494,32.545,8.0954,28.2711,352.0833,26.3059
2945,11:00 26/03/2020,31.3578,11.2679,38.6762,49.7967,28.6383,6.591,24.7668,331.375,22.8736
2946,12:00 26/03/2020,29.6982,12.3237,46.2152,59.5807,32.1557,5.3316,24.3666,311.2292,25.0479
2947,13:00 26/03/2020,23.6076,11.7026,49.3136,57.4276,33.814,3.7605,19.8471,275.875,26.8001
2948,14:00 26/03/2020,24.6548,11.1364,52.6014,50.4728,30.7062,5.5163,19.1385,241.0417,25.1554
2949,15:00 26/03/2020,26.4877,10.2412,52.1585,66.2773,34.4576,5.3558,21.1319,286.2292,26.3721
2950,16:00 26/03/2020,46.2778,9.6782,39.5416,83.6397,38.4759,11.4635,34.8143,348.5833,26.7626
2951,17:00 26/03/2020,40.9142,9.7559,44.4269,87.9155,39.8391,9.4856,31.4286,356.3333,27.9668
2952,18:00 26/03/2020,48.4764,9.6263,44.1722,81.9313,39.0105,11.3154,37.161,443.6458,29.5381
2953,19:00 26/03/2020,35.1768,10.6459,41.137,73.9626,42.6988,5.6416,29.5351,431.0417,34.1792
2954,20:00 26/03/2020,26.4674,10.797,35.4552,49.5588,31.4012,3.5358,22.9315,363.3125,25.9035
2955,21:00 26/03/2020,30.9409,10.8895,28.4562,43.2866,31.1489,5.6548,25.2861,403.625,26.7124
2956,22:00 26/03/2020,18.0631,11.0339,28.8562,37.3098,27.8057,2.0446,16.0185,433.3542,23.7199
2957,23:00 26/03/2020,12.9287,11.3647,30.4163,33.7022,26.1365,1.7601,11.1686,285.1875,22.502
2958,00:00 27/03/2020,12.3783,13.5564,26.2342,35.8082,28.844,1.5403,10.8379,396.5,25.1275
2959,01:00 27/03/2020,12.8789,15.9788,26.2635,30.4086,26.1565,1.4039,11.475,249.2083,23.1262
2960,02:00 27/03/2020,13.1997,15.0207,27.6461,26.2475,22.045,1.2149,11.9847,150.4792,19.2785
2961,03:00 27/03/2020,13.5746,14.3048,27.5944,27.5737,22.9099,1.4271,12.1475,188.2576,19.9677
2962,04:00 27/03/2020,20.834,14.4497,24.5534,39.1349,32.9029,6.1421,14.6919,193.7292,28.7667
2963,05:00 27/03/2020,13.3882,14.9139,26.0978,46.1874,39.8487,1.8409,11.5472,229.1875,34.8538
2964,06:00 27/03/2020,20.9322,15.627,23.2455,42.4119,35.2914,2.9299,18.0023,360.8958,31.1957
2965,07:00 27/03/2020,26.0562,14.9568,21.9643,35.7623,27.6165,5.5152,20.541,338.0625,24.137
2966,08:00 27/03/2020,75.3354,14.1546,16.4686,52.446,31.9566,29.6517,45.6837,624.1041,26.6584
2967,09:00 27/03/2020,81.9275,13.5378,16.6658,67.4399,35.2901,36.6307,45.2969,535.9375,26.8852
2968,10:00 27/03/2020,68.3247,12.2165,18.6152,82.9701,40.7965,23.019,45.3058,547.7292,30.5625
2969,11:00 27/03/2020,48.9161,12.3452,27.5954,89.0981,43.1029,14.1214,34.7948,434.5833,32.3144
2970,12:00 27/03/2020,66.124,13.9368,33.3265,108.868,48.5253,16.8612,49.2628,508.0417,34.8334
2971,13:00 27/03/2020,39.2175,12.6836,50.5916,88.2502,48.7675,7.4788,31.7388,401.4583,38.9747
2972,14:00 27/03/2020,108.9515,12.4944,44.8062,165.3225,89.4693,53.7677,55.1838,533.5625,74.2302
2973,15:00 27/03/2020,138.3945,11.8647,37.0546,159.3019,99.4765,64.4806,73.9139,528.8958,85.418
2974,16:00 27/03/2020,91.8297,10.1725,47.4339,184.658,116.4354,32.8983,58.9313,481.9167,100.6358
2975,17:00 27/03/2020,74.8138,10.1883,48.1439,151.6856,103.8988,22.3416,52.4722,595.875,91.6594
2976,18:00 27/03/2020,54.8285,10.5072,44.0179,183.6113,144.68,9.9884,44.8402,636.625,134.7562
2977,19:00 27/03/2020,60.757,11.3213,35.4902,91.1522,56.8494,12.7403,48.0167,581.7292,48.2661
2978,20:00 27/03/2020,39.0344,11.829,36.7507,83.0359,46.5484,5.0674,33.967,532.9167,38.0875
2979,21:00 27/03/2020,24.3393,12.2546,36.9107,53.453,38.5594,2.7285,21.6108,475.6667,33.4213
2980,22:00 27/03/2020,23.0003,12.6927,36.5985,44.7761,32.7734,2.6952,20.3052,381.1667,28.8469
2981,23:00 27/03/2020,19.4018,11.9434,37.3696,61.0129,53.5178,1.4686,17.9331,342.5417,49.2324
2982,00:00 28/03/2020,20.3977,10.8475,26.9372,67.2745,56.7639,1.7344,18.6633,287.0625,51.1088
2983,01:00 28/03/2020,21.049,11.4772,23.6501,32.4796,25.9122,1.9571,19.0919,232.2292,22.7519
2984,02:00 28/03/2020,21.848,11.0639,22.5072,28.8236,21.3867,1.9667,19.8814,316.8958,18.1122
2985,03:00 28/03/2020,26.621,11.521,21.0189,30.1588,21.9757,4.9667,21.6543,233.7083,18.4329
2986,04:00 28/03/2020,30.8894,11.9443,19.3409,30.5195,21.6414,5.7001,25.1892,245.4167,17.8773
2987,05:00 28/03/2020,41.469,12.4348,18.957,34.6012,25.7581,11.3607,30.1082,330.8125,21.9332
2988,06:00 28/03/2020,41.9887,14.0526,13.378,36.9325,28.1676,9.0778,32.9109,421.7292,24.2247
2989,07:00 28/03/2020,80.3939,13.7404,8.5499,48.0754,31.7283,29.0726,51.3212,608.2292,25.7492
2990,08:00 28/03/2020,95.188,13.7866,8.7299,74.611,34.6937,41.8055,53.3824,779.8542,25.018
2991,09:00 28/03/2020,136.1734,13.6298,9.9946,124.4674,82.9932,82.2765,53.897,960.9792,72.0227
2992,10:00 28/03/2020,86.7535,14.0202,11.2879,61.6138,34.6265,34.1602,52.5934,499.6667,27.8727
2993,11:00 28/03/2020,64.0317,13.8119,17.7726,53.741,29.0588,17.5261,46.5056,445.4375,22.6037
2994,12:00 28/03/2020,94.1678,14.8858,16.7129,88.9826,44.2418,30.9183,63.2495,539.625,32.1044
2995,13:00 28/03/2020,59.0372,14.35,28.5201,58.027,30.3092,18.8982,40.1389,313.125,22.9408
2996,14:00 28/03/2020,25.9892,14.4697,44.9008,74.2001,29.4727,4.5694,21.4198,226.3333,20.3641
2997,15:00 28/03/2020,68.0428,12.1264,29.8031,110.0502,36.2534,24.6596,43.3832,302.6667,21.6245
2998,16:00 28/03/2020,67.1575,11.1025,31.65,93.8418,40.6353,22.443,44.7146,440.3333,28.3251
2999,17:00 28/03/2020,69.4588,11.1082,29.0719,108.6513,50.9595,18.3124,51.1463,598.2292,37.7921
3000,18:00 28/03/2020,68.0937,11.1488,29.547,98.7313,50.4477,17.7094,50.3843,580.0833,39.1141
3001,19:00 28/03/2020,31.6453,11.5792,37.9793,79.8635,52.886,2.6322,29.0131,595.5833,45.7519
3002,20:00 28/03/2020,26.0431,11.6941,42.8468,65.4696,47.106,2.4392,23.6039,556.7708,41.8389
3003,21:00 28/03/2020,23.3904,12.9568,43.724,61.2935,46.713,2.2085,21.1819,540.2917,41.9746
3004,22:00 28/03/2020,17.2575,16.2677,47.841,41.8458,32.6536,1.3445,15.913,481.6042,29.4931
3005,23:00 28/03/2020,17.6756,17.2696,50.338,42.6397,35.4154,0.8194,16.8562,412.1458,31.9929
3006,00:00 29/03/2020,14.5395,22.1998,50.5619,62.3083,50.0187,1.0338,13.5057,524.0417,44.3002
3007,01:00 29/03/2020,13.2687,16.9555,48.7983,40.7705,35.2366,0.8348,12.4339,378.2917,32.7947
3008,02:00 29/03/2020,16.4601,14.177,43.9258,61.6121,55.8066,1.0684,15.3916,380.9283,52.6118
3009,03:00 29/03/2020,18.9434,13.4854,36.5464,58.1629,51.01,1.5399,17.4035,386.1458,47.7833
3010,04:00 29/03/2020,20.8442,13.3114,32.6643,69.986,62.8021,1.501,19.3432,528.9167,57.9398
3011,05:00 29/03/2020,23.0548,14.8882,23.9698,51.5098,42.4925,1.5953,21.4595,455.1458,38.369
3012,06:00 29/03/2020,32.8749,14.8696,16.6365,50.1575,40.9701,4.7557,28.1193,549.0833,37.2659
3013,07:00 29/03/2020,52.5145,14.25,14.6542,52.8208,37.8871,18.3486,34.1659,527.1458,32.5403
3014,08:00 29/03/2020,51.8717,13.4277,16.2566,56.7691,41.091,17.6975,34.1742,562.2348,35.4843
3015,09:00 29/03/2020,61.4587,13.3014,15.825,54.6448,37.6139,24.2806,37.1781,519.0833,32.4275
3016,10:00 29/03/2020,48.5389,13.2666,19.6145,48.1262,29.3737,15.7557,32.7832,483,24.1541
3017,11:00 29/03/2020,78.9716,13.3207,16.9482,62.9186,32.6242,38.7039,40.2677,485.303,25.2478
3018,12:00 29/03/2020,45.6679,13.4553,21.8986,55.5875,31.346,13.9213,31.7466,483.625,24.7712
3019,13:00 29/03/2020,26.0621,13.3581,27.4318,36.2668,25.9218,4.8617,21.2004,355.8958,22.0983
3020,14:00 29/03/2020,48.7317,12.3673,31.7135,39.2302,24.034,12.7637,35.968,387.178,19.6506
3021,15:00 29/03/2020,21.0621,11.4424,34.568,50.6932,20.5032,4.9238,16.1383,192.375,13.7257
3022,16:00 29/03/2020,22.8692,10.9729,38.6433,72.9149,26.2108,5.1237,17.7455,176.6458,15.1325
3023,17:00 29/03/2020,25.7937,11.2801,36.1508,56.4233,23.6809,5.0181,20.7756,265.5303,16.0629
3024,18:00 29/03/2020,24.0743,11.0916,32.8697,52.6594,26.1397,4.0211,20.0532,431.6875,19.5784
3025,19:00 29/03/2020,35.0331,11.6931,26.9822,60.7215,35.9627,6.602,28.4311,520.1666,29.3518
3026,20:00 29/03/2020,20.4075,11.6558,30.5595,44.6028,30.0925,1.7848,18.6226,444.1667,25.2516
3027,21:00 29/03/2020,21.2275,11.6249,30.5792,50.3623,41.6869,1.9055,19.322,345.0833,37.6932
3028,22:00 29/03/2020,21.7056,11.3723,30.4063,27.1667,21.9382,2.5983,19.1073,273.0625,19.1728
3029,23:00 29/03/2020,23.9986,11.1891,28.3811,47.4679,40.2817,2.6952,21.3034,304.7917,36.2595
3030,00:00 30/03/2020,16.8661,12.0605,32.1918,91.6598,83.964,1.4029,15.4632,241.0606,78.8243
3031,01:00 30/03/2020,15.8053,12.0315,30.8371,36.1122,29.681,1.4461,14.3592,314.1875,26.5096
3032,02:00 30/03/2020,15.0474,12.1862,29.3474,38.1944,32.9367,1.2576,13.7898,173.2955,29.6293
3033,03:00 30/03/2020,16.1882,12.3314,27.0504,21.8117,16.8239,1.8202,14.3681,139.7083,14.518
3034,04:00 30/03/2020,19.4128,12.1874,21.4204,27.2872,20.9172,2.278,17.1348,375.1458,18.6935
3035,05:00 30/03/2020,25.4355,11.8242,16.9836,32.953,27.8404,4.0749,21.3606,494.1875,25.428
3036,06:00 30/03/2020,24.6878,12.0868,15.5092,23.1189,19.1944,5.879,18.8088,290.7292,17.4403
3037,07:00 30/03/2020,39.3326,14.4826,7.898,18.6759,14.2115,17.7358,21.5968,670.125,12.7974
3038,08:00 30/03/2020,45.8937,17.0937,7.5969,16.6883,11.5403,23.9806,21.9131,593.0417,10.0397
3039,09:00 30/03/2020,41.4702,18.324,8.0241,16.62,10.7943,22.7469,18.7232,455.4167,9.3713
3040,10:00 30/03/2020,54.0492,16.6929,7.6242,20.4502,13.5547,34.9301,19.119,443.0682,11.3946
3041,11:00 30/03/2020,58.5942,16.5494,7.7998,27.2,18.1112,39.0809,19.5133,534.4583,15.5315
3042,12:00 30/03/2020,75.8696,16.875,7.9077,31.3663,19.6836,51.5033,24.3663,591.5417,16.5063
3043,13:00 30/03/2020,46.2503,15.8343,8.4295,-,-,27.131,19.1193,1144.3056,-
3044,14:00 30/03/2020,40.9209,13.9175,7.7577,-,-,21.4858,19.4351,528.75,-
3045,15:00 30/03/2020,58.5555,16.4255,6.5369,55.0568,29.3637,35.0584,23.4971,530.5208,23.14
3046,16:00 30/03/2020,66.9021,17.5309,5.9111,64.7882,33.0873,41.5741,25.328,776.0227,25.3241
3047,17:00 30/03/2020,65.9619,18.3121,5.4318,67.579,35.106,40.3177,25.6442,628.1042,27.3187
3048,18:00 30/03/2020,52.0921,17.2801,5.8804,62.1692,35.4749,25.8622,26.2299,620.9167,28.2223
3049,19:00 30/03/2020,45.7912,15.8678,6.2546,48.8219,27.0105,22.0535,23.7377,576.0625,21.185
3050,20:00 30/03/2020,27.3211,14.4935,7.4937,53.8636,31.9723,8.0608,19.2604,498.75,25.9693
3051,21:00 30/03/2020,20.7887,13.5083,7.8548,32.7491,24.731,3.7768,17.0119,415.5625,21.2712
3052,22:00 30/03/2020,20.6615,13.166,6.7362,33.1256,25.9152,4.7461,15.9154,397,22.3258
3053,23:00 30/03/2020,15.5446,12.5983,7.4548,30.2383,23.6764,2.0824,13.4623,355.9375,20.4287
3054,00:00 31/03/2020,16.5442,12.4386,6.8283,29.8215,23.713,2.732,13.8121,362.5208,20.5405
3055,01:00 31/03/2020,9.7493,12.0239,7.8041,23.8011,20.1712,0.9496,8.7997,300.4167,18.3852
3056,02:00 31/03/2020,10.1639,11.7293,7.8034,16.2968,13.483,1.432,8.7319,294.0833,12.2425
3057,03:00 31/03/2020,9.3381,11.7901,7.908,17.2666,13.3511,1.2111,8.127,287.5568,11.7969
3058,04:00 31/03/2020,11.2824,9.8312,6.6829,17.4216,13.8708,1.6553,9.6271,510.5625,12.5678
3059,05:00 31/03/2020,14.0976,10.1306,6.2951,21.5512,18.3354,2.8328,11.2648,727.125,16.8423
3060,06:00 31/03/2020,23.2316,10.7666,5.5926,36.2201,33.0144,6.4763,16.7554,924.5644,30.3933
3061,07:00 31/03/2020,32.7248,10.5381,5.7565,22.1864,20.2634,17.6043,15.1205,841.0625,18.834
3062,08:00 31/03/2020,65.1223,11.1393,5.6656,22.5584,17.7134,42.0204,23.1019,626.1174,15.9163
3063,09:00 31/03/2020,62.2731,11.6545,6.8994,24.492,19.3119,41.3285,20.9446,603.875,17.4534
3064,10:00 31/03/2020,62.5846,11.7517,7.3708,22.3463,18.4942,40.0283,22.5563,574.2708,16.9333
3065,11:00 31/03/2020,54.4142,11.7884,7.9441,20.8755,14.2769,33.7961,20.6181,543.5833,12.3306
3066,12:00 31/03/2020,51.2035,12.359,9.1238,41.6913,31.0451,26.7931,24.4104,578.0208,26.2114
3067,13:00 31/03/2020,25.6412,12.2802,9.5747,20.6344,12.5893,11.7213,13.9199,426.1363,10.4084
3068,14:00 31/03/2020,43.0732,12.155,9.9078,24.0107,14.835,19.6073,23.4659,504.8542,12.1851
3069,15:00 31/03/2020,32.1383,12.7517,11.4254,22.2431,12.6347,16.4193,15.719,423.6174,10.0988
3070,16:00 31/03/2020,34.7522,12.7695,12.7619,46.7513,33.4308,15.9251,18.8271,479.5833,29.2804
3071,17:00 31/03/2020,40.3622,12.8423,11.9615,65.6728,45.6833,16.6842,23.678,635.019,39.9311
3072,18:00 31/03/2020,60.825,12.6889,10.1013,80.7462,51.1128,28.7365,32.0885,749.4886,42.8799
3073,19:00 31/03/2020,75.7223,12.9333,6.1377,52.8542,25.6751,39.6646,36.0577,961.0985,19.4773
3074,20:00 31/03/2020,45.4261,12.4958,7.5237,54.034,29.2952,13.71,31.7162,895.5416,23.3609
3075,21:00 31/03/2020,43.0152,12.0393,8.0437,52.9625,30.7136,12.2519,30.7633,765.2083,24.7807
3076,22:00 31/03/2020,29.4522,11.7632,8.5834,44.3488,30.3872,5.6727,23.7795,652.6042,26.0939
3077,23:00 31/03/2020,24.8122,11.6168,10.5809,31.4426,23.949,4.1599,20.6523,537.822,20.9908
3078,1/4/2020 0:00,19.1099,11.6328,11.0978,28.0398,22.0398,1.8482,17.2617,478.9773,19.6544
3079,1/4/2020 1:00,27.4473,11.8232,8.2513,34.5248,23.7924,2.0958,25.3515,438.4167,20.031
3080,1/4/2020 2:00,12.4039,11.6831,20.6124,28.596,19.9826,0.6976,11.7062,350.7197,17.2457
3081,1/4/2020 3:00,7.8512,11.5969,25.8352,41.915,35.9025,0.6625,7.1887,372.0455,32.9301
3082,1/4/2020 4:00,6.6436,11.3447,25.5345,32.4317,28.3749,0.5961,6.0475,365.1515,26.218
3083,1/4/2020 5:00,9.6658,11.037,24.5029,31.6137,26.9991,1.541,8.1248,367.7273,24.6074
3084,1/4/2020 6:00,16.002,11.8824,24.6617,24.6134,20.1458,2.3822,13.6199,545.1515,18.6828
3085,1/4/2020 7:00,15.4263,12.3093,20.4221,35.7877,30.9007,2.2262,13.2001,542.9167,28.9156
3086,1/4/2020 8:00,38.3343,12.4436,16.1313,53.7176,44.1341,13.4977,24.8366,643.7121,40.7678
3087,1/4/2020 9:00,31.7809,12.3328,16.1343,67.7709,49.9141,10.4196,21.3613,632.5,44.2874
3088,1/4/2020 10:00,38.3064,12.2555,14.7776,49.979,38.0452,15.8039,22.5025,660.5303,33.4317
3089,1/4/2020 11:00,42.7317,12.3613,14.1224,54.2902,36.0352,18.9977,23.734,625.4735,30.1381
3090,1/4/2020 12:00,77.8977,12.6131,13.1119,67.0634,50.0745,44.4404,33.4574,749.0278,44.0759
3091,1/4/2020 13:00,42.0309,13.6452,19.2146,51.7202,36.7648,17.8821,24.1488,631.7993,31.713
3092,1/4/2020 14:00,61.3202,15.7243,19.7342,91.9115,44.349,28.8174,32.5028,562.5208,34.1082
3093,1/4/2020 15:00,54.8009,15.6055,19.9636,81.887,45.7314,20.6132,34.1877,532.963,36.1603
3094,1/4/2020 16:00,66.3901,15.4705,17.2337,94.702,51.7044,24.4756,41.9145,677.6389,40.5748
3095,1/4/2020 17:00,58.1108,15.4993,17.4083,101.8965,52.5235,18.8572,39.2537,709.6667,39.7842
3096,1/4/2020 18:00,48.6076,14.6474,17.0912,69.3483,46.8506,13.2427,35.3649,778.8889,39.7858
3097,1/4/2020 19:00,63.5431,13.916,11.5361,105.6726,59.8866,20.5472,42.9959,958.3796,48.8794
3098,1/4/2020 20:00,39.9258,12.923,13.2497,96.9803,63.5925,8.6887,31.2372,886.25,54.0068
3099,1/4/2020 21:00,33.7841,12.7051,13.4973,70.9565,58.861,3.5832,30.201,847.0625,54.1475
3100,1/4/2020 22:00,35.7981,11.968,9.761,59.7482,53.3834,8.201,27.597,689.9074,49.932
3101,1/4/2020 23:00,16.8225,11.6092,13.4277,51.1922,45.3369,2.1107,14.7118,538.8125,41.9969
3102,2/4/2020 0:00,17.1944,11.7694,11.4127,57.6186,53.3461,1.6202,15.5743,577.1528,49.8032
3103,2/4/2020 1:00,15.1749,11.6373,11.1165,48.8249,44.2968,1.3152,13.8597,472.6042,41.3063
3104,2/4/2020 2:00,14.3959,11.205,10.0232,45.9282,42.533,1.126,13.2699,487.286,40.1522
3105,2/4/2020 3:00,15.4648,11.5282,8.4348,51.6455,47.8968,1.5106,13.9542,819.9584,44.1359
3106,2/4/2020 4:00,13.8945,11.3776,9.5646,43.3827,39.9987,1.1381,12.7564,938.8334,36.5036
3107,2/4/2020 5:00,15.2068,11.0344,8.5466,45.5184,42.5473,1.5227,13.6841,1103.0002,39.7521
3108,2/4/2020 6:00,19.1204,11.2808,9.1624,43.6158,39.2947,3.7955,15.3249,907.5,36.7429
3109,2/4/2020 7:00,24.6704,11.2875,6.6826,26.6389,24.5858,6.9224,17.7479,1230.2708,23.3421
3110,2/4/2020 8:00,31.3599,11.175,6.7708,34.2776,32.8014,14.0926,17.2673,1127.1458,31.4495
3111,2/4/2020 9:00,77.7891,11.4133,6.0483,38.4906,35.3451,55.8195,21.9696,874.625,33.2293
3112,2/4/2020 10:00,46.2165,11.6597,6.378,23.8818,22.2387,29.7232,16.4933,873.9583,21.0112
3113,2/4/2020 11:00,73.4144,11.5744,6.4333,23.7992,22.4905,45.1229,28.2915,1211.375,21.68
3114,2/4/2020 12:00,51.1704,11.7503,7.8515,14.5239,13.1187,29.7512,21.4192,836.8182,12.4323
3115,2/4/2020 13:00,46.8889,12.6221,8.6538,31.6239,28.7009,26.9713,19.9176,613.625,27.0645
3116,2/4/2020 14:00,45.1081,13.5988,8.2834,36.6732,33.9142,24.704,20.4041,707.1042,32.1267
3117,2/4/2020 15:00,66.77,13.8395,7.009,45.3932,38.6535,35.5252,31.2448,1025.9584,35.0959
3118,2/4/2020 16:00,64.866,13.3298,6.3585,53.5594,43.3429,38.8082,26.0578,1069.5835,38.3489
3119,2/4/2020 17:00,64.6719,12.9983,6.2478,45.1451,36.6525,41.2208,23.4511,1013.5605,32.1328
3120,2/4/2020 18:00,53.595,12.7508,6.6514,73.1276,63.3849,30.9605,22.6345,954.3561,57.8541
3121,2/4/2020 19:00,38.5776,12.563,6.2833,62.9593,54.5661,14.9149,23.6628,751.375,48.5498
3122,2/4/2020 20:00,28.0801,12.2152,7.0823,42.4837,37.6162,6.4929,21.5872,676.2879,32.4793
3123,2/4/2020 21:00,27.5252,12.0597,5.7022,54.8617,47.1186,7.6371,19.8881,830.3299,40.5269
3124,2/4/2020 22:00,28.6167,11.9942,6.0533,63.4716,54.465,8.8771,19.7396,856.8939,47.1727
3125,2/4/2020 23:00,26.6309,11.739,6.3342,77.4775,66.2271,8.7187,17.9121,968.5795,57.1154
3126,3/4/2020 0:00,27.72,11.8134,6.234,61.7654,51.3834,11.802,15.9179,863.0382,45.3269
3127,3/4/2020 1:00,31.7159,11.5729,6.2064,59.8484,49.9674,15.102,16.6138,840.7176,44.6533
3128,3/4/2020 2:00,30.8104,11.6672,6.2691,48.4043,40.9059,16.7314,14.079,827.8472,36.8073
3129,3/4/2020 3:00,33.419,11.5225,6.7454,48.421,40.0588,20.3155,13.1035,910.125,35.8331
3130,3/4/2020 4:00,38.088,12.2805,7.1695,184.0923,170.4332,25.1858,12.9022,963.0555,154.2655
3131,3/4/2020 5:00,43.903,11.7469,6.6232,99.5085,93.9919,29.944,13.9591,908.9844,87.3646
3132,3/4/2020 6:00,50.75,11.3338,6.9086,44.1543,42.0853,33.1236,17.6264,943.5417,40.2896
3133,3/4/2020 7:00,74.6427,11.3669,6.8406,35.6477,33.8607,57.572,17.0707,1091.4063,32.579
3134,3/4/2020 8:00,105.5999,11.4882,7.0568,43.3197,40.9287,82.3303,23.2695,1184.0044,39.0094
3135,3/4/2020 9:00,80.3791,11.4603,6.6107,32.2681,29.5895,55.6348,24.7443,1082.8386,27.956
3136,3/4/2020 10:00,99.3725,11.4991,6.9465,28.7539,27.0609,70.9362,28.4363,1169.9793,25.845
3137,3/4/2020 11:00,82.2559,11.2456,7.5858,39.4272,37.4075,46.3665,35.8895,1086.1111,35.6268
3138,3/4/2020 12:00,90.4164,11.4124,7.7598,41.2154,37.2947,51.6407,38.7758,1164.7292,34.6281
3139,3/4/2020 13:00,70.1223,11.3751,7.2933,49.83,46.1542,38.2553,31.867,1076.4062,42.9194
3140,3/4/2020 14:00,50.2206,11.7975,7.3369,43.0089,40.3379,27.2182,23.0023,764.6591,37.9343
3141,3/4/2020 15:00,108.7221,11.6826,6.4572,36.0186,33.113,65.69,43.0321,905.926,31.0018
3142,3/4/2020 16:00,72.7167,11.4948,6.3133,17.6475,15.6615,46.3231,26.3936,669.3958,14.7774
3143,3/4/2020 17:00,247.294,12.0716,5.9133,15.5864,12.899,193.7325,53.5615,848.875,11.9182
3144,3/4/2020 18:00,62.6567,11.9162,6.1611,17.0104,13.1839,39.2595,23.3971,798.7083,11.8183
3145,3/4/2020 19:00,52.7559,12.0702,5.879,18.4757,14.548,29.6966,23.0592,843.4375,13.1946
3146,3/4/2020 20:00,28.8548,12.1698,5.7097,18.3805,12.8123,9.4935,19.3613,666.6667,10.868
3147,3/4/2020 21:00,29.0235,11.92,5.6657,20.4387,13.014,8.6571,20.3664,634.125,10.568
3148,3/4/2020 22:00,25.5142,11.7708,5.6611,19.5261,10.8991,6.2183,19.296,516.4792,7.9717
3149,3/4/2020 23:00,19.1304,11.8466,5.7961,16.7419,9.891,3.3033,15.8271,467.8958,7.6122
3150,4/4/2020 0:00,18.0738,11.8876,5.764,15.1702,8.4338,3.0338,15.0401,449.4375,6.7002
3151,4/4/2020 1:00,16.9581,11.6717,6.1729,10.0406,7.2069,3.1925,13.7656,439.5417,6.3415
3152,4/4/2020 2:00,19.004,11.6493,6.0079,19.1212,10.1992,4.8249,14.1791,443.0833,7.3879
3153,4/4/2020 3:00,16.5327,11.6126,6.6444,11.4897,8.5664,4.4606,12.072,445.5208,7.6123
3154,4/4/2020 4:00,15.1713,11.5458,6.6651,12.1712,8.1426,3.2861,11.8851,451.2292,6.8148
3155,4/4/2020 5:00,14.2382,11.5148,6.9873,13.4443,10.1102,2.7693,11.4689,576.5417,9.0343
3156,4/4/2020 6:00,15.7302,11.2875,7.7102,12.9204,8.2544,2.8609,12.8693,594.8125,6.5396
3157,4/4/2020 7:00,33.2897,11.4972,6.3154,15.5603,7.6912,16.3558,16.9339,621.9167,5.0829
3158,4/4/2020 8:00,76.1359,11.5744,6.1058,12.729,8.5484,45.4494,30.6864,786.625,7.1003
3159,4/4/2020 9:00,44.7514,11.757,6.4415,11.9693,9.1012,25.5417,19.2097,701,7.9403
3160,4/4/2020 10:00,47.1452,11.992,7.6523,29.6193,25.4915,28.6376,18.5076,748.5417,23.5055
3161,4/4/2020 11:00,67.0069,12.4014,7.932,35.316,31.4796,38.6487,28.3582,774.625,29.3226
3162,4/4/2020 12:00,47.2378,12.4849,9.316,30.0044,25.3156,23.3039,23.9339,809.5417,22.6833
3163,4/4/2020 13:00,18.957,12.6379,14.8674,19.5535,16.4395,5.1682,13.7888,652.3542,14.9569
3164,4/4/2020 14:00,23.9644,12.5182,18.9927,19.939,15.1936,9.9223,14.0422,637.0208,13.3303
3165,4/4/2020 15:00,41.8499,12.8872,17.4129,15.4177,10.4193,17.4689,24.381,561.5625,8.9353
3166,4/4/2020 16:00,62.0968,13.9716,18.0966,18.94,12.0034,34.641,27.4558,599.5,10.1299
3167,4/4/2020 17:00,64.8135,13.7676,16.734,29.9953,22.9352,33.8522,30.9613,711.4375,20.9994
3168,4/4/2020 18:00,54.0511,13.6465,15.5714,29.4869,20.5247,23.7553,30.2958,838.4792,17.4499
3169,4/4/2020 19:00,28.507,13.4758,18.3884,30.2834,23.2763,8.9152,19.5917,799.2292,21.0138
3170,4/4/2020 20:00,15.1327,12.2356,20.9646,17.4285,13.9041,2.4051,12.7276,631.1042,12.7178
3171,4/4/2020 21:00,17.8737,11.8075,19.0452,15.1609,13.2394,5.3381,12.5356,618.0417,12.4556
3172,4/4/2020 22:00,15.5472,11.4719,16.1157,20.5647,16.6605,1.7762,13.771,569.8542,15.1636
3173,4/4/2020 23:00,9.6554,11.5191,16.2607,15.4456,12.3915,0.917,8.7384,509.4792,11.3461
3174,5/4/2020 0:00,7.8478,11.3733,16.4082,32.2821,27.3195,0.5407,7.3071,507.6667,22.6113
3175,5/4/2020 1:00,12.7268,11.5263,15.1285,66.8797,55.9049,1.1073,11.6195,577.1875,46.4909
3176,5/4/2020 2:00,9.6885,11.7822,18.0991,25.7297,22.0018,0.4431,9.2454,523.0208,19.2502
3177,5/4/2020 3:00,5.0716,11.6917,22.4601,23.7246,19.6008,0.3779,4.6937,462.4375,16.7481
3178,5/4/2020 4:00,7.6964,11.8318,23.4555,153.5479,118.6196,0.9668,6.7296,545.3333,81.1316
3179,5/4/2020 5:00,7.7485,11.648,22.4908,67.23,55.3389,0.7764,6.9721,501.9886,42.3402
3180,5/4/2020 6:00,12.6852,12.1459,17.5705,20.8518,16.6231,1.2033,11.4819,627.8333,15.0739
3181,5/4/2020 7:00,13.2586,12.7532,15.9325,29.0377,24.4905,1.9209,11.3377,695.5208,22.5343
3182,5/4/2020 8:00,53.2556,12.88,13.3984,22.9361,18.0186,25.8741,27.3815,654.7917,16.2881
3183,5/4/2020 9:00,37.9506,12.9963,12.2151,59.1706,49.4466,14.2927,23.658,831.1042,44.5387
3184,5/4/2020 10:00,47.9959,12.7894,14.9614,23.0044,17.0856,23.0049,24.991,693.7292,15.0272
3185,5/4/2020 11:00,29.087,12.4539,18.5598,22.2757,16.8186,10.829,18.258,719.8958,14.8382
3186,5/4/2020 12:00,36.5703,12.9215,25.212,36.0386,28.8152,12.0428,24.5275,678.7083,25.5083
3187,5/4/2020 13:00,16.357,12.4806,32.4904,24.1414,18.551,3.1405,13.2165,574.5,16.4321
3188,5/4/2020 14:00,34.3973,12.3376,34.1376,13.7319,9.7101,12.5855,21.8118,569.4167,8.6161
3189,5/4/2020 15:00,33.9898,14.0173,31.3628,21.3854,15.4203,8.7502,25.2396,656.8333,13.5336
3190,5/4/2020 16:00,82.5872,15.7791,25.4963,24.3064,15.3642,48.1194,34.4678,546.75,12.5886
3191,5/4/2020 17:00,50.7914,13.858,29.8497,50.082,40.8328,25.8478,24.9437,701.2879,36.8338
3192,5/4/2020 18:00,54.2521,19.008,21.6839,29.0854,21.8375,18.1945,36.0576,911.1666,19.5112
3193,5/4/2020 19:00,23.7883,14.5665,24.9924,26.3933,20.1285,4.062,19.7263,672.2708,18.1002
3194,5/4/2020 20:00,13.0036,12.6093,25.386,28.7175,24.1795,1.225,11.7787,707.1875,22.0587
3195,5/4/2020 21:00,16.9479,12.1736,27.2718,39.2471,34.9548,3.2843,13.6636,694.6667,32.3112
3196,5/4/2020 22:00,15.8099,12.0029,24.3541,39.5249,35.3625,1.6938,14.1161,748.1667,32.7752
3197,5/4/2020 23:00,6.9928,11.868,39.043,19.5664,16.2891,0.4799,6.5129,488.4167,15.0358
3198,6/4/2020 0:00,11.9645,12.5597,44.6971,355.9341,306.0527,1.5298,10.4346,560.2462,227.299
3199,6/4/2020 1:00,20.7367,13.7671,43.4054,463.0825,382.6136,2.9922,17.7445,697.7708,296.9644
3200,6/4/2020 2:00,5.9623,12.1736,41.8471,33.129,29.7546,0.4243,5.5379,429.5,26.4419
3201,6/4/2020 3:00,5.973,11.6584,39.8332,62.518,55.8835,0.7163,5.2567,473.5985,46.5256
3202,6/4/2020 4:00,11.2349,11.7799,35.2045,121.3341,107.2146,0.8033,10.4316,519.625,92.8135
3203,6/4/2020 5:00,7.1404,11.6612,35.8874,31.6983,28.4288,0.354,6.7864,480.9167,26.0901
3204,6/4/2020 6:00,18.1451,13.5118,28.8435,43.0508,39.637,2.0555,16.0897,648.1439,37.1424
3205,6/4/2020 7:00,66.5987,19.5276,21.6218,51.0145,47.1635,33.5652,33.0335,843.2917,44.8364
3206,6/4/2020 8:00,72.3896,27.8778,21.2378,43.1211,39.0575,34.9702,37.4194,1175.6251,37.1206
3207,6/4/2020 9:00,50.4481,23.8371,15.9507,32.9479,29.1334,14.8061,35.642,1011.75,26.8491
3208,6/4/2020 10:00,59.6481,37.2694,20.8053,30.9727,26.811,22.9734,36.6747,858.7153,24.7735
3209,6/4/2020 11:00,88.1904,42.7701,16.0805,36.7763,31.4322,40.537,47.6534,1127.7256,29.4974
3210,6/4/2020 12:00,102.4834,52.9601,15.0698,47.4677,42.0842,50.6861,51.7973,1219.2709,39.8327
3211,6/4/2020 13:00,36.2961,35.578,23.7272,34.8022,31.0895,7.2306,29.0655,740.4167,29.6728
3212,6/4/2020 14:00,64.3489,26.7764,20.4972,35.3495,30.6552,23.7225,40.6264,861.3542,28.2398
3213,6/4/2020 15:00,46.0984,28.2048,31.7563,30.0025,25.4914,12.1962,33.9021,647.6042,23.2928
3214,6/4/2020 16:00,34.5282,19.595,39.8357,24.0236,19.0339,7.6687,26.8595,641.6493,17.2909
3215,6/4/2020 17:00,54.7149,17.0674,30.3592,23.1459,15.8669,13.955,40.7599,720.4167,13.8615
3216,6/4/2020 18:00,53.8458,15.0257,25.8883,25.8372,16.9665,12.1488,41.6971,992.934,14.7765
3217,6/4/2020 19:00,44.3284,14.1328,22.3518,30.2712,23.1996,6.7037,37.6247,1114.7222,21.0843
3218,6/4/2020 20:00,38.5199,13.4523,21.7464,27.2086,21.6793,5.4359,33.0839,966.7014,19.7751
3219,6/4/2020 21:00,31.7428,13.0964,18.6316,30.9351,24.6255,3.9037,27.8391,867.7257,22.8116
3220,6/4/2020 22:00,28.9,12.8251,17.9208,27.3007,22.4078,3.0921,25.8079,788.2118,20.8494
3221,6/4/2020 23:00,19.6455,12.8243,19.7876,23.6629,19.581,1.1738,18.4717,678.8368,18.2471
3222,7/4/2020 0:00,15.2108,12.8632,21.2377,22.7818,19.1962,1.0884,14.1224,629.3403,17.7602
3223,7/4/2020 1:00,12.0727,12.5816,22.7429,22.8776,19.7318,0.6216,11.4511,579.566,18.5983
3224,7/4/2020 2:00,13.3585,12.2646,21.7482,27.7935,24.2855,0.911,12.4475,570.4688,23.1738
3225,7/4/2020 3:00,13.6174,12.4791,26.8199,62.8365,57.4377,0.9696,12.6478,598.3681,52.7068
3226,7/4/2020 4:00,10.0821,12.2019,38.2392,55.0134,50.1702,0.7895,9.2926,579.4271,46.0468
3227,7/4/2020 5:00,12.3694,11.8527,33.1216,34.9656,31.0442,1.2239,11.1455,572.066,28.9648
3228,7/4/2020 6:00,27.2342,14.4942,34.4065,43.3403,39.058,3.2517,23.9824,791.1285,37.0522
3229,7/4/2020 7:00,27.2848,16.0104,40.2223,42.5282,38.3909,2.6165,24.6683,636.3715,36.0897
3230,7/4/2020 8:00,75.2711,14.3914,34.2169,53.9374,50.8792,23.7234,51.5477,695.8681,48.2932
3231,7/4/2020 9:00,44.1729,15.0019,35.7551,39.2657,35.9581,6.8999,37.273,760.191,34.1658
3232,7/4/2020 10:00,113.974,22.0768,24.335,54.001,47.9826,39.7176,74.2564,1208.4896,45.1291
3233,7/4/2020 11:00,80.6581,47.1407,27.1075,65.251,56.5358,33.2971,47.361,1114.7743,52.7625
3234,7/4/2020 12:00,48.4059,37.3389,49.4795,42.3581,37.2011,14.293,34.1129,616.8229,35.0162
3235,7/4/2020 13:00,64.6968,23.9096,55.8936,35.9967,31.6596,20.6291,44.0677,537.1181,29.8296
3236,7/4/2020 14:00,35.3971,21.7582,70.363,41.5623,35.0052,5.7408,29.6563,520.7465,32.5041
3237,7/4/2020 15:00,42.6445,18.5189,71.5223,52.6784,37.6134,6.1603,36.4842,596.0417,33.8396
3238,7/4/2020 16:00,62.9174,16.9376,66.7208,55.9165,35.6659,14.0345,48.8829,659.0972,30.9993
3239,7/4/2020 17:00,70.1323,17.9131,69.3237,49.2782,31.2665,16,54.1323,685.434,26.9089
3240,7/4/2020 18:00,127.0796,15.2613,31.7953,93.5976,43.8371,41.2794,85.8001,978.7674,33.1927
3241,7/4/2020 19:00,112.1627,13.751,15.512,87.8849,58.8007,22.8559,89.3068,1511.1458,50.1592
3242,7/4/2020 20:00,99.9527,13.4019,8.3491,93.1594,66.997,22.3668,77.5859,1915.3993,58.2645
3243,7/4/2020 21:00,105.2472,13.4066,5.9727,99.594,75.1229,33.034,72.2132,1772.5348,66.8707
3244,7/4/2020 22:00,75.4829,14.0696,9.2988,82.8696,66.6019,9.5797,65.9032,1729.8958,60.7143
3245,7/4/2020 23:00,61.7611,15.2502,9.8385,71.5276,61.8062,3.0943,58.6668,1160.6424,57.3159
3246,8/4/2020 0:00,93.1118,20.2611,5.7367,88.6865,76.3305,26.2627,66.8491,1392.5868,70.6054
3247,8/4/2020 1:00,103.4267,17.013,5.5739,108.7709,93.5869,36.0747,67.3521,1516.9446,86.1573
3248,8/4/2020 2:00,66.2869,16.8808,6.2132,91.6308,80.212,9.1492,57.1377,1119.1146,73.9061
3249,8/4/2020 3:00,57.3172,16.5399,6.1849,80.4445,68.2796,4.7483,52.569,893.2986,61.7907
3250,8/4/2020 4:00,55.1368,15.9787,11.0475,76.6772,70.1853,3.6744,51.4624,845.3993,65.9632
3251,8/4/2020 5:00,47.2018,16.1439,22.0268,75.4875,68.8106,2.0768,45.125,830.1042,65.1596
3252,8/4/2020 6:00,57.7609,24.111,21.0517,97.5181,89.0382,12.188,45.5728,959.6354,84.6061
3253,8/4/2020 7:00,66.1059,22.3398,23.9534,76.036,69.4026,15.4511,50.6548,851.0243,65.8149
3254,8/4/2020 8:00,77.0595,27.5541,25.7157,76.4839,70.733,21.04,56.0194,936.4236,67.3822
3255,8/4/2020 9:00,60.5785,20.6496,20.7341,69.8389,66.1387,12.2593,48.3192,885.8333,63.5628
3256,8/4/2020 10:00,71.2293,16.5074,22.1476,65.6344,62.7417,18.326,52.9033,806.441,60.152
3257,8/4/2020 11:00,46.8473,16.4935,35.1497,58.6074,55.0388,8.3804,38.4669,725.3646,52.5447
3258,8/4/2020 12:00,43.5237,17.1938,47.6288,50.0291,46.3728,7.4409,36.0828,700.3646,44.2594
3259,8/4/2020 13:00,37.97,17.8349,58.1196,47.2479,43.3672,3.8611,34.109,647.7604,41.2041
3260,8/4/2020 14:00,33.3145,17.0325,67.6825,52.2415,47.5499,5.0081,28.3064,671.6319,45.0077
3261,8/4/2020 15:00,32.5996,17.8722,83.6225,55.9973,47.4527,4.6701,27.9296,651.9792,44.2701
3262,8/4/2020 16:00,36.6954,17.3832,91.3832,66.756,52.2591,2.9327,33.7626,690.4514,47.9052
3263,8/4/2020 17:00,40.8144,15.125,91.4656,66.9319,54.9341,2.6727,38.1416,744.7569,51.1658
3264,8/4/2020 18:00,62.1219,14.0398,62.4693,70.4641,57.6806,3.8129,58.3091,965.1735,53.5374
3265,8/4/2020 19:00,73.3734,13.554,38.6478,77.6363,66.4989,3.6954,69.678,1241.6842,62.0074
3266,8/4/2020 20:00,102.438,12.9077,9.475,83.5161,71.5808,17.6538,84.7843,1710.6248,66.5559
3267,8/4/2020 21:00,128.2349,12.7842,5.9793,86.6852,74.5445,37.3711,90.8638,1677.1006,69.0086
3268,8/4/2020 22:00,116.632,12.6313,6.045,88.5745,74.7989,43.6023,73.0297,1903.5763,68.9607
3269,8/4/2020 23:00,114.9649,12.7071,5.8385,90.606,74.0742,45.2362,69.7287,1679.2361,67.3011
3270,9/4/2020 0:00,119.163,12.7052,5.7293,79.7647,70.0962,48.047,71.116,1460.382,65.5594
3271,9/4/2020 1:00,106.9145,13.0313,6.3838,87.5001,74.6708,41.8264,65.0881,1484.6875,68.8435
3272,9/4/2020 2:00,109.3637,13.2426,6.3781,101.0887,91.3986,46.9313,62.4325,1489.3055,85.1551
3273,9/4/2020 3:00,97.9187,13.013,6.3427,79.2347,66.827,24.1952,73.7235,1353.7499,61.5181
3274,9/4/2020 4:00,90.2867,13.2903,7.0594,77.4825,68.4621,12.1277,78.159,1301.684,64.2008
3275,9/4/2020 5:00,75.586,18.244,21.989,192.2343,180.9218,14.8835,60.7025,1406.2674,170.8617
3276,9/4/2020 6:00,56.5475,23.259,11.3487,84.4154,77.3543,8.4748,48.0727,1129.2013,72.3693
3277,9/4/2020 7:00,78.2797,18.5542,8.169,60.0727,54.9089,27.2843,50.9954,1160.5555,51.9288
3278,9/4/2020 8:00,76.1866,17.8782,11.5159,72.28,63.7761,24.098,52.0886,1416.4929,59.4613
3279,9/4/2020 9:00,65.0504,23.3916,20.4454,80.3344,70.9889,16.1905,48.8598,1174.7396,66.4044
3280,9/4/2020 10:00,57.5771,25.0107,28.27,88.1038,77.8712,13.0881,44.4891,1276.9617,72.8171
3281,9/4/2020 11:00,65.2543,23.1084,43.0344,72.2427,63.3044,13.18,52.0743,1138.6459,58.6306
3282,9/4/2020 12:00,43.1173,21.1767,78.1159,67.6063,58.7514,5.7043,37.413,882.3959,54.4308
3283,9/4/2020 13:00,28.6535,21.5028,105.5636,56.3763,49.5204,3.0375,25.6159,745.434,46.2194
3284,9/4/2020 14:00,29.9824,19.4488,106.8175,46.9839,39.5396,2.1191,27.8634,687.0833,36.4492
3285,9/4/2020 15:00,36.0512,16.4104,112.4343,51.3365,38.56,2.2153,33.8359,744.1667,34.1541
3286,9/4/2020 16:00,49.1572,15.9461,108.4837,72.1376,48.7674,2.757,46.4001,848.8889,42.0082
3287,9/4/2020 17:00,51.8514,16.2079,103.0509,94.9951,69.3481,2.3871,49.4643,1107.4131,60.47
3288,9/4/2020 18:00,61.3646,16.2369,84.4482,110.3537,92.8587,3.221,58.1436,1236.8402,84.409
3289,9/4/2020 19:00,55.7945,15.1226,67.8099,85.6938,73.4881,2.4373,53.3572,1173.1251,68.0533
3290,9/4/2020 20:00,50.7025,14.8196,58.8709,70.009,61.1856,2.0552,48.6473,1047.9341,57.0754
3291,9/4/2020 21:00,51.5704,14.2936,46.3177,66.344,58.497,2.7131,48.8572,946.5798,54.6563
3292,9/4/2020 22:00,50.7499,14.9236,30.3482,56.1546,49.1153,2.0878,48.6621,834.9653,45.7357
3293,9/4/2020 23:00,52.7287,15.2573,27.7414,43.8403,36.9905,2.0511,50.6776,661.5625,33.7321
3294,10/4/2020 0:00,58.9101,14.6845,19.5293,53.0404,45.3107,2.4956,56.4145,943.0556,41.7948
3295,10/4/2020 1:00,64.0627,15.1445,15.368,63.2285,55.4243,3.0144,61.0483,782.1007,50.9821
3296,10/4/2020 2:00,62.4813,15.6247,18.0286,48.2357,41.633,2.9065,59.5748,691.8576,38.3148
3297,10/4/2020 3:00,53.0667,15.3522,23.7944,45.0051,38.5943,3.7758,49.2909,694.0104,35.7689
3298,10/4/2020 4:00,49.9479,14.8406,19.651,42.9918,37.4846,2.5025,47.4454,688.125,34.9634
3299,10/4/2020 5:00,39.7282,14.839,33.421,44.8523,39.5531,3.3225,36.4057,730.3472,36.699
3300,10/4/2020 6:00,51.6545,14.5657,17.0449,58.6661,50.751,8.4789,43.1757,967.5,46.7101
3301,10/4/2020 7:00,53.1025,14.0327,15.0956,52.5757,45.1791,10.5173,42.5851,1027.7778,41.8408
3302,10/4/2020 8:00,72.4917,13.9667,15.3888,78.5826,52.9713,21.7257,50.766,1341.3194,45.6494
3303,10/4/2020 9:00,98.7527,14.7937,14.1322,78.9937,64.0825,26.3327,72.42,1545.6771,58.0351
3304,10/4/2020 10:00,85.0553,17.154,24.7609,59.0872,48.0509,14.1783,70.877,1012.3959,43.4463
3305,10/4/2020 11:00,76.2049,18.2749,47.8175,47.6806,40.0384,12.9147,63.2902,845.3958,36.1915
3306,10/4/2020 12:00,86.1191,17.6429,53.0171,60.3955,43.1258,16.5597,69.5594,775.1667,36.7729
3307,10/4/2020 13:00,34.8921,18.2964,95.4071,63.2479,38.5227,3.3303,31.5618,586.0208,31.7109
3308,10/4/2020 14:00,47.7293,15.2247,104.103,70.33,40.8275,4.9249,42.8043,645.6667,33.336
3309,10/4/2020 15:00,67.2173,13.3028,84.4306,72.5934,39.2953,12.5645,54.6528,689.4583,31.0452
3310,10/4/2020 16:00,60.8218,13.0416,81.2908,75.3838,44.7057,9.1466,51.6752,650.2292,37.2707
3311,10/4/2020 17:00,51.1998,12.9491,85.0696,79.8895,35.1856,3.9633,47.2365,625.875,25.4267
3312,10/4/2020 18:00,61.0895,12.6417,74.9136,56.6996,37.6628,12.077,49.0125,696.8542,32.2734
3313,10/4/2020 19:00,52.1205,12.9301,58.9264,49.3774,31.5483,6.1886,45.9319,506.625,26.6023
3314,10/4/2020 20:00,33.9761,12.7537,54.4315,34.1257,25.3764,3.6026,30.3735,420.8333,22.4082
3315,10/4/2020 21:00,25.6139,12.3876,50.9934,31.4405,25.875,1.2056,24.4084,456.1458,23.3047
3316,10/4/2020 22:00,28.2418,12.7551,46.7299,29.4038,24.0202,2.753,25.4888,390.0833,21.3609
3317,10/4/2020 23:00,25.1266,12.4448,44.5176,27.0651,21.8971,1.3067,23.8199,354.875,19.7004
3318,11/4/2020 0:00,21.6442,12.7199,42.1375,32.389,27.9349,1.2764,20.3678,488.3542,25.5284
3319,11/4/2020 1:00,26.961,12.583,40.163,27.6799,23.346,1.4041,25.5569,334.1042,21.0444
3320,11/4/2020 2:00,23.597,13.0225,33.0393,49.8499,45.8222,1.6294,21.9675,380.6667,42.1224
3321,11/4/2020 3:00,19.6529,13.1746,41.946,32.6127,29.178,1.0628,18.5901,359.0833,26.9154
3322,11/4/2020 4:00,20.8359,13.3028,50.4359,33.1737,25.8526,0.8652,19.9707,279.4167,22.4922
3323,11/4/2020 5:00,22.3866,12.7947,38.8976,27.5047,23.7502,1.1044,21.2822,319.5208,21.5896
3324,11/4/2020 6:00,35.6848,12.9148,28.9787,27.9053,24.0352,3.0338,32.6511,388.75,22.1357
3325,11/4/2020 7:00,36.5307,13.2733,27.6911,35.1048,28.9226,4.261,32.2697,612.4792,26.3588
3326,11/4/2020 8:00,64.8221,13.4444,21.7236,42.1726,34.8628,12.5297,52.2924,712.625,31.5199
3327,11/4/2020 9:00,92.1395,13.8691,20.9518,46.1049,36.4443,24.3386,67.8008,616.5833,32.3265
3328,11/4/2020 10:00,117.8898,14.2175,18.7055,50.4765,36.0898,45.4678,72.422,567.1667,31.1104
3329,11/4/2020 11:00,111.9099,15.1189,32.3482,44.8601,33.3115,36.1023,75.8077,577.9583,29.3041
3330,11/4/2020 12:00,73.0332,15.7219,53.9768,53.8128,41.1146,14.3302,58.703,756.0417,36.1308
3331,11/4/2020 13:00,54.0877,15.1694,64.4647,54.9931,39.0922,7.9487,46.139,578.1875,33.6431
3332,11/4/2020 14:00,49.3041,13.7504,58.6957,59.6045,38.7793,6.6973,42.6068,575.4167,32.6004
3333,11/4/2020 15:00,95.3273,12.3295,42.1914,92.4158,46.0162,23.63,71.6973,595.6042,34.573
3334,11/4/2020 16:00,109.1733,13.2628,32.1739,96.9425,47.1207,24.5358,84.6375,686.4375,35.409
3335,11/4/2020 17:00,89.7361,17.0051,34.662,83.2249,40.3702,21.48,68.2561,738.7083,30.4626
3336,11/4/2020 18:00,73.8089,20.133,41.2417,69.7563,36.972,11.9459,61.8631,857.7083,29.0032
3337,11/4/2020 19:00,66.7004,22.676,29.8691,65.5028,39.7654,5.8321,60.8682,836.0625,32.7454
3338,11/4/2020 20:00,44.5196,19.5257,35.7145,55.8209,38.1148,3.1838,41.3357,796,32.8853
3339,11/4/2020 21:00,39.9826,16.9822,29.1609,45.1626,37.7469,2.6706,37.3119,711.6875,34.5803
3340,11/4/2020 22:00,39.8021,15.5045,20.5782,45.198,38.6455,3.1564,36.6458,646.7083,35.5375
3341,11/4/2020 23:00,39.4225,14.4892,14.5038,51.3004,43.5526,2.8281,36.5944,755.1875,39.5752
3342,12/4/2020 0:00,55.0574,14.2814,9.5464,41.2538,35.3555,5.3982,49.6592,609.7292,32.1719
3343,12/4/2020 1:00,58.6257,13.8934,11.4908,38.233,32.96,5.7725,52.8532,620.8542,30.1751
3344,12/4/2020 2:00,52.7821,13.7385,9.4985,41.4382,34.7001,6.3127,46.4694,637,31.4578
3345,12/4/2020 3:00,42.7929,13.7571,9.8421,47.1825,41.3467,4.9993,37.7936,658.1458,38.1081
3346,12/4/2020 4:00,24.5007,16.2801,39.4983,48.3257,34.9089,2.7423,21.7584,619.3958,31.2341
3347,12/4/2020 5:00,29.1684,22.2055,42.9368,24.1586,19.2728,5.1992,23.9692,559.7292,17.7516
3348,12/4/2020 6:00,27.3924,31.5258,48.1718,16.7254,12.125,4.5629,22.8295,524.8333,10.9555
3349,12/4/2020 7:00,34.8955,22.3213,52.6253,15.093,10.0444,7.3548,27.5407,513.6875,8.7773
3350,12/4/2020 8:00,50.3399,18.8198,53.7486,16.4815,10.515,14.526,35.8139,571.1458,9.1567
3351,12/4/2020 9:00,120.2001,18.1229,25.7574,25.4753,18.7375,53.4236,66.7766,694.625,16.9524
3352,12/4/2020 10:00,92.2808,18.0108,49.4462,17.3906,12.2869,28.058,64.2228,553.0833,10.9606
3353,12/4/2020 11:00,100.0353,16.323,43.1836,31.402,26.2147,38.4488,61.5865,739.2084,23.9214
3354,12/4/2020 12:00,46.0476,18.3359,58.9986,27.7275,22.5796,10.0714,35.9762,573.9375,20.4948
3355,12/4/2020 13:00,34.3785,16.6517,69.3364,30.1949,25.8037,6.2095,28.1691,466.0795,23.5586
3356,12/4/2020 14:00,27.0058,17.5223,73.7738,23.9296,20.3372,2.4064,24.5994,426.5417,18.5549
3357,12/4/2020 15:00,54.0956,23.8405,57.5724,21.6398,16.3909,11.2046,42.8909,705.1667,14.8113
3358,12/4/2020 16:00,37.9495,26.3282,64.4079,17.0342,13.8651,4.8767,33.0728,516.0417,12.7597
3359,12/4/2020 17:00,45.1143,33.1106,61.5752,20.7223,16.5477,6.2249,38.8894,743.1818,15.1746
3360,12/4/2020 18:00,57.8695,27.0036,52.076,20.4076,15.8406,9.1911,48.6784,612.7708,14.2568
3361,12/4/2020 19:00,36.0928,26.5613,52.2142,26.0156,20.8738,2.2025,33.8903,658.1042,19.1328
3362,12/4/2020 20:00,29.6176,18.1177,40.0069,35.1915,30.1211,1.3956,28.222,745.8523,27.9859
3363,12/4/2020 21:00,26.034,18.1662,43.6279,30.5032,25.3554,0.9485,25.0855,633.5208,23.4515
3364,12/4/2020 22:00,26.3021,17.9861,46.4424,27.9933,23.877,1.382,24.9202,625.1458,22.2188
3365,12/4/2020 23:00,64.8485,20.6154,31.4817,441.7612,406.5266,8.712,56.1365,1325.4793,364.6666
3366,00:00 13/04/2020,30.1075,18.1939,28.5748,168.2547,153.9801,1.2265,28.881,590.25,135.8543
3367,01:00 13/04/2020,35.7496,17.1119,28.5948,169.0073,158.1021,5.9916,29.758,776.1667,144.7448
3368,02:00 13/04/2020,39.6643,19.9766,16.2889,627.3306,558.6044,6.8722,32.7921,892.375,450.0412
3369,03:00 13/04/2020,46.9786,22.5873,20.0321,283.5652,265.5493,10.0158,36.9628,883.0834,244.2635
3370,04:00 13/04/2020,66.6695,46.1966,25.4688,413.1578,377.2663,17.9288,48.7407,1733.4375,339.1693
3371,05:00 13/04/2020,23.8393,31.1611,14.7249,92.1452,84.1322,2.9344,20.9049,689.25,76.5882
3372,06:00 13/04/2020,51.3632,35.7305,20.3567,38.2768,32.9273,18.1836,33.1796,677.8542,30.7549
3373,07:00 13/04/2020,36.4439,36.9908,23.5519,25.5672,20.7816,4.8229,31.621,584.1042,18.9329
3374,08:00 13/04/2020,52.4725,27.9899,37.0996,30.1538,24.8064,14.0329,38.4396,784.2917,22.278
3375,09:00 13/04/2020,41.2167,22.7828,49.0258,16.7009,13.1496,5.0618,36.1549,583.5833,11.8914
3376,10:00 13/04/2020,55.3518,19.4723,55.1755,24.5448,20.8308,11.9963,43.3555,521.3958,19.0797
3377,11:00 13/04/2020,62.2721,18.3116,65.0826,21.2347,18.3521,14.4314,47.8407,512.6458,17.1245
3378,12:00 13/04/2020,89.9648,17.5328,58.8021,18.9021,16.7525,26.0775,63.8873,555,15.6171
3379,13:00 13/04/2020,41.501,17.1872,96.3114,11.6917,10.0383,6.5642,34.9368,391.4167,9.356
3380,14:00 13/04/2020,39.422,15.1809,82.4187,10.4449,8.7686,2.6311,36.7909,372.375,8.176
3381,15:00 13/04/2020,50.1403,14.096,97.4447,12.3089,10.9312,5.0091,45.1312,652.4584,10.289
3382,16:00 13/04/2020,67.8939,23.902,78.6456,19.2367,16.7225,6.8155,61.0784,766.875,15.7851
3383,17:00 13/04/2020,72.5591,28.9208,75.1972,22.2213,18.9423,11.3695,61.1897,736.9167,17.8445
3384,18:00 13/04/2020,80.9808,51.551,59.854,30.8192,27.4818,15.9518,65.029,537.7292,25.9442
3385,19:00 13/04/2020,52.8074,24.3086,64.2543,26.1932,23.0863,6.9687,45.8388,497.1875,21.6621
3386,20:00 13/04/2020,49.6199,19.3117,67.3452,33.8683,29.793,4.6925,44.9275,500.6667,28.0663
3387,21:00 13/04/2020,50.2368,16.7329,52.4417,32.4141,27.4811,3.7859,46.4509,532.7083,25.6158
3388,22:00 13/04/2020,50.0774,15.976,48.5743,35.2063,29.886,3.821,46.2564,514.75,27.4836
3389,23:00 13/04/2020,92.3545,19.2082,38.1533,511.2679,464.4456,17.5218,74.8327,1230.4374,408.1802
3390,00:00 14/04/2020,38.1699,16.1035,46.331,171.3004,158.8021,1.3865,36.7834,471.6856,142.698
3391,01:00 14/04/2020,37.7879,14.6837,42.2557,74.2134,70.0705,4.2016,33.5863,576.4583,65.7408
3392,02:00 14/04/2020,59.6481,18.9442,27.859,414.3073,381.4567,10.3073,49.3408,1324.8958,338.329
3393,03:00 14/04/2020,59.5607,21.0882,18.5659,420.7264,393.6087,11.4673,48.0934,1561.9375,362.228
3394,04:00 14/04/2020,33.3795,18.713,21.555,160.9925,145.3863,3.6796,29.6998,540.4792,126.2004
3395,05:00 14/04/2020,53.9331,24.7845,20.9754,263.6444,192.9966,15.9951,37.938,1171.2121,145.7122
3396,06:00 14/04/2020,80.6882,60.54,19.152,156.3156,115.1632,34.6687,46.0195,570.3333,91.5806
3397,07:00 14/04/2020,82.6363,64.5893,15.9532,54.1669,42.7273,35.6945,46.9418,641.0625,38.6247
3398,08:00 14/04/2020,43.6841,23.5011,28.0908,37.7955,29.1613,9.7579,33.9263,548.2916,25.9695
3399,09:00 14/04/2020,45.5439,20.6743,35.7001,46.6583,37.0137,11.0853,34.4587,675.6439,33.2835
3400,10:00 14/04/2020,40.4254,23.1712,61.8158,44.1595,37.2845,9.367,31.0583,604.1099,34.3735
3401,11:00 14/04/2020,35.6285,28.1866,114.1648,34.814,28.4867,5.2875,30.341,505.2273,26.3531
3402,12:00 14/04/2020,54.9867,24.1088,114.5694,40.4785,32.3566,9.403,45.5837,574.9583,29.2575
3403,13:00 14/04/2020,20.9091,19.682,150.0472,32.9218,27.4367,1.1133,19.7958,445.9167,25.0903
3404,14:00 14/04/2020,26.5049,17.2815,147.522,40.6341,26.546,1.9182,24.5867,395,22.5016
3405,15:00 14/04/2020,27.3133,15.3191,159.6517,36.5234,23.8369,1.9694,25.344,394.0417,20.2299
3406,16:00 14/04/2020,59.1356,18.3955,145.4058,47.07,29.0125,3.8422,55.2933,632.9583,24.1057
3407,17:00 14/04/2020,67.5786,16.3258,153.9713,44.6947,30.5609,3.3661,64.2125,696.625,26.8334
3408,18:00 14/04/2020,89.4155,16.3578,128.9515,62.1454,46.8139,9.1462,80.2693,902.3958,41.8457
3409,19:00 14/04/2020,65.367,15.5698,92.5594,68.4006,52.1287,3.1119,62.255,885.0417,46.6586
3410,20:00 14/04/2020,56.2616,15.5026,78.422,71.8676,56.9105,2.0774,54.1842,778,52.0196
3411,21:00 14/04/2020,41.5076,16.261,92.9587,36.253,29.8866,1.2355,40.2721,405.3125,27.3444
3412,22:00 14/04/2020,40.0179,15.0832,88.7645,40.1015,32.9711,1.3521,38.6659,419.8125,30.1721
3413,23:00 14/04/2020,44.0637,14.5561,75.1164,53.5348,44.0614,1.2356,42.8281,506.553,40.3298
3414,00:00 15/04/2020,59.6396,14.5487,46.2291,62.6325,53.4103,1.4569,58.1827,544.072,49.3934
3415,01:00 15/04/2020,51.7042,15.4168,45.7109,87.7331,77.9684,1.5825,50.1217,550.7917,71.9713
3416,02:00 15/04/2020,57.7125,21.4214,31.6248,73.5435,66.0013,6.0513,51.6612,768.6742,61.1808
3417,03:00 15/04/2020,43.6771,22.5277,26.3842,79.3061,70.6646,2.144,41.5331,729.053,65.4048
3418,04:00 15/04/2020,40.0445,18.2377,20.7452,59.625,52.4689,1.9988,38.0457,642.9167,48.4672
3419,05:00 15/04/2020,43.8916,16.3427,17.9554,59.6584,52.9598,3.4381,40.4535,763.9394,50.0065
3420,06:00 15/04/2020,56.3611,15.6724,15.4345,78.0548,66.8955,8.3778,47.9833,961.4772,62.3395
3421,07:00 15/04/2020,60.0481,16.3856,18.2415,84.8078,71.9265,11.0138,49.0343,996.6478,66.4116
3422,08:00 15/04/2020,136.7001,18.7547,16.9255,111.4081,86.6443,54.2864,82.4136,1471.3445,78.6682
3423,09:00 15/04/2020,78.6263,22.5959,56.0745,110.7502,84.7563,8.7321,69.8942,1014.9374,76.2237
3424,10:00 15/04/2020,77.1718,20.8217,88.037,52.024,37.5483,11.9794,65.1924,549.5644,33.2112
3425,11:00 15/04/2020,69.8168,18.1809,119.0024,51.3623,39.6037,9.54,60.2768,477.4053,35.6234
3426,12:00 15/04/2020,74.8876,16.9273,122.0747,44.1985,31.6171,23.4935,51.3942,443.6174,27.9593
3427,13:00 15/04/2020,34.3,16.4407,127.6178,55.807,31.5365,2.3709,31.9291,426.3333,24.9747
3428,14:00 15/04/2020,41.4201,14.8304,132.1978,71.941,39.2758,3.1319,38.2881,448.9205,31.0251
3429,15:00 15/04/2020,59.0512,13.575,109.5573,83.3694,49.6601,3.8509,55.2003,570.6629,40.698
3430,16:00 15/04/2020,65.8476,13.7445,103.4342,78.945,47.3488,5.3405,60.5071,566.1174,38.9228
3431,17:00 15/04/2020,82.7367,14.0521,93.5195,89.6772,57.1303,7.6938,75.0429,802.197,48.1837
3432,18:00 15/04/2020,57.9237,13.7557,91.6568,83.6182,50.4182,4.2835,53.6402,948.4849,41.8075
3433,19:00 15/04/2020,46.636,13.312,90.3031,74.8024,49.7908,2.3511,44.2849,573.4659,43.0449
3434,20:00 15/04/2020,26.7433,13.0026,103.7566,51.8247,37.3294,1.0503,25.693,486.7803,33.1479
3435,21:00 15/04/2020,26.6379,13.1187,108.6384,47.6899,36.0279,1.3199,25.318,426.2879,32.5849
3436,22:00 15/04/2020,22.3048,13.7388,105.936,39.4537,33.2178,0.7244,21.5804,417.3864,30.5805
3437,23:00 15/04/2020,34.7309,13.9747,86.4852,61.4856,55.0545,1.6195,33.1113,445.5903,51.3815
3438,00:00 16/04/2020,26.9631,13.6045,82.1357,86.127,78.3013,0.8645,26.0986,449.5455,72.8017
3439,01:00 16/04/2020,26.8473,13.5564,77.3712,44.5409,40.2985,0.8395,26.0077,383.3542,38.0578
3440,02:00 16/04/2020,23.9568,13.6703,71.3587,47.0542,42.6428,0.8366,23.1202,443.9375,39.9277
3441,03:00 16/04/2020,28.8505,14.6055,64.1139,53.9662,49.7975,1.1352,27.7153,467.9375,46.8825
3442,04:00 16/04/2020,37.3865,15.4411,56.2002,51.217,46.4224,1.3597,36.0268,529.2708,43.3364
3443,05:00 16/04/2020,29.1828,15.4969,54.4454,55.9435,48.7723,1.3025,27.8803,598.1875,45.1214
3444,06:00 16/04/2020,43.8365,15.0827,45.7531,55.533,48.4703,2.1677,41.6688,510.3125,45.008
3445,07:00 16/04/2020,58.0024,15.2247,38.7919,54.8274,45.9557,5.2473,52.7551,685.6481,42.335
3446,08:00 16/04/2020,73.5343,15.8978,32.514,61.3567,47.7263,11.8137,61.7206,781.8958,43.1023
3447,09:00 16/04/2020,106.0223,16.4512,28.8219,77.2129,51.6833,24.7913,81.2309,836.75,44.7223
3448,10:00 16/04/2020,98.6969,15.9755,32.9754,69.7959,48.8881,19.7751,78.9219,744.8542,43.0779
3449,11:00 16/04/2020,84.4352,14.9793,43.4458,56.0692,43.0569,14.6958,69.7395,645.6042,38.9422
3450,12:00 16/04/2020,108.718,14.7309,37.6225,71.1703,45.7275,23.0364,85.6816,681.7083,38.8463
3451,13:00 16/04/2020,59.3967,14.3119,51.2766,58.0317,40.1514,7.2494,52.1473,596.0417,34.7115
3452,14:00 16/04/2020,52.771,13.898,55.8347,55.6284,37.817,6.0223,46.7487,617.1528,32.4769
3453,15:00 16/04/2020,68.1273,13.7466,48.7575,74.7694,42.2007,8.2586,59.8686,650,33.5682
3454,16:00 16/04/2020,79.7505,13.9349,40.8584,80.6586,41.7171,13.1601,66.5903,920.3334,31.1876
3455,17:00 16/04/2020,80.2375,13.7228,32.5847,80.9229,43.7712,12.6612,67.5763,1084.2709,34.144
3456,18:00 16/04/2020,74.5482,13.9649,26.4957,67.0666,41.2632,9.7373,64.8109,914.8542,34.1502
3457,19:00 16/04/2020,55.672,13.4129,31.3128,51.7161,36.6779,6.4684,49.2036,740.0417,32.2193
3458,20:00 16/04/2020,58.6058,13.1369,26.6371,45.5416,33.6606,9.6589,48.9468,769.9167,29.9166
3459,21:00 16/04/2020,34.7822,13.0483,31.481,40.8694,34.5571,2.8453,31.937,568.6875,31.9041
3460,22:00 16/04/2020,35.2715,12.8042,28.6773,37.0917,33.2192,2.7327,32.5388,589.7917,31.1855
3461,23:00 16/04/2020,27.7455,12.6507,34.9316,38.574,34.8453,2.1791,25.5665,495.2083,32.5342
3462,00:00 17/04/2020,24.562,12.6871,36.1313,51.7806,48.3346,1.4819,23.0801,359.7159,44.7836
3463,01:00 17/04/2020,26.7009,12.6148,30.3608,40.1075,37.8417,2.0305,24.6704,398.769,35.2624
3464,02:00 17/04/2020,24.023,12.8769,33.4516,55.2879,52.844,1.236,22.787,377.7841,49.4957
3465,03:00 17/04/2020,18.608,12.8678,42.4116,51.8671,48.036,0.99,17.618,330.3788,44.1252
3466,04:00 17/04/2020,20.5771,12.9639,40.5109,38.991,36.2542,1.0008,19.5763,303.2292,34.1171
3467,05:00 17/04/2020,32.0441,12.8726,27.8944,29.744,25.6353,2.4961,29.548,354.5644,23.6961
3468,06:00 17/04/2020,34.376,12.8515,29.5393,27.6682,24.0708,3.2823,31.0938,469.4676,22.0831
3469,07:00 17/04/2020,33.6964,12.6581,30.267,26.1209,22.0238,3.4369,30.2595,449.3371,19.9739
3470,08:00 17/04/2020,46.4444,12.672,31.7271,25.7057,22.2875,10.9506,35.4937,485.4545,20.3794
3471,09:00 17/04/2020,58.7269,12.8852,31.5998,23.6489,18.5367,15.0078,43.7191,480.2462,16.4051
3472,10:00 17/04/2020,62.4872,12.8873,32.4353,24.9254,19.1416,13.8036,48.6835,442.2349,16.7604
3473,11:00 17/04/2020,84.6981,13.3329,32.8316,26.8569,18.6468,29.5276,55.1704,430.8102,16.049
3474,12:00 17/04/2020,66.1226,13.247,38.0016,28.1423,20.6974,17.5367,48.5858,500.6629,17.9816
3475,13:00 17/04/2020,51.0645,14.0521,40.3319,25.4884,19.8054,12.5402,38.5243,410.5303,17.5818
3476,14:00 17/04/2020,61.7558,13.5454,34.2948,34.6213,25.2723,16.5798,45.176,495.125,21.923
3477,15:00 17/04/2020,67.2631,12.8418,26.6849,28.8215,23.3209,18.0549,49.2082,488.75,20.722
3478,16:00 17/04/2020,65.1386,12.7556,26.5653,30.2143,25.0995,15.7217,49.417,514.7454,22.5862
3479,17:00 17/04/2020,46.0219,12.8192,36.3901,24.6059,18.3743,6.6094,39.4125,459.2361,15.6482
3480,18:00 17/04/2020,67.3114,12.968,23.9798,35.7003,26.8018,12.5977,54.7136,868.3796,23.4543
3481,19:00 17/04/2020,42.1954,13.0702,30.9462,33.0639,25.9695,4.745,37.4503,555.5682,23.0112
3482,20:00 17/04/2020,41.9816,13.066,32.1303,32.0296,26.4969,3.8575,38.1241,554.7917,23.9752
3483,21:00 17/04/2020,24.1962,13.1221,50.1029,25.2519,19.835,1.7901,22.4061,304.5602,17.5198
3484,22:00 17/04/2020,19.5585,13.1965,54.5165,24.0014,20.1621,1.143,18.4155,276.25,18.1008
3485,23:00 17/04/2020,33.6329,13.0066,41.4528,36.0892,29.4266,1.438,32.1949,532.8241,26.6739
3486,00:00 18/04/2020,21.5792,13.0819,51.3491,25.1491,19.6115,0.8444,20.7347,285.4398,17.2073
3487,01:00 18/04/2020,18.8489,13.4539,50.5108,30.9738,25.6235,0.697,18.1519,291.5799,22.7871
3488,02:00 18/04/2020,14.438,13.5314,57.4232,37.6162,32.5596,0.5053,13.9327,249.8785,28.9249
3489,03:00 18/04/2020,14.3125,13.4494,49.439,20.2076,17.5629,0.7196,13.5929,236.5509,15.6532
3490,04:00 18/04/2020,21.7261,13.4102,34.2817,25.3238,21.8396,1.4154,20.3106,285.9954,19.7125
3491,05:00 18/04/2020,26.3568,13.412,41.6203,85.7763,77.6082,1.4329,24.9239,395.1458,70.6251
3492,06:00 18/04/2020,37.4173,13.3763,25.6656,28.8654,25.5583,7.2224,30.1949,458.5185,23.473
3493,07:00 18/04/2020,48.1619,13.245,22.3563,29.5089,26.7869,10.2828,37.8792,651.5972,24.9286
3494,08:00 18/04/2020,80.9222,13.453,17.7962,41.4594,36.7481,31.0538,49.8684,942.8333,34.3139
3495,09:00 18/04/2020,69.2061,13.4139,23.2385,32.8117,27.3505,21.2117,47.9944,542.5694,24.52
3496,10:00 18/04/2020,98.3337,14.0498,21.4807,39.638,32.9604,36.115,62.2187,646.3125,29.7388
3497,11:00 18/04/2020,55.9696,14.5588,41.4835,32.5986,25.47,13.1228,42.8468,429.625,22.9663
3498,12:00 18/04/2020,56.4761,14.9197,45.1768,46.0726,28.1582,11.9446,44.5315,430.7176,24.0168
3499,13:00 18/04/2020,34.0696,13.7916,66.5322,51.8461,33.3369,3.9059,30.1638,390.1852,28.5268
3500,14:00 18/04/2020,34.9112,12.8064,77.9326,59.1727,32.2487,4.3031,30.608,385.625,25.864
3501,15:00 18/04/2020,31.0897,10.8645,72.4136,60.5172,31.9278,3.8462,27.2435,397.7841,24.8812
3502,16:00 18/04/2020,41.2865,10.9259,69.5664,67.8317,36.5157,5.7132,35.5733,477.1429,28.7349
3503,17:00 18/04/2020,37.213,10.884,60.0962,67.3479,33.3789,5.4305,31.7825,509.4129,24.7552
3504,18:00 18/04/2020,66.1275,11.1186,45.3484,74.5615,32.4139,19.5305,46.5969,567.4702,22.2515
3505,19:00 18/04/2020,66.2315,12.9267,41.6456,41.7305,24.4365,32.512,33.7195,471.1875,19.7345
3506,20:00 18/04/2020,19.0043,13.1984,47.9548,31.3273,21.1426,1.7092,17.2951,351.3657,18.0792
3507,21:00 18/04/2020,16.0656,13.0789,49.0234,30.5525,21.578,1.4007,14.6649,388.2386,18.7172
3508,22:00 18/04/2020,15.5803,12.8789,50.1253,27.211,22.1482,0.9945,14.5858,294.1071,19.5399
3509,23:00 18/04/2020,12.853,12.3001,56.3415,32.318,27.7811,0.6598,12.1932,334.375,25.2949
3510,00:00 19/04/2020,13.9515,12.4601,50.5775,41.2609,35.9593,0.9185,13.0331,311.9531,32.5785
3511,01:00 19/04/2020,11.6766,12.4763,48.9025,38.7293,32.8794,0.8411,10.8355,299.5833,29.7025
3512,02:00 19/04/2020,13.3442,12.4482,41.9421,31.9718,28.1742,0.9418,12.4024,314.7292,25.6487
3513,03:00 19/04/2020,12.0942,12.71,40.9696,33.9695,29.9676,0.9287,11.1654,276.9048,26.808
3514,04:00 19/04/2020,11.5935,12.6908,38.7083,22.5255,19.9279,0.8956,10.6979,261.6667,18.1118
3515,05:00 19/04/2020,16.8241,12.6499,34.8118,20.5342,16.4597,1.8265,14.9976,239.8958,14.286
3516,06:00 19/04/2020,25.5793,12.7778,27.2042,20.4578,16.0649,3.6318,21.9476,300.7986,13.9911
3517,07:00 19/04/2020,33.906,12.7079,17.5736,25.8887,19.8879,6.1579,27.7481,379.8214,17.2655
3518,08:00 19/04/2020,44.2643,12.7835,18.2129,34.3756,24.5015,10.2701,33.9942,519.8214,21.0242
3519,09:00 19/04/2020,47.1942,13.125,18.3352,33.9427,24.1472,10.5637,36.6305,573.4896,20.3626
3520,10:00 19/04/2020,72.0205,13.3864,19.1447,33.9284,26.9383,23.5684,48.4521,647.3611,23.5234
3521,11:00 19/04/2020,65.5157,13.701,21.6181,38.1144,27.5286,16.1113,49.4044,622.0833,23.9165
3522,12:00 19/04/2020,112.7834,14.5315,21.6489,41.9618,30.3401,50.7614,62.022,631.7559,26.18
3523,13:00 19/04/2020,86.3034,14.7115,25.5148,40.2674,30.0871,27.1253,59.178,614.9306,26.6555
3524,14:00 19/04/2020,36.8776,13.8805,45.9066,34.7391,27.9111,6.997,29.8806,343.8542,25.1009
3525,16:00 19/04/2020,79.2665,11.6021,33.7523,38.8639,27.9108,25.3952,53.8713,473.75,24.1492
3526,17:00 19/04/2020,98.0536,11.5353,28.5055,43.5747,29.3172,26.4717,71.5819,565.625,24.3777
3527,21:00 19/04/2020,19.5479,12.9367,35.4774,26.1544,20.5466,1.9519,17.5959,364.375,17.9707
3528,22:00 19/04/2020,15.9511,11.8261,26.3053,20.3207,16.6613,1.6929,14.2582,429.7917,14.4431
3529,00:00 20/04/2020,13.0197,12.4362,38.1347,27.1483,24.1518,0.9045,12.1152,132.7083,22.02
3530,01:00 20/04/2020,14.3977,11.9977,37.6846,18.4378,15.5009,1.1837,13.2141,179.5833,13.4804
3531,02:00 20/04/2020,18.6888,12.8986,33.713,60.7261,56.5595,1.0586,17.6302,244.7917,52.6902
3532,04:00 20/04/2020,16.6608,12.4839,31.0735,16.7961,13.2331,0.9648,15.696,201.4583,11.4704
3533,05:00 20/04/2020,21.8619,13.1751,30.7985,18.3455,14.6279,2.01,19.8519,274.5833,12.7845
3534,07:00 20/04/2020,25.3258,12.6066,29.5555,18.9586,15.1478,3.2847,22.0411,325.5729,13.4271
3535,08:00 20/04/2020,33.1706,13.0917,27.0893,21.2006,15.1401,6.5079,26.6626,951.7708,12.8079
3536,10:00 20/04/2020,31.9398,12.6555,29.1377,24.5314,14.8147,6.7715,25.1684,251.4583,12.0493
3537,11:00 20/04/2020,51.1725,13.5183,38.6383,32.0918,18.7779,10.7155,40.4569,381.875,15.2799
3538,13:00 20/04/2020,35.6236,13.5373,42.6921,37.4937,23.0637,5.8971,29.7265,400.4167,19.2469
3539,14:00 20/04/2020,28.6917,13.0225,45.7638,51.0808,35.0959,6.0635,22.6282,335,30.7187
3540,15:00 20/04/2020,30.2119,11.2446,45.6245,41.3804,24.1639,4.02,26.1919,351.6667,18.9034
3541,16:00 20/04/2020,65.5415,11.4019,37.1168,46.9061,24.4479,15.1398,50.4017,520.8333,18.8224
3542,17:00 20/04/2020,59.181,11.1852,39.0701,52.7013,32.2491,11.0907,48.0902,594.2361,26.7911
3543,18:00 20/04/2020,53.2299,11.3227,34.3959,45.7089,27.0172,9.1826,44.0473,566.5833,22.0386
3544,20:00 20/04/2020,37.6718,12.8652,27.984,56.7312,40.573,4.5203,33.1516,420.4167,35.8502
3545,21:00 20/04/2020,36.5746,13.3133,21.6229,30.917,21.6005,3.5599,33.0146,423.125,18.5698
3546,22:00 20/04/2020,26.0946,12.554,30.2515,28.4488,22.9225,2.1807,23.9139,300.0298,20.405
3547,23:00 20/04/2020,21.3391,11.8881,31.1771,29.7104,23.0974,1.7576,19.5815,330.4167,20.4025
3548,00:00 21/04/2020,21.8269,12.0799,27.428,68.7455,62.252,1.8289,19.998,336.8924,57.6608
3549,01:00 21/04/2020,20.9927,12.5264,29.5487,57.38,51.68,1.5591,19.4337,369.4618,47.7721
3550,02:00 21/04/2020,15.169,12.7679,32.6596,34.9735,31.5106,1.1133,14.0556,263.8021,29.032
3551,03:00 21/04/2020,15.1189,13.1397,39.6223,24.9318,20.5105,1.0225,14.0964,205.3299,18.1051
3552,04:00 21/04/2020,17.327,13.2752,34.833,32.5081,28.8807,1.3041,16.0229,241.4583,26.8231
3553,05:00 21/04/2020,20.7475,13.6275,34.744,33.6831,29.7874,1.9577,18.7898,351.1979,27.6809
3554,06:00 21/04/2020,30.2096,12.9753,29.0635,26.7633,20.8332,3.9757,26.2339,382.3264,18.8369
3555,07:00 21/04/2020,39.7086,13.0237,27.2509,35.7389,25.7083,6.2498,33.4588,484.5139,22.7182
3556,08:00 21/04/2020,53.111,12.9125,27.7891,42.7889,25.0409,12.2119,40.8991,531.3889,20.3658
3557,09:00 21/04/2020,71.3364,12.6758,23.648,33.8541,25.1568,17.6549,53.6816,624.1146,22.4677
3558,10:00 21/04/2020,42.6774,13.1063,43.4972,31.2973,26.0288,5.6931,36.9843,430.6076,23.8008
3559,11:00 21/04/2020,77.4942,14.018,36.6995,32.4288,25.5368,18.4594,59.0348,474.6875,23.1249
3560,12:00 21/04/2020,98.9058,13.8913,29.6052,49.2219,33.455,29.1443,69.7615,680.0347,28.7991
3561,13:00 21/04/2020,66.1449,12.9502,33.6856,46.4778,27.679,21.3278,44.8171,483.316,22.167
3562,14:00 21/04/2020,62.513,12.2205,33.8898,49.687,30.4593,17.4799,45.0331,475.5382,24.6596
3563,15:00 21/04/2020,70.2649,11.4646,23.4385,47.8285,31.8125,22.585,47.6799,581.4757,25.2095
3564,16:00 21/04/2020,69.0629,11.5512,26.6089,44.1541,29.8519,20.0056,49.0572,628.2639,25.0613
3565,17:00 21/04/2020,53.2589,11.5504,28.7751,41.0999,28.1623,14.8174,38.4415,491.3889,24.4156
3566,18:00 21/04/2020,53.7748,11.8392,20.7689,45.8667,29.7627,12.5964,41.1784,621.9618,25.2664
3567,19:00 21/04/2020,44.1753,12.4907,18.7867,41.3369,30.8621,9.5455,34.6299,504.8438,27.1645
3568,20:00 21/04/2020,35.5918,12.9983,20.3761,36.2423,24.0089,6.0719,29.52,411.9965,20.6581
3569,21:00 21/04/2020,20.9993,13.1492,29.0469,23.0764,20.0641,1.9034,19.0959,519.5486,18.5232
3570,22:00 21/04/2020,19.3119,12.4859,30.2252,17.8399,15.1588,1.9382,17.3737,251.9618,13.6573
3571,23:00 21/04/2020,21.1297,12.2158,30.2681,30.6293,27.6505,2.9666,18.1631,311.4931,25.4739
3572,00:00 22/04/2020,16.749,12.2035,28.7817,47.7011,44.1454,1.2724,15.4766,309.4618,40.9805
3573,01:00 22/04/2020,15.6538,12.499,26.8458,30.9633,26.986,1.3074,14.3463,292.0139,24.6176
3574,02:00 22/04/2020,20.2874,12.9268,26.0488,22.925,18.3613,1.8559,18.4315,236.4583,16.2398
3575,03:00 22/04/2020,18.672,13.5449,25.7538,23.0045,18.4879,1.316,17.356,235.1389,16.316
3576,04:00 22/04/2020,24.4101,13.8424,23.4263,19.9545,16.0494,2.2095,22.2006,229.0451,14.335
3577,05:00 22/04/2020,36.0668,14.0919,16.8612,17.5987,14.6569,4.3254,31.7414,315.2257,13.1019
3578,06:00 22/04/2020,57.5162,13.6553,11.4832,17.4519,13.4148,11.8244,45.6918,588.4375,11.5609
3579,07:00 22/04/2020,66.4036,13.297,12.3103,24.6143,18.7656,20.1249,46.2786,699.8264,15.3912
3580,08:00 22/04/2020,72.8899,13.3403,11.5201,27.4234,19.3971,27.0723,45.8176,725.7465,15.3996
3581,09:00 22/04/2020,87.2074,13.5131,11.0659,22.5519,18.42,39.833,47.3744,701.6667,16.561
3582,10:00 22/04/2020,107.57,13.9902,10.0349,21.378,17.428,56.8396,50.7304,691.7882,15.6341
3583,11:00 22/04/2020,71.3892,14.2666,24.6752,22.7401,18.3972,20.5712,50.818,459.4618,16.6457
3584,12:00 22/04/2020,87.2025,15.2017,48.5702,20.0444,16.2495,20.5699,66.6326,656.0937,14.8464
3585,13:00 22/04/2020,56.7645,15.5238,48.6964,24.4593,20.2619,8.9369,47.8277,541.5451,18.7922
3586,14:00 22/04/2020,73.1128,19.3368,51.6784,30.8253,17.4737,16.8674,56.2454,722.1875,14.5005
3587,15:00 22/04/2020,116.3053,34.4864,31.3896,58.9508,26.7594,40.3535,75.9518,696.9791,19.872
3588,16:00 22/04/2020,136.5648,34.9913,23.7876,89.3807,35.4091,45.3795,91.1853,682.6215,22.9577
3589,17:00 22/04/2020,93.2453,32.3446,35.172,64.6029,28.1417,21.2809,71.9645,675.816,19.1112
3590,18:00 22/04/2020,122.0758,24.0796,24.335,52.0701,22.5385,41.6044,80.4714,944.1145,15.3013
3591,19:00 22/04/2020,75.5514,21.4266,21.4955,42.4939,18.5268,12.8899,62.6615,1179.8438,12.2609
3592,20:00 22/04/2020,89.5729,20.0053,9.4482,31.118,16.6302,12.1964,77.3765,981.5452,12.6461
3593,21:00 22/04/2020,105.6633,20.594,8.6616,25.4615,15.8212,23.3113,82.352,759.7917,12.6208
3594,22:00 22/04/2020,105.9098,18.5928,7.2505,23.3584,16.0856,22.0832,83.8266,705.2778,13.001
3595,23:00 22/04/2020,67.7001,18.7922,18.1762,19.5464,14.554,13.0086,54.6915,531.059,12.4206
3596,00:00 23/04/2020,14.3802,18.5153,31.875,16.0581,10.5682,1.1137,13.2666,335,8.8447
3597,01:00 23/04/2020,16.771,17.4015,24.3469,13.0788,10.7027,1.0359,15.7351,320.5208,9.8669
3598,02:00 23/04/2020,12.7165,17.2752,30.3029,7.4017,5.3145,0.6196,12.0969,310.7812,4.7349
3599,03:00 23/04/2020,11.3138,16.4518,34.8773,10.4912,7.4175,0.7117,10.6021,310.1389,6.4529
3600,04:00 23/04/2020,16.9457,16.3957,37.1296,11.3083,8.715,1.5656,15.3802,303.0208,8.0118
3601,05:00 23/04/2020,54.6324,28.9706,32.0078,17.8521,15.2448,17.9257,36.7067,432.0312,14.483
3602,06:00 23/04/2020,44.4407,49.5018,17.4553,16.6907,14.6853,10.6783,33.7623,555.7639,13.9207
3603,07:00 23/04/2020,48.5101,27.5088,17.7214,12.8954,9.8462,16.3402,32.1699,473.9236,8.7926
3604,08:00 23/04/2020,55.5884,25.104,19.4322,17.8234,11.7956,22.9925,32.5958,521.6493,10.1966
3605,09:00 23/04/2020,67.9341,24.54,23.0748,13.2505,9.9953,30.3664,37.5677,807.4479,8.7177
3606,10:00 23/04/2020,93.1819,22.9193,22.5414,17.1029,14.2897,39.0835,54.0984,1212.2744,13.1344
3607,11:00 23/04/2020,51.7618,29.0481,26.5485,13.7742,11.4133,20.5418,31.2199,464.8264,10.6391
3608,12:00 23/04/2020,84.1183,37.7373,20.7392,17.3254,10.2915,44.9879,39.1304,678.4028,8.2707
3609,13:00 23/04/2020,49.291,46.388,21.5544,13.287,8.9228,22.3086,26.9824,452.3264,7.6612
3610,14:00 23/04/2020,67.478,61.6616,26.4952,19.2161,12.2154,28.1,39.378,763.5416,10.4371
3611,15:00 23/04/2020,101.6476,79.7296,22.9563,34.5638,18.1193,49.1814,52.4663,1104.9653,14.1488
3612,16:00 23/04/2020,107.6835,87.5112,18.6396,35.4876,20.6637,49.2606,58.4229,633.8194,17.3232
3613,17:00 23/04/2020,141.9042,87.5108,14.5013,31.8712,19.0923,80.3464,61.5578,727.1702,15.8574
3614,18:00 23/04/2020,72.4073,49.4871,19.9192,24.6797,13.6114,30.0456,42.3618,630.3993,11.0277
3615,19:00 23/04/2020,33.7585,27.2498,29.0439,13.9897,7.2201,10.8655,22.893,522.6563,5.7819
3616,20:00 23/04/2020,24.4846,22.8196,31.5509,29.9582,22.8188,4.7468,19.7378,584.7049,20.2953
3617,21:00 23/04/2020,9.5606,20.6881,38.641,12.5659,9.3621,1.0545,8.5061,376.9271,8.5293
3618,22:00 23/04/2020,9.8845,18.7584,41.4462,8.7978,6.9823,1.4805,8.404,360.7639,6.5026
3619,23:00 23/04/2020,7.2041,17.653,48.2535,13.234,11.397,0.4952,6.7089,369.809,10.1964
3620,00:00 24/04/2020,6.8944,17.2295,48.3648,14.6983,13.2248,0.3499,6.5446,382.4826,12.1889
3621,01:00 24/04/2020,26.9745,18.3068,46.2927,238.4474,220.2133,4.7671,22.2074,687.5868,199.9224
3622,02:00 24/04/2020,12.34,16.4216,57.2276,156.1316,143.6981,1.2002,11.1398,378.3681,129.2487
3623,03:00 24/04/2020,6.8979,15.7383,55.7332,6.5388,5.1239,0.1191,6.7788,317.7604,4.4816
3624,04:00 24/04/2020,15.5084,16.0057,53.4259,106.2097,94.5863,2.0122,13.4962,439.6181,80.8784
3625,05:00 24/04/2020,13.0223,16.184,51.6091,104.1302,96.9114,1.0104,12.0119,375.3125,87.5536
