No,Datetime,NOx(µg/Nm3},SO2(µg/Nm3},O3(µg/Nm3},PM-10(µg/Nm3},PM-2-5(µg/Nm3},NO(µg/Nm3},NO2(µg/Nm3},CO(mg/Nm3},PM-1(µg/m3},,,,,,,,,
1,12:00 24/10/2019,6.1838,39.7985,66.7988,18.5295,11.5611,0.6882,5.4956,334.3403,9.4011,,,,,,,,,
2,13:00 24/10/2019,6.9309,42.5941,65.3925,17.0653,9.8956,0.4255,6.5055,364.5833,8.201,,,,,,,,,
3,14:00 24/10/2019,5.6383,44.0186,63.003,16.5869,11.5376,0.0685,5.5698,383.6458,9.877,,,,,,,,,
4,15:00 24/10/2019,4.632,43.0486,63.1628,14.6763,10.806,0.0841,4.5479,361.2153,9.2492,,,,,,,,,
5,16:00 24/10/2019,8.8551,42.3308,66.2541,25.2232,16.1678,2.0926,6.7625,337.2222,13.3648,,,,,,,,,
6,17:00 24/10/2019,10.7467,41.4521,65.1639,29.6325,20.1598,1.9841,8.7626,349.4618,16.7383,,,,,,,,,
7,18:00 24/10/2019,31.8836,40.9834,46.5516,36.0477,16.5469,12.1207,19.7629,371.6667,12.346,,,,,,,,,
8,19:00 24/10/2019,20.7642,45.0716,34.813,33.0075,15.6366,0.6345,20.1298,537.9861,12.2827,,,,,,,,,
9,20:00 24/10/2019,11.6056,44.6946,40.3878,38.0111,23.3603,0.0875,11.5181,447.4132,19.3164,,,,,,,,,
10,21:00 24/10/2019,12.9346,49.3958,38.4671,25.6243,15.799,0.0614,12.8732,451.7708,12.9629,,,,,,,,,
11,22:00 24/10/2019,8.7775,43.3334,44.4015,23.3477,15.1712,0.0203,8.7572,471.6146,12.7887,,,,,,,,,
12,23:00 24/10/2019,8.0074,40.5047,44.5539,20.8377,13.2361,0.0225,7.9849,442.7431,11.0559,,,,,,,,,
13,00:00 25/10/2019,5.8756,40.5044,48.5723,19.463,12.3792,0.0154,5.8602,388.4722,10.2916,,,,,,,,,
14,01:00 25/10/2019,4.022,39.7107,50.9736,17.6013,11.6087,0.0169,4.005,330.434,9.9795,,,,,,,,,
15,02:00 25/10/2019,5.9197,41.6813,50.4486,18.3653,12.9855,0.0221,5.8975,345.5382,11.1444,,,,,,,,,
16,03:00 25/10/2019,9.387,53.9281,50.5221,20.7405,14.4758,0.014,9.3731,366.9965,12.0725,,,,,,,,,
17,04:00 25/10/2019,13.252,58.8246,45.2301,22.0845,15.3829,0.0188,13.2332,397.0139,12.2424,,,,,,,,,
18,05:00 25/10/2019,8.2606,49.733,49.8736,20.1097,13.3599,0.0335,8.2271,367.6562,9.7893,,,,,,,,,
19,06:00 25/10/2019,5.787,45.192,50.556,14.1549,8.8887,0.0093,5.7777,327.6562,7.0919,,,,,,,,,
20,07:00 25/10/2019,17.0295,46.8099,34.1523,26.5265,16.0297,0.2535,16.776,417.6042,12.846,,,,,,,,,
21,08:00 25/10/2019,11.7616,45.4776,34.9636,24.5196,14.02,0.0473,11.7144,368.9063,11.1627,,,,,,,,,
22,09:00 25/10/2019,10.9349,45.0728,37.3909,31.8019,15.6185,0.5859,10.349,417.5868,12.0349,,,,,,,,,
23,10:00 25/10/2019,26.1916,45.7965,40.5607,52.4606,30.4438,11.6347,14.5569,441.0069,23.8166,,,,,,,,,
24,11:00 25/10/2019,11.4511,43.3177,49.8468,55.8211,37.9642,2.682,8.769,389.053,31.2274,,,,,,,,,
25,12:00 25/10/2019,13.9716,41.1332,53.4857,49.5362,33.1959,3.5532,10.4183,388.6806,27.9645,,,,,,,,,
26,02:00 07/11/2019,20.1547,42.1703,72.9436,198.1601,151.1911,0.1053,20.0493,878.941,130.1823,,,,,,,,,
27,03:00 07/11/2019,22.6503,39.2225,62.7703,182.1166,137.4604,0.0583,22.592,794.809,118.5853,,,,,,,,,
28,04:00 07/11/2019,22.588,46.9485,73.2085,177.0912,131.181,0.0648,22.5233,735.0,113.6684,,,,,,,,,
29,05:00 07/11/2019,20.9073,45.4804,59.9665,153.9161,115.0626,0.0463,20.8609,689.6007,100.8497,,,,,,,,,
30,06:00 07/11/2019,24.913,40.1782,29.0368,195.2352,148.421,0.0771,24.836,1056.3715,125.1742,,,,,,,,,
31,07:00 07/11/2019,22.6864,41.7743,43.3734,218.8552,167.8667,0.0819,22.6046,1638.6111,139.1392,,,,,,,,,
32,08:00 07/11/2019,30.4091,39.122,31.2077,148.3348,111.727,0.7176,29.6914,1311.4062,95.1061,,,,,,,,,
33,09:00 07/11/2019,19.0694,41.1407,60.8585,138.238,99.9148,0.4921,18.5773,935.573,85.8232,,,,,,,,,
34,10:00 07/11/2019,18.4048,43.9328,114.8175,149.5789,98.6711,0.858,17.5469,600.2083,81.8144,,,,,,,,,
35,11:00 07/11/2019,8.9142,30.513,162.8085,106.8536,74.9392,0.0646,8.8496,451.5451,63.1005,,,,,,,,,
36,12:00 07/11/2019,7.967,18.9896,167.74,99.3957,69.7323,0.0743,7.8928,410.5903,59.0823,,,,,,,,,
37,13:00 07/11/2019,5.384,27.5915,166.0393,84.1104,59.8298,0.0231,5.3609,355.3646,50.5768,,,,,,,,,
38,14:00 07/11/2019,5.445,26.4387,163.1133,73.4082,53.395,0.0242,5.4208,343.4896,45.6198,,,,,,,,,
39,15:00 07/11/2019,6.0974,26.2429,156.0973,65.5317,48.3557,0.124,5.9734,328.6632,41.544,,,,,,,,,
40,16:00 07/11/2019,12.931,31.238,150.6196,69.376,47.9433,0.5232,12.4079,344.8785,40.8966,,,,,,,,,
41,17:00 07/11/2019,14.9395,44.4241,158.5898,80.8607,52.6719,0.2745,14.665,402.5347,44.7941,,,,,,,,,
42,18:00 07/11/2019,24.5097,56.4397,172.3067,170.8546,101.474,0.3153,24.1944,617.2222,84.5756,,,,,,,,,
43,19:00 07/11/2019,36.5629,58.6062,132.8803,226.5203,129.3938,0.6253,35.9376,943.1423,105.4602,,,,,,,,,
44,20:00 07/11/2019,51.5474,41.0025,77.7751,274.2242,179.9503,1.3648,50.1826,1154.4791,149.7926,,,,,,,,,
45,21:00 07/11/2019,57.6125,32.5758,53.4283,264.1354,176.2064,1.5183,56.0942,1101.3194,147.2234,,,,,,,,,
46,22:00 07/11/2019,41.0226,29.263,39.819,245.7749,169.5528,0.2678,40.7548,1078.9756,143.922,,,,,,,,,
47,23:00 07/11/2019,32.7345,36.7585,56.8958,224.2553,161.4327,0.1697,32.5647,1042.0832,138.9674,,,,,,,,,
48,00:00 08/11/2019,25.575,46.873,45.6551,205.6244,158.8558,0.096,25.479,960.7986,136.0421,,,,,,,,,
49,01:00 08/11/2019,36.0729,59.5794,44.8158,188.8484,150.7768,2.5964,33.4765,798.4375,128.7887,,,,,,,,,
50,02:00 08/11/2019,32.066,64.3127,35.7152,220.8644,184.0875,0.195,31.8709,691.3715,157.4169,,,,,,,,,
51,03:00 08/11/2019,27.6072,57.1098,21.0267,196.7803,157.9534,0.6279,26.9793,817.1528,135.4336,,,,,,,,,
52,04:00 08/11/2019,20.8457,41.6166,21.6622,196.7862,157.6655,0.1973,20.6484,905.0694,137.5626,,,,,,,,,
53,05:00 08/11/2019,20.388,27.6888,23.8724,211.9724,174.9201,0.1738,20.2142,916.8576,151.2333,,,,,,,,,
54,06:00 08/11/2019,13.8506,30.7827,32.1765,109.2386,89.523,0.0255,13.8251,631.2674,79.8883,,,,,,,,,
55,07:00 08/11/2019,14.1509,35.9025,31.2443,101.4295,79.5588,0.0525,14.0984,623.4375,70.3442,,,,,,,,,
56,08:00 08/11/2019,19.6091,42.4015,15.6058,172.9087,133.8214,1.6454,17.9637,781.0938,108.7849,,,,,,,,,
57,09:00 08/11/2019,22.9488,55.4137,50.9085,134.2728,96.0782,2.946,20.0028,651.9618,79.5436,,,,,,,,,
58,10:00 08/11/2019,17.4787,62.9879,93.002,70.1822,48.6869,2.0988,15.3799,427.4306,42.6383,,,,,,,,,
59,11:00 08/11/2019,9.1507,69.5782,119.4979,62.8462,44.4509,0.2894,8.8613,388.1771,38.4774,,,,,,,,,
60,12:00 08/11/2019,6.5152,51.3219,139.5527,54.5341,40.0363,0.1011,6.4142,338.4549,35.189,,,,,,,,,
61,13:00 08/11/2019,6.0681,22.534,148.5519,56.5108,40.1695,0.0333,6.0348,318.9583,35.319,,,,,,,,,
62,14:00 08/11/2019,4.9146,23.8639,148.0495,48.2515,35.105,0.0052,4.9093,291.007,31.0754,,,,,,,,,
63,15:00 08/11/2019,5.5338,24.4139,148.6971,45.4376,33.826,0.0462,5.4876,281.5208,29.9791,,,,,,,,,
64,16:00 08/11/2019,5.6029,27.1303,145.1775,53.4058,34.025,0.0171,5.5857,290.7639,30.0341,,,,,,,,,
65,17:00 08/11/2019,7.1508,41.5146,147.5978,42.3441,30.7341,0.0331,7.1177,339.0624,27.4365,,,,,,,,,
66,18:00 08/11/2019,62.2367,48.796,103.5545,108.261,49.8599,9.6464,52.5903,483.7705,39.5289,,,,,,,,,
67,19:00 08/11/2019,51.8628,51.6329,81.7849,280.0966,173.0803,0.8885,50.9743,961.4237,137.4704,,,,,,,,,
68,20:00 08/11/2019,69.7802,41.4624,47.227,300.5627,190.2304,4.5549,65.2253,1306.8924,155.7144,,,,,,,,,
69,21:00 08/11/2019,73.0333,22.0498,12.8675,331.6145,239.7007,6.8351,66.1981,1500.2604,202.9625,,,,,,,,,
70,22:00 08/11/2019,61.5278,22.2923,10.7586,230.6346,173.0749,6.3177,55.2101,1141.9999,148.3519,,,,,,,,,
71,02:00 09/11/2019,56.5903,45.1376,4.5539,251.6136,205.1748,20.0981,36.4922,1208.3854,171.6115,,,,,,,,,
72,03:00 09/11/2019,52.974,52.1239,4.5283,189.7623,142.5648,9.8146,43.1594,1002.309,120.7077,,,,,,,,,
73,04:00 09/11/2019,39.6511,40.9731,4.4896,174.1091,132.9151,8.6748,30.9763,964.0798,111.088,,,,,,,,,
74,05:00 09/11/2019,41.8926,34.2799,6.6647,160.064,120.0944,10.645,31.2476,908.8194,99.0828,,,,,,,,,
75,06:00 09/11/2019,41.904,37.9363,6.7168,210.5118,171.7442,16.7673,25.1367,1094.8786,138.6077,,,,,,,,,
76,07:00 09/11/2019,26.6842,40.1981,6.4469,187.9441,150.5899,2.9186,23.7656,1479.8264,125.1757,,,,,,,,,
77,08:00 09/11/2019,20.795,46.3638,10.4022,188.6926,153.3239,1.798,18.9969,1144.1069,131.9191,,,,,,,,,
78,09:00 09/11/2019,25.4362,61.2298,18.389,180.123,137.8585,4.5085,20.9277,843.7326,117.268,,,,,,,,,
79,10:00 09/11/2019,26.3459,74.3481,61.5092,152.6502,98.1512,2.9346,23.4113,632.118,81.8199,,,,,,,,,
80,11:00 09/11/2019,13.8743,-2440.6318,-2420.5382,120.8742,79.0121,-2498.8927,-2486.733,-2113.1912,66.1714,,,,,,,,,
81,12:00 09/11/2019,5.0368,-4142.4075,-4064.4574,82.3112,55.9567,-4166.2292,-4161.2341,-3979.5602,48.2919,,,,,,,,,
82,13:00 09/11/2019,8.8612,30.932,189.8426,69.7736,48.6553,0.0703,8.7909,312.0157,42.47,,,,,,,,,
83,14:00 09/11/2019,8.8215,38.9067,219.584,74.3546,51.6364,0.0087,8.8128,323.0903,44.966,,,,,,,,,
84,15:00 09/11/2019,13.89,42.964,238.465,84.6283,56.627,0.3436,13.5464,338.6458,48.2855,,,,,,,,,
85,16:00 09/11/2019,23.7313,51.14,243.0713,113.1734,61.1885,0.4413,23.2901,347.3264,50.3034,,,,,,,,,
86,17:00 09/11/2019,10.2604,-1616.3397,-1452.0762,91.7863,58.7884,-1666.4808,-1656.2587,-1373.0315,49.7409,,,,,,,,,
87,18:00 09/11/2019,0.0,-9999.0,-9999.0,105.377,62.2451,-9999.0,-9999.0,-9999.0,52.067,,,,,,,,,
88,19:00 09/11/2019,0.0,-9999.0,-9999.0,317.8613,169.1478,-9999.0,-9999.0,-9999.0,133.4231,,,,,,,,,
89,20:00 09/11/2019,74.0037,-1636.5381,-1641.9822,324.227,161.0245,-1664.1603,-1594.836,-720.8999,128.4397,,,,,,,,,
90,21:00 09/11/2019,103.0368,27.8739,13.4714,538.2488,406.3217,6.0443,96.9925,2103.0381,336.4745,,,,,,,,,
91,22:00 09/11/2019,60.0594,26.3636,12.5178,443.0842,338.91,5.4624,54.597,2059.0277,285.7867,,,,,,,,,
92,23:00 09/11/2019,58.9259,57.6969,19.0281,415.0384,318.2768,4.8489,54.077,2637.8994,273.7486,,,,,,,,,
93,00:00 10/11/2019,40.7812,63.7812,26.5589,371.6166,266.4105,1.3253,39.4559,1980.5902,227.8739,,,,,,,,,
94,01:00 10/11/2019,43.9715,121.2354,25.8559,268.4984,209.3161,5.5811,38.3904,1669.8438,182.5187,,,,,,,,,
95,02:00 10/11/2019,63.223,126.6539,4.8798,310.177,252.2783,8.3741,54.8489,1695.677,217.6531,,,,,,,,,
96,03:00 10/11/2019,60.563,76.4561,6.3519,256.1159,203.169,11.0993,49.4637,1293.3506,176.3277,,,,,,,,,
97,04:00 10/11/2019,35.5835,49.1416,7.5103,188.2501,146.1651,2.1535,33.43,1118.9411,125.3622,,,,,,,,,
98,05:00 10/11/2019,28.4316,35.8712,11.421,232.7138,187.3521,0.8723,27.5593,1368.9583,155.0969,,,,,,,,,
99,06:00 10/11/2019,32.6624,37.8469,10.5257,315.3219,262.7636,1.4829,31.1794,1672.4827,221.6045,,,,,,,,,
100,07:00 10/11/2019,38.7103,41.1061,6.5594,265.9052,227.1496,3.8043,34.906,1699.3751,197.1169,,,,,,,,,
101,08:00 10/11/2019,46.1765,49.3255,7.0023,234.3219,191.2235,13.3308,32.8457,1572.1702,164.024,,,,,,,,,
102,09:00 10/11/2019,35.0412,-1606.4331,-1657.7137,238.3642,187.2615,-1655.824,-1642.1348,-214.6724,156.1367,,,,,,,,,
103,10:00 10/11/2019,27.9003,102.1324,40.8123,172.1054,130.5752,4.0831,23.8173,1147.7493,112.8134,,,,,,,,,
104,11:00 10/11/2019,19.6909,95.4758,90.8965,140.8433,104.8214,1.3023,18.3886,658.6287,93.0238,,,,,,,,,
105,12:00 10/11/2019,16.9238,74.4991,162.012,92.7264,67.7983,5.4179,11.5059,475.7477,60.236,,,,,,,,,
106,13:00 10/11/2019,0.9243,-9163.1692,-9149.8841,87.3333,61.6122,-9165.75,-9164.8257,-9125.7202,54.6021,,,,,,,,,
107,14:00 10/11/2019,7.5911,-2475.3779,-2341.9127,81.3277,60.265,-2499.7449,-2492.164,-2167.4914,53.6244,,,,,,,,,
108,15:00 10/11/2019,4.0749,-6655.2205,-6598.5928,82.1477,54.9121,-6665.9743,-6661.9508,-6548.3686,48.1115,,,,,,,,,
109,16:00 10/11/2019,11.5026,34.6418,202.5947,78.8499,50.0998,0.0495,11.453,354.9479,43.5061,,,,,,,,,
110,17:00 10/11/2019,5.1787,-6651.325,-6596.8754,97.9144,58.4356,-6665.9583,-6660.863,-6530.3576,50.3448,,,,,,,,,
111,18:00 10/11/2019,0.0,-9999.0,-9999.0,106.0134,57.8265,-9999.0,-9999.0,-9999.0,48.6884,,,,,,,,,
112,19:00 10/11/2019,0.0,-9999.0,-9999.0,352.4488,211.6019,-9999.0,-9999.0,-9999.0,175.1544,,,,,,,,,
113,20:00 10/11/2019,36.8242,-2472.3842,-2457.6313,404.8222,291.972,-2498.1206,-2464.5551,-1449.5647,250.9323,,,,,,,,,
114,21:00 10/11/2019,46.2395,26.9893,53.4758,232.1687,157.5059,0.7029,45.5366,1141.9847,135.8798,,,,,,,,,
115,22:00 10/11/2019,0.0,-9999.0,-9999.0,428.1207,344.8372,-9999.0,-9999.0,-9999.0,303.2369,,,,,,,,,
116,02:00 11/11/2019,0.0,-9999.0,-9999.0,287.8231,229.1015,-9999.0,-9999.0,-9999.0,199.8265,,,,,,,,,
117,03:00 11/11/2019,0.0,-9999.0,-9999.0,324.1509,263.0133,-9999.0,-9999.0,-9999.0,224.5854,,,,,,,,,
118,04:00 11/11/2019,0.0,-9999.0,-9999.0,302.2317,246.2052,-9999.0,-9999.0,-9999.0,212.3228,,,,,,,,,
119,05:00 11/11/2019,0.0,-9999.0,-9999.0,241.6695,199.982,-9999.0,-9999.0,-9999.0,171.9557,,,,,,,,,
120,06:00 11/11/2019,0.0,-9999.0,-9999.0,167.0989,136.4633,-9999.0,-9999.0,-9999.0,116.4874,,,,,,,,,
121,07:00 11/11/2019,0.0,-9999.0,-9999.0,198.0629,166.8394,-9999.0,-9999.0,-9999.0,139.4805,,,,,,,,,
122,08:00 11/11/2019,0.0,-9999.0,-9999.0,188.782,155.0181,-9999.0,-9999.0,-9999.0,131.2671,,,,,,,,,
123,09:00 11/11/2019,5.6434,-8321.5228,-8330.7313,229.3216,182.2309,-8330.8875,-8328.469,-8068.3318,153.8586,,,,,,,,,
124,10:00 11/11/2019,32.4757,79.1346,20.6371,188.8489,146.5802,7.6959,24.7798,1383.7674,127.8929,,,,,,,,,
125,11:00 11/11/2019,22.4332,-3272.4701,-3301.8744,170.3635,126.4012,-3329.1587,-3314.4082,-2503.7466,110.6418,,,,,,,,,
126,12:00 11/11/2019,0.0,-9999.0,-9999.0,153.9554,114.8735,-9999.0,-9999.0,-9999.0,100.8689,,,,,,,,,
127,13:00 11/11/2019,20.8752,35.8869,166.2747,140.2994,107.1116,0.516,20.3592,649.2046,94.9604,,,,,,,,,
128,14:00 11/11/2019,11.5655,38.7768,208.3652,98.6226,73.6594,0.0475,11.518,530.2462,65.5047,,,,,,,,,
129,15:00 11/11/2019,9.1872,32.1351,222.7683,88.893,64.5787,0.0276,9.1596,486.0796,57.0704,,,,,,,,,
130,16:00 11/11/2019,8.0237,36.0906,217.4832,79.3076,56.5936,0.0082,8.0155,405.9624,49.4706,,,,,,,,,
131,17:00 11/11/2019,8.4548,48.747,217.7933,91.8089,60.7693,0.0207,8.4341,403.6081,50.7438,,,,,,,,,
132,18:00 11/11/2019,0.0,-9999.0,-9999.0,115.0369,58.4205,-9999.0,-9999.0,-9999.0,47.1265,,,,,,,,,
133,19:00 11/11/2019,0.0,-9999.0,-9999.0,269.9197,132.2305,-9999.0,-9999.0,-9999.0,104.364,,,,,,,,,
134,20:00 11/11/2019,11.9855,-8165.2804,-8168.3339,359.1151,226.932,-8180.9277,-8169.0868,-7749.3902,196.2305,,,,,,,,,
135,21:00 11/11/2019,5.2432,-9157.6181,-9159.0888,413.3934,279.4724,-9165.7411,-9160.5157,-8964.0833,244.855,,,,,,,,,
136,22:00 11/11/2019,0.0,-9999.0,-9999.0,558.1883,421.6553,-9999.0,-9999.0,-9999.0,366.7294,,,,,,,,,
137,23:00 11/11/2019,0.0,-9999.0,-9999.0,576.7159,435.2593,-9999.0,-9999.0,-9999.0,374.6266,,,,,,,,,
138,00:00 12/11/2019,0.0,-9999.0,-9999.0,405.2329,302.6818,-9999.0,-9999.0,-9999.0,262.2134,,,,,,,,,
139,01:00 12/11/2019,0.0,-9999.0,-9999.0,358.3652,286.0206,-9999.0,-9999.0,-9999.0,251.6561,,,,,,,,,
140,02:00 12/11/2019,0.0,-9999.0,-9999.0,381.8633,309.2928,-9999.0,-9999.0,-9999.0,268.3226,,,,,,,,,
141,03:00 12/11/2019,0.0,-9999.0,-9999.0,350.1472,292.1402,-9999.0,-9999.0,-9999.0,254.8811,,,,,,,,,
142,04:00 12/11/2019,0.0,-9999.0,-9999.0,330.3587,274.6387,-9999.0,-9999.0,-9999.0,241.9959,,,,,,,,,
143,05:00 12/11/2019,0.0,-9999.0,-9999.0,302.9321,250.0898,-9999.0,-9999.0,-9999.0,221.0117,,,,,,,,,
144,06:00 12/11/2019,0.0,-9999.0,-9999.0,308.5385,252.2671,-9999.0,-9999.0,-9999.0,222.5694,,,,,,,,,
145,07:00 12/11/2019,0.0,-9999.0,-9999.0,328.6473,268.7877,-9999.0,-9999.0,-9999.0,231.9978,,,,,,,,,
146,08:00 12/11/2019,0.0,-9999.0,-9999.0,256.198,204.2231,-9999.0,-9999.0,-9999.0,171.2339,,,,,,,,,
147,09:00 12/11/2019,0.0,-9999.0,-9999.0,182.851,133.2541,-9999.0,-9999.0,-9999.0,114.6275,,,,,,,,,
148,10:00 12/11/2019,0.0,-9999.0,-9999.0,193.4854,119.1571,-9999.0,-9999.0,-9999.0,102.3145,,,,,,,,,
149,11:00 12/11/2019,0.0,-9999.0,-9999.0,201.0852,140.1967,-9999.0,-9999.0,-9999.0,122.1181,,,,,,,,,
150,12:00 12/11/2019,2.1282,-8995.2699,-8986.224,190.9505,133.3723,-8999.0496,-8997.0222,-8924.6,116.7421,,,,,,,,,
151,13:00 12/11/2019,17.122,40.9582,179.9717,157.576,109.4006,0.1815,16.9405,621.5151,96.2198,,,,,,,,,
152,14:00 12/11/2019,12.9436,39.0004,212.496,124.1714,90.37,0.056,12.8876,477.4053,79.907,,,,,,,,,
153,15:00 12/11/2019,11.729,38.2209,225.1121,103.4702,76.1297,0.0508,11.6782,407.1023,67.2595,,,,,,,,,
154,16:00 12/11/2019,16.114,46.7497,224.1494,136.9651,103.0991,0.2459,15.8681,475.7008,91.7711,,,,,,,,,
155,17:00 12/11/2019,19.3653,79.8622,206.9534,181.8432,130.5761,0.1655,19.1998,599.625,112.0767,,,,,,,,,
156,18:00 12/11/2019,0.0,-9999.0,-9999.0,287.7052,213.9512,-9999.0,-9999.0,-9999.0,188.296,,,,,,,,,
157,19:00 12/11/2019,0.0,-9999.0,-9999.0,388.013,278.9052,-9999.0,-9999.0,-9999.0,242.8897,,,,,,,,,
158,20:00 12/11/2019,6.496,-7989.0631,-7976.0137,322.9393,237.8224,-7999.0882,-7992.8159,-7727.2511,206.4217,,,,,,,,,
159,21:00 12/11/2019,0.0,-9999.0,-9999.0,259.3884,199.1182,-9999.0,-9999.0,-9999.0,174.8409,,,,,,,,,
160,22:00 12/11/2019,0.0,-9999.0,-9999.0,245.7363,194.4225,-9999.0,-9999.0,-9999.0,171.7425,,,,,,,,,
161,23:00 12/11/2019,0.0,-9999.0,-9999.0,199.1699,161.7308,-9999.0,-9999.0,-9999.0,142.1863,,,,,,,,,
162,00:00 13/11/2019,0.0,-9999.0,-9999.0,181.9937,148.8636,-9999.0,-9999.0,-9999.0,130.8449,,,,,,,,,
163,02:00 13/11/2019,0.0,-9999.0,-9999.0,142.7044,116.8907,-9999.0,-9999.0,-9999.0,100.8136,,,,,,,,,
164,03:00 13/11/2019,0.0,-9999.0,-9999.0,166.4072,136.7007,-9999.0,-9999.0,-9999.0,118.6142,,,,,,,,,
165,04:00 13/11/2019,0.0,-9999.0,-9999.0,155.8867,127.2832,-9999.0,-9999.0,-9999.0,109.9041,,,,,,,,,
166,05:00 13/11/2019,0.0,-9999.0,-9999.0,168.0478,138.4561,-9999.0,-9999.0,-9999.0,118.5573,,,,,,,,,
167,06:00 13/11/2019,0.0,-9999.0,-9999.0,149.2226,123.0955,-9999.0,-9999.0,-9999.0,105.3266,,,,,,,,,
168,07:00 13/11/2019,0.0,-9999.0,-9999.0,138.0688,112.4646,-9999.0,-9999.0,-9999.0,98.4394,,,,,,,,,
169,08:00 13/11/2019,0.0,-9999.0,-9999.0,93.2968,74.8782,-9999.0,-9999.0,-9999.0,67.2122,,,,,,,,,
170,09:00 13/11/2019,0.0,-9999.0,-9999.0,202.4356,149.2727,-9999.0,-9999.0,-9999.0,129.8169,,,,,,,,,
171,10:00 13/11/2019,0.0,-9999.0,-9999.0,301.5478,247.5293,-9999.0,-9999.0,-9999.0,216.1347,,,,,,,,,
172,11:00 13/11/2019,0.0,-9999.0,-9999.0,247.2821,205.9254,-9999.0,-9999.0,-9999.0,182.3857,,,,,,,,,
173,12:00 13/11/2019,0.0,-9999.0,-9999.0,223.4645,183.4139,-9999.0,-9999.0,-9999.0,152.3906,,,,,,,,,
174,13:00 13/11/2019,16.1231,18.7558,72.8549,96.2765,75.8382,1.1928,14.9303,364.0741,66.4443,,,,,,,,,
175,14:00 13/11/2019,0.0,-9999.0,-9999.0,46.6545,35.3216,-9999.0,-9999.0,-9999.0,30.8718,,,,,,,,,
176,15:00 13/11/2019,0.0,-9999.0,-9999.0,39.7003,27.9921,-9999.0,-9999.0,-9999.0,23.4721,,,,,,,,,
177,16:00 13/11/2019,0.0,-9999.0,-9999.0,159.2695,116.7407,-9999.0,-9999.0,-9999.0,98.8669,,,,,,,,,
178,17:00 13/11/2019,8.6749,-7980.9189,-7991.5452,97.1099,74.534,-7997.9565,-7991.7686,-7928.45,60.7429,,,,,,,,,
179,18:00 13/11/2019,0.0,-9999.0,-9999.0,135.513,80.2077,-9999.0,-9999.0,-9999.0,64.7082,,,,,,,,,
180,19:00 13/11/2019,0.0,-9999.0,-9999.0,145.9395,95.2023,-9999.0,-9999.0,-9999.0,78.0449,,,,,,,,,
181,20:00 13/11/2019,2.1013,-8177.7624,-8171.7753,36.6514,28.5733,-8180.9909,-8178.9078,-8158.3956,24.0028,,,,,,,,,
182,21:00 13/11/2019,9.5691,20.1592,61.5841,20.5198,15.4242,0.1104,9.4587,156.2997,13.4498,,,,,,,,,
183,22:00 13/11/2019,3.9185,23.1164,67.4352,22.4004,16.565,0.0125,3.906,344.25,13.8525,,,,,,,,,
184,23:00 13/11/2019,0.0,-9999.0,-9999.0,18.1755,13.4873,-9999.0,-9999.0,-9999.0,11.8113,,,,,,,,,
185,00:00 14/11/2019,0.0,-9999.0,-9999.0,13.5096,9.9927,-9999.0,-9999.0,-9999.0,8.9609,,,,,,,,,
186,01:00 14/11/2019,0.0,-9999.0,-9999.0,24.5867,19.0358,-9999.0,-9999.0,-9999.0,16.481,,,,,,,,,
187,02:00 14/11/2019,0.0,-9999.0,-9999.0,62.991,44.7014,-9999.0,-9999.0,-9999.0,30.9771,,,,,,,,,
188,03:00 14/11/2019,0.0,-9999.0,-9999.0,28.2101,19.6002,-9999.0,-9999.0,-9999.0,15.3718,,,,,,,,,
189,04:00 14/11/2019,2.4534,-6235.9183,-6230.9353,15.8917,11.65,-6249.3654,-6246.9311,-6103.1579,10.3644,,,,,,,,,
190,05:00 14/11/2019,0.0,-9999.0,-9999.0,15.3875,11.419,-9999.0,-9999.0,-9999.0,10.2693,,,,,,,,,
191,06:00 14/11/2019,0.0,-9999.0,-9999.0,13.9147,10.844,-9999.0,-9999.0,-9999.0,9.984,,,,,,,,,
192,07:00 14/11/2019,0.0,-9999.0,-9999.0,14.6242,10.87,-9999.0,-9999.0,-9999.0,9.8973,,,,,,,,,
193,08:00 14/11/2019,0.0,-9999.0,-9999.0,18.7012,13.1858,-9999.0,-9999.0,-9999.0,11.3427,,,,,,,,,
194,09:00 14/11/2019,0.0,-9999.0,-9999.0,21.9939,15.8966,-9999.0,-9999.0,-9999.0,14.0635,,,,,,,,,
195,10:00 14/11/2019,0.0,-9999.0,-9999.0,20.4971,16.1158,-9999.0,-9999.0,-9999.0,14.5755,,,,,,,,,
196,11:00 14/11/2019,0.0,-9999.0,-9999.0,18.9445,14.7421,-9999.0,-9999.0,-9999.0,13.1681,,,,,,,,,
197,12:00 14/11/2019,0.0,-9999.0,-9999.0,26.1146,17.6088,-9999.0,-9999.0,-9999.0,14.7788,,,,,,,,,
198,13:00 14/11/2019,0.0,-9999.0,-9999.0,28.0664,18.449,-9999.0,-9999.0,-9999.0,16.0727,,,,,,,,,
199,14:00 14/11/2019,0.0,-9999.0,-9999.0,35.61,25.321,-9999.0,-9999.0,-9999.0,21.7102,,,,,,,,,
200,15:00 14/11/2019,0.0,-9999.0,-9999.0,33.3697,23.627,-9999.0,-9999.0,-9999.0,20.4723,,,,,,,,,
201,16:00 14/11/2019,0.0,-9999.0,-9999.0,31.6012,22.5091,-9999.0,-9999.0,-9999.0,19.9978,,,,,,,,,
202,17:00 14/11/2019,0.0,-9999.0,-9999.0,35.6186,24.4946,-9999.0,-9999.0,-9999.0,21.4358,,,,,,,,,
203,18:00 14/11/2019,0.0,-9999.0,-9999.0,35.7519,22.8785,-9999.0,-9999.0,-9999.0,19.7949,,,,,,,,,
204,19:00 14/11/2019,3.1479,-7484.7861,-7483.6865,37.5198,23.9687,-7499.243,-7496.1091,-7378.9375,20.4852,,,,,,,,,
205,20:00 14/11/2019,0.0,-9999.0,-9999.0,88.5828,47.5436,-9999.0,-9999.0,-9999.0,37.3691,,,,,,,,,
206,21:00 14/11/2019,0.0,-9999.0,-9999.0,149.3494,89.0005,-9999.0,-9999.0,-9999.0,70.4392,,,,,,,,,
207,22:00 14/11/2019,0.0,-9999.0,-9999.0,110.2759,61.6333,-9999.0,-9999.0,-9999.0,48.3837,,,,,,,,,
208,23:00 14/11/2019,0.0,-9999.0,-9999.0,86.2878,46.959,-9999.0,-9999.0,-9999.0,36.6531,,,,,,,,,
209,00:00 15/11/2019,0.0,-9999.0,-9999.0,81.0524,46.2161,-9999.0,-9999.0,-9999.0,36.4624,,,,,,,,,
210,01:00 15/11/2019,8.4316,-7254.9717,-7267.8498,92.8622,64.0573,-7271.5679,-7264.0005,-7092.7284,54.2218,,,,,,,,,
211,02:00 15/11/2019,12.7523,-3294.3559,-3322.5061,108.0009,87.103,-3332.8171,-3320.4305,-2938.8142,75.0075,,,,,,,,,
212,03:00 15/11/2019,12.9625,-1772.5902,-1799.1352,64.5058,48.729,-1817.9068,-1805.1307,-1420.4621,41.5308,,,,,,,,,
213,04:00 15/11/2019,18.0285,46.8737,16.7494,251.1437,226.1409,0.4466,17.5819,828.3484,206.9825,,,,,,,,,
214,05:00 15/11/2019,21.0034,40.2996,17.8626,92.483,66.1202,0.2505,20.7529,485.1326,56.5,,,,,,,,,
215,06:00 15/11/2019,32.8026,40.4043,9.8682,73.4784,56.355,6.6941,26.1085,453.5606,49.0429,,,,,,,,,
216,07:00 15/11/2019,22.2964,42.1867,6.8365,169.9683,145.6392,4.0915,18.205,540.1705,133.0611,,,,,,,,,
217,08:00 15/11/2019,25.6434,47.2472,6.1923,88.1411,68.8756,8.1247,17.5188,583.9773,58.9058,,,,,,,,,
218,09:00 15/11/2019,31.3559,64.906,10.8952,125.2753,81.0051,9.2381,22.1178,906.3826,59.8497,,,,,,,,,
219,10:00 15/11/2019,27.9875,94.12,33.0334,96.3629,61.4187,4.904,23.0835,760.2083,48.3757,,,,,,,,,
220,11:00 15/11/2019,24.7757,123.4501,68.1769,137.3787,93.2331,2.6788,22.097,746.7706,76.9608,,,,,,,,,
221,12:00 15/11/2019,1.8832,-9084.6544,-9077.3113,117.173,84.3907,-9089.9318,-9088.185,-9027.7652,73.6853,,,,,,,,,
222,13:00 15/11/2019,20.5155,57.5532,161.9098,124.8868,88.6991,0.5693,19.9462,644.375,76.196,,,,,,,,,
223,14:00 15/11/2019,16.6048,63.0672,181.6336,141.2845,101.8093,0.1705,16.4343,603.4722,87.5129,,,,,,,,,
224,15:00 15/11/2019,13.6878,55.8074,200.1327,115.9321,87.9692,0.0441,13.6437,550.3125,76.178,,,,,,,,,
225,16:00 15/11/2019,13.5048,62.8645,187.558,130.4971,100.7144,0.1155,13.3893,522.1402,89.449,,,,,,,,,
226,17:00 15/11/2019,16.5539,98.7516,190.5544,246.837,173.1761,0.1238,16.4301,626.6435,129.4075,,,,,,,,,
227,18:00 15/11/2019,0.0,-9999.0,-9999.0,221.3558,163.5622,-9999.0,-9999.0,-9999.0,146.2151,,,,,,,,,
228,19:00 15/11/2019,0.0,-9999.0,-9999.0,228.4187,163.0367,-9999.0,-9999.0,-9999.0,139.0383,,,,,,,,,
229,20:00 15/11/2019,7.0781,-8175.2245,-8167.7387,175.7737,122.3075,-8180.9145,-8174.0074,-7960.4507,106.5602,,,,,,,,,
230,21:00 15/11/2019,30.3792,31.3248,83.0939,145.8136,101.1871,0.1216,30.2576,986.0984,88.2279,,,,,,,,,
231,22:00 15/11/2019,17.6209,27.0937,107.8267,97.1532,70.5868,0.0268,17.5941,674.8295,60.925,,,,,,,,,
232,23:00 15/11/2019,19.2994,28.0367,103.7332,96.0643,68.2747,0.0662,19.2332,687.4053,58.3839,,,,,,,,,
233,00:00 16/11/2019,19.2482,33.0092,87.5591,126.1023,90.76,0.0577,19.1906,845.7576,77.0664,,,,,,,,,
234,01:00 16/11/2019,16.8726,42.299,74.4546,113.6195,83.1097,0.0725,16.8002,862.803,71.144,,,,,,,,,
235,02:00 16/11/2019,17.4409,46.8927,69.0942,112.741,85.1883,0.0843,17.3566,916.7993,73.7588,,,,,,,,,
236,03:00 16/11/2019,18.644,50.1778,60.0625,125.7173,95.6461,0.1841,18.4599,862.4811,82.3504,,,,,,,,,
237,04:00 16/11/2019,14.8879,40.4413,62.5814,112.0421,86.7978,0.1446,14.7434,752.2349,75.2357,,,,,,,,,
238,05:00 16/11/2019,18.3014,25.1333,61.8028,124.3269,98.6767,0.1344,18.167,821.3068,86.0807,,,,,,,,,
239,06:00 16/11/2019,27.1496,29.7917,50.6771,152.5516,115.6445,0.2475,26.9021,1043.3524,98.21,,,,,,,,,
240,07:00 16/11/2019,25.1299,35.7379,54.8212,173.0273,135.8861,0.2749,24.855,1076.3447,118.3837,,,,,,,,,
241,08:00 16/11/2019,24.9889,46.7151,54.0199,222.2355,184.4863,0.429,24.5599,1109.5455,167.8261,,,,,,,,,
242,09:00 16/11/2019,25.6603,74.8852,62.4756,192.8662,150.9696,1.1847,24.4756,870.3599,134.4957,,,,,,,,,
243,10:00 16/11/2019,24.2606,100.8531,93.9238,171.7021,127.146,1.4425,22.8181,772.5,110.8356,,,,,,,,,
244,11:00 16/11/2019,19.1091,112.8413,112.086,189.1127,147.4792,0.7772,18.3319,717.2917,129.7936,,,,,,,,,
245,12:00 16/11/2019,3.4451,-7762.1327,-7747.4014,229.4476,174.8781,-7776.8195,-7773.7353,-7603.3029,153.3511,,,,,,,,,
246,13:00 16/11/2019,10.0634,-878.2732,-779.3844,152.2206,104.4267,-908.8979,-899.0388,-484.2986,84.7722,,,,,,,,,
247,14:00 16/11/2019,11.0541,40.2164,136.8659,161.6518,112.5004,0.1866,10.8675,499.0013,94.503,,,,,,,,,
248,15:00 16/11/2019,10.6233,50.6671,144.471,132.2865,97.1346,0.1582,10.4651,404.6212,86.797,,,,,,,,,
249,16:00 16/11/2019,8.9033,52.4078,148.2586,87.7791,55.5385,0.123,8.7802,314.7166,46.9598,,,,,,,,,
250,17:00 16/11/2019,3.3482,-6639.1512,-6618.7312,114.2115,69.7581,-6665.9986,-6662.6532,-6549.5346,54.1587,,,,,,,,,
251,18:00 16/11/2019,0.0,-9999.0,-9999.0,138.4331,85.7604,-9999.0,-9999.0,-9999.0,68.0321,,,,,,,,,
252,19:00 16/11/2019,0.0,-9999.0,-9999.0,94.3023,53.0123,-9999.0,-9999.0,-9999.0,40.5292,,,,,,,,,
253,20:00 16/11/2019,0.0,-9999.0,-9999.0,98.8177,63.7623,-9999.0,-9999.0,-9999.0,52.0998,,,,,,,,,
254,21:00 16/11/2019,16.4976,-879.9311,-833.3989,92.4837,57.9005,-908.9496,-892.5528,-207.428,47.0649,,,,,,,,,
255,22:00 16/11/2019,15.413,31.6388,84.9807,90.3592,60.1855,0.0268,15.3862,662.2917,49.5793,,,,,,,,,
256,23:00 16/11/2019,0.0,-9999.0,-9999.0,92.0429,65.6136,-9999.0,-9999.0,-9999.0,55.7281,,,,,,,,,
257,00:00 17/11/2019,0.0,-9999.0,-9999.0,98.1704,71.0518,-9999.0,-9999.0,-9999.0,60.3614,,,,,,,,,
258,01:00 17/11/2019,2.6512,-8169.1883,-8170.831,94.6574,68.8906,-8180.973,-8178.3759,-8022.8213,57.5649,,,,,,,,,
259,02:00 17/11/2019,14.0904,67.5212,54.3061,100.8105,74.9924,0.1655,13.9249,782.353,62.6476,,,,,,,,,
260,03:00 17/11/2019,0.0,-9999.0,-9999.0,131.8809,106.3776,-9999.0,-9999.0,-9999.0,89.2368,,,,,,,,,
261,04:00 17/11/2019,0.0,-9999.0,-9999.0,84.8602,64.4036,-9999.0,-9999.0,-9999.0,53.1284,,,,,,,,,
262,05:00 17/11/2019,0.0,-9999.0,-9999.0,71.435,52.394,-9999.0,-9999.0,-9999.0,42.4136,,,,,,,,,
263,06:00 17/11/2019,8.6471,-1643.5584,-1614.662,113.176,84.6582,-1666.4224,-1657.9305,-1203.9305,66.4644,,,,,,,,,
264,07:00 17/11/2019,17.3923,33.0439,53.019,289.6465,253.0378,0.3929,16.9994,1223.0902,234.7212,,,,,,,,,
265,08:00 17/11/2019,5.8697,-6652.4788,-6651.1937,358.4932,304.8326,-6665.7401,-6660.3903,-6304.7756,273.4361,,,,,,,,,
266,09:00 17/11/2019,25.4414,79.6577,30.1356,389.1796,321.1035,2.4243,23.0171,1210.3993,292.4093,,,,,,,,,
267,10:00 17/11/2019,5.5244,-7475.007,-7491.9103,312.4552,242.4379,-7498.7925,-7494.1831,-7282.6856,208.9953,,,,,,,,,
268,11:00 17/11/2019,0.0,-9999.0,-9999.0,113.7337,70.7974,-9999.0,-9999.0,-9999.0,54.0664,,,,,,,,,
269,12:00 17/11/2019,16.4437,-2453.4126,-2456.2056,77.5064,43.205,-2496.7129,-2486.3434,-2220.081,32.0297,,,,,,,,,
270,13:00 17/11/2019,0.0,-9999.0,-9999.0,82.7748,51.2184,-9999.0,-9999.0,-9999.0,39.3337,,,,,,,,,
271,14:00 17/11/2019,0.0,-9999.0,-9999.0,90.4139,64.4068,-9999.0,-9999.0,-9999.0,52.8043,,,,,,,,,
272,15:00 17/11/2019,0.0,-9999.0,-9999.0,131.3006,101.2814,-9999.0,-9999.0,-9999.0,88.303,,,,,,,,,
273,16:00 17/11/2019,0.0,-9999.0,-9999.0,132.0791,101.492,-9999.0,-9999.0,-9999.0,89.2278,,,,,,,,,
274,17:00 17/11/2019,1.3636,-9155.2633,-9156.7708,197.1791,152.6684,-9165.7249,-9164.4115,-9120.6458,135.0453,,,,,,,,,
275,18:00 17/11/2019,0.0,-9999.0,-9999.0,131.4461,86.7822,-9999.0,-9999.0,-9999.0,72.044,,,,,,,,,
276,19:00 17/11/2019,0.0,-9999.0,-9999.0,156.3193,103.3902,-9999.0,-9999.0,-9999.0,86.4894,,,,,,,,,
277,20:00 17/11/2019,3.9481,-7490.4189,-7486.5253,150.1793,108.7261,-7499.1689,-7495.383,-7351.2031,91.0117,,,,,,,,,
278,21:00 17/11/2019,13.2758,23.8317,61.3142,82.701,52.4253,0.0529,13.2229,555.9549,40.5762,,,,,,,,,
279,22:00 17/11/2019,11.0717,24.0455,58.3592,68.385,45.5797,0.1016,10.9701,423.9583,35.2972,,,,,,,,,
280,23:00 17/11/2019,0.0,-9999.0,-9999.0,54.8531,37.3629,-9999.0,-9999.0,-9999.0,28.1449,,,,,,,,,
281,00:00 18/11/2019,0.0,-9999.0,-9999.0,56.7548,39.6972,-9999.0,-9999.0,-9999.0,30.0623,,,,,,,,,
282,01:00 18/11/2019,0.0,-9999.0,-9999.0,67.2349,51.5761,-9999.0,-9999.0,-9999.0,41.6793,,,,,,,,,
283,02:00 18/11/2019,0.0,-9999.0,-9999.0,50.4061,35.2619,-9999.0,-9999.0,-9999.0,25.9215,,,,,,,,,
284,03:00 18/11/2019,0.0,-9999.0,-9999.0,41.807,28.1337,-9999.0,-9999.0,-9999.0,20.2524,,,,,,,,,
285,04:00 18/11/2019,1.1349,-9162.032,-9163.5981,61.5903,45.1896,-9165.7277,-9164.6374,-9123.0417,35.5622,,,,,,,,,
286,05:00 18/11/2019,0.0,-9999.0,-9999.0,55.9742,37.3848,-9999.0,-9999.0,-9999.0,27.771,,,,,,,,,
287,06:00 18/11/2019,0.0,-9999.0,-9999.0,55.8782,36.3409,-9999.0,-9999.0,-9999.0,27.9917,,,,,,,,,
288,07:00 18/11/2019,0.0,-9999.0,-9999.0,149.3445,116.6153,-9999.0,-9999.0,-9999.0,100.6679,,,,,,,,,
289,08:00 18/11/2019,0.0,-9999.0,-9999.0,79.6626,52.2669,-9999.0,-9999.0,-9999.0,40.6429,,,,,,,,,
290,09:00 18/11/2019,0.0,-9999.0,-9999.0,123.5953,72.6534,-9999.0,-9999.0,-9999.0,53.9785,,,,,,,,,
291,10:00 18/11/2019,0.0,-9999.0,-9999.0,75.6178,41.9535,-9999.0,-9999.0,-9999.0,30.5556,,,,,,,,,
292,11:00 18/11/2019,0.0,-9999.0,-9999.0,56.0316,30.9306,-9999.0,-9999.0,-9999.0,21.8214,,,,,,,,,
293,12:00 18/11/2019,0.0,-9999.0,-9999.0,51.799,31.0131,-9999.0,-9999.0,-9999.0,23.0664,,,,,,,,,
294,13:00 18/11/2019,0.0,-9999.0,-9999.0,50.9369,32.5641,-9999.0,-9999.0,-9999.0,25.2176,,,,,,,,,
295,14:00 18/11/2019,0.0,-9999.0,-9999.0,47.1626,32.2865,-9999.0,-9999.0,-9999.0,25.8028,,,,,,,,,
296,15:00 18/11/2019,0.0,-9999.0,-9999.0,38.1249,25.6444,-9999.0,-9999.0,-9999.0,20.4555,,,,,,,,,
297,16:00 18/11/2019,0.0,-9999.0,-9999.0,44.3098,28.5791,-9999.0,-9999.0,-9999.0,22.5555,,,,,,,,,
298,17:00 18/11/2019,0.0,-9999.0,-9999.0,54.7254,37.5937,-9999.0,-9999.0,-9999.0,29.6905,,,,,,,,,
299,18:00 18/11/2019,1.9176,-7498.8925,-7430.2722,94.4855,65.2614,-7472.2741,-7497.9406,6538.25,50.3238,,,,,,,,,
300,05:00 19/11/2019,6.0379,27.0008,60.3862,12.5014,8.5535,0.0,6.0379,405.4167,7.6761,,,,,,,,,
301,06:00 19/11/2019,6.8113,29.7976,59.9707,22.6435,17.6645,0.0,6.8113,412.8472,14.8743,,,,,,,,,
302,07:00 19/11/2019,6.4504,31.8604,59.7067,24.3562,19.4634,0.0,6.4504,417.7604,15.9036,,,,,,,,,
303,08:00 19/11/2019,7.2329,36.0145,59.7064,12.2276,9.0314,0.0171,7.2158,363.9757,8.2157,,,,,,,,,
304,09:00 19/11/2019,16.7174,41.3274,52.2502,24.5615,17.2426,0.0875,16.6299,503.7311,15.0387,,,,,,,,,
305,10:00 19/11/2019,16.5971,44.7573,56.1369,23.2722,15.2827,0.5541,16.043,407.8788,13.3711,,,,,,,,,
306,11:00 19/11/2019,10.3494,42.4029,64.2579,23.4362,16.4525,0.0144,10.335,387.7381,14.3517,,,,,,,,,
307,12:00 19/11/2019,10.7408,40.5171,70.0285,21.5407,13.7812,0.0329,10.7079,350.6597,11.9328,,,,,,,,,
308,13:00 19/11/2019,10.1562,38.5552,76.419,21.0638,13.6658,0.0912,10.0651,314.5455,11.9039,,,,,,,,,
309,14:00 19/11/2019,11.1109,44.4396,83.1205,25.7076,16.0156,0.5228,10.5881,330.1136,13.754,,,,,,,,,
310,15:00 19/11/2019,9.4039,47.3759,88.4773,29.2795,23.066,0.0,9.4039,326.4583,20.2047,,,,,,,,,
311,16:00 19/11/2019,8.8632,48.5624,91.5787,28.4231,18.3554,0.0452,8.8179,327.5174,15.887,,,,,,,,,
312,17:00 19/11/2019,9.8869,47.817,90.4336,30.9952,19.4969,0.0187,9.8682,334.7727,16.7071,,,,,,,,,
313,18:00 19/11/2019,12.4948,42.1961,81.1926,34.8763,20.2317,0.0125,12.4823,358.5069,16.9311,,,,,,,,,
314,19:00 19/11/2019,21.2824,38.2777,49.2956,70.5018,45.6678,0.0,21.2824,460.2679,37.5191,,,,,,,,,
315,21:00 19/11/2019,74.933,27.2955,4.1939,110.4295,79.2802,22.7428,52.1902,661.5972,69.0006,,,,,,,,,
316,22:00 19/11/2019,80.1738,32.9627,6.157,155.1761,123.1106,29.2049,50.9689,813.6806,105.1772,,,,,,,,,
317,23:00 19/11/2019,48.3235,36.9684,8.3577,196.4629,169.9037,4.1536,44.1699,902.1667,154.3149,,,,,,,,,
318,02:00 20/11/2019,20.7532,40.1332,15.0578,383.9193,342.5664,0.0032,20.75,644.6065,277.5533,,,,,,,,,
319,03:00 20/11/2019,17.038,36.9623,11.5427,149.8768,132.3984,0.0084,17.0297,639.4965,114.5914,,,,,,,,,
320,04:00 20/11/2019,13.6344,33.7071,16.3484,73.9566,63.5866,0.0052,13.6291,712.6042,57.6177,,,,,,,,,
321,05:00 20/11/2019,13.6844,35.1526,19.5025,76.5256,66.2127,0.0002,13.6842,866.3368,60.3653,,,,,,,,,
322,06:00 20/11/2019,25.4585,48.5092,11.6377,66.5139,53.7173,1.7779,23.6806,921.7187,46.0959,,,,,,,,,
323,07:00 20/11/2019,28.1069,61.7756,9.7126,94.3903,72.8137,1.9951,26.1118,760.0694,59.4378,,,,,,,,,
324,08:00 20/11/2019,23.1664,65.4042,17.7101,83.1827,64.5503,0.1465,23.0199,552.1528,54.977,,,,,,,,,
325,09:00 20/11/2019,65.5039,71.2887,5.943,66.2438,42.9875,25.4401,40.0638,543.9931,35.6197,,,,,,,,,
326,10:00 20/11/2019,74.7438,86.6632,17.5424,77.2726,48.5689,36.7741,37.9697,761.5341,40.0861,,,,,,,,,
327,11:00 20/11/2019,15.2612,71.1533,53.249,67.4552,46.358,0.3843,14.8769,504.9242,39.1174,,,,,,,,,
328,12:00 20/11/2019,11.079,58.6436,70.9991,52.391,35.6526,0.1586,10.9204,379.881,30.3863,,,,,,,,,
329,13:00 20/11/2019,9.1808,39.8442,97.8541,48.1597,32.0873,0.0043,9.1765,328.3333,26.9237,,,,,,,,,
330,14:00 20/11/2019,9.6258,38.6406,120.5342,55.904,35.1947,0.0,9.6258,334.0625,28.8777,,,,,,,,,
331,15:00 20/11/2019,10.0141,36.208,143.414,55.9891,35.9497,0.0,10.0141,334.5312,29.3163,,,,,,,,,
332,16:00 20/11/2019,14.7893,34.5178,152.0003,62.1641,36.7218,0.2979,14.4914,338.3854,29.5549,,,,,,,,,
333,02:00 21/11/2019,62.0149,37.5864,5.6578,109.2585,83.7139,21.7417,40.2732,812.9861,72.2548,,,,,,,,,
334,03:00 21/11/2019,29.4966,40.558,15.6118,118.17,85.6535,0.1712,29.3254,723.6111,70.2182,,,,,,,,,
335,04:00 21/11/2019,25.3848,36.0749,12.0553,108.3459,83.2481,0.3648,25.02,644.7049,68.9648,,,,,,,,,
336,05:00 21/11/2019,22.267,40.1917,13.6435,169.0348,137.5714,0.0355,22.2314,806.4584,109.3345,,,,,,,,,
337,06:00 21/11/2019,18.5724,43.6293,17.8551,85.8441,68.88,0.0,18.5724,546.8229,58.3872,,,,,,,,,
338,07:00 21/11/2019,23.2568,54.4044,11.8678,150.379,121.9245,0.0143,23.2424,875.3473,99.1516,,,,,,,,,
339,08:00 21/11/2019,25.614,57.654,8.5675,138.5296,112.6106,0.456,25.1581,1177.0312,93.3636,,,,,,,,,
340,09:00 21/11/2019,30.0866,60.2912,12.5395,102.9414,75.3087,4.714,25.3726,980.1736,63.4124,,,,,,,,,
341,10:00 21/11/2019,21.5026,61.6889,26.6667,86.7943,59.9049,1.195,20.3075,680.1136,50.3339,,,,,,,,,
342,11:00 21/11/2019,30.0993,62.373,34.1425,119.7208,73.8154,4.6772,25.4221,652.7865,59.2924,,,,,,,,,
343,12:00 21/11/2019,16.6665,54.6624,69.1585,155.1391,114.5032,0.4109,16.2555,569.072,99.5691,,,,,,,,,
344,13:00 21/11/2019,13.6624,42.2549,83.3734,107.1282,75.3098,0.0216,13.6408,488.75,63.571,,,,,,,,,
345,14:00 21/11/2019,9.737,42.0905,107.6872,75.8407,52.1496,0.0007,9.7362,399.0972,43.6426,,,,,,,,,
346,15:00 21/11/2019,10.4225,41.7427,123.9572,76.0989,55.2451,0.0087,10.4138,402.6667,47.4302,,,,,,,,,
347,16:00 21/11/2019,20.0388,38.9883,127.7092,79.1972,51.3038,1.2245,18.8143,407.9735,42.8174,,,,,,,,,
348,17:00 21/11/2019,12.9197,42.1135,141.2257,74.4604,50.2125,0.0514,12.8683,419.0152,42.1926,,,,,,,,,
349,18:00 21/11/2019,18.0204,42.3752,125.0681,88.029,62.2962,0.0,18.0204,506.0606,52.7178,,,,,,,,,
350,19:00 21/11/2019,65.6851,35.8752,52.7909,261.7679,196.0513,4.7355,60.9497,1000.7955,162.2425,,,,,,,,,
351,20:00 21/11/2019,100.4666,29.0021,12.982,284.418,200.3197,14.6119,85.8547,1081.6478,166.4126,,,,,,,,,
352,21:00 21/11/2019,63.5803,36.2492,23.2655,160.3194,108.5749,0.7768,62.8035,721.4962,91.0645,,,,,,,,,
353,22:00 21/11/2019,51.8482,38.2118,21.9118,121.2464,82.7312,1.1321,50.7161,700.8144,71.2641,,,,,,,,,
354,23:00 21/11/2019,57.2124,34.4972,11.167,120.6622,87.2298,5.6087,51.6036,698.9583,75.0504,,,,,,,,,
355,00:00 22/11/2019,40.8195,56.9283,17.521,125.5404,94.9212,0.3539,40.4657,777.0644,83.1751,,,,,,,,,
356,01:00 22/11/2019,40.1117,51.4432,12.0648,131.2422,99.9667,1.2099,38.9018,883.7879,86.9015,,,,,,,,,
357,02:00 22/11/2019,45.8614,60.0314,8.0723,151.5697,113.6328,4.1733,41.6881,995.2083,94.5295,,,,,,,,,
358,03:00 22/11/2019,41.2868,62.4439,10.1689,205.7267,149.8905,3.1677,38.1191,1137.7652,112.1871,,,,,,,,,
359,04:00 22/11/2019,22.5046,56.5199,17.9028,130.2355,101.0083,0.0363,22.4683,794.1667,82.6831,,,,,,,,,
360,05:00 22/11/2019,25.8894,51.4315,22.3112,254.8065,198.5567,0.0311,25.8583,916.9508,149.7728,,,,,,,,,
361,06:00 22/11/2019,37.8676,55.2314,11.0897,234.3334,186.9173,4.0074,33.8602,1277.784,145.8705,,,,,,,,,
362,07:00 22/11/2019,58.0477,55.1785,5.0477,174.574,142.8238,23.0874,34.9603,1211.856,117.1609,,,,,,,,,
363,08:00 22/11/2019,62.5511,51.9874,6.7401,220.0946,180.116,33.2531,29.298,1423.3793,144.3655,,,,,,,,,
364,09:00 22/11/2019,38.635,56.4807,12.7495,192.9107,152.0656,10.2985,28.3365,1108.0301,124.4857,,,,,,,,,
365,10:00 22/11/2019,26.3359,66.4707,43.3311,124.7754,76.6381,2.2027,24.1333,666.5909,61.7506,,,,,,,,,
366,11:00 22/11/2019,27.5854,86.1246,72.7961,124.5215,82.0605,2.2559,25.3296,683.5227,69.5105,,,,,,,,,
367,12:00 22/11/2019,32.6926,101.1422,132.6078,183.5675,119.69,0.8525,31.8401,832.9924,100.367,,,,,,,,,
368,13:00 22/11/2019,33.8088,74.9636,181.6387,194.8718,139.2095,0.1829,33.6258,855.7007,121.1822,,,,,,,,,
369,14:00 22/11/2019,17.9543,65.0286,207.0486,156.2125,120.6655,0.0014,17.9529,567.197,104.6364,,,,,,,,,
370,15:00 22/11/2019,17.9404,64.8379,226.7122,135.397,96.094,0.0,17.9404,589.9053,83.5446,,,,,,,,,
371,16:00 22/11/2019,21.0639,86.3963,199.8231,248.2859,195.1619,0.0004,21.0635,732.5,171.9193,,,,,,,,,
372,17:00 22/11/2019,21.477,101.816,178.3583,282.7031,201.5089,0.0002,21.4767,703.8636,169.3824,,,,,,,,,
373,18:00 22/11/2019,25.3671,103.7825,165.5601,277.1128,205.205,0.0061,25.361,833.5607,177.6927,,,,,,,,,
374,19:00 22/11/2019,39.8078,74.9207,130.2967,276.6655,202.2769,0.0022,39.8056,1115.2272,175.3278,,,,,,,,,
375,20:00 22/11/2019,28.6567,43.0655,127.4575,191.7191,132.4118,0.0,28.6567,888.9394,113.7803,,,,,,,,,
376,21:00 22/11/2019,26.6251,31.8725,123.1702,167.0946,120.7693,0.0,26.6251,1130.2841,104.5406,,,,,,,,,
377,22:00 22/11/2019,20.9975,30.8351,129.0028,131.2677,96.3656,0.0,20.9975,1179.7348,82.738,,,,,,,,,
378,23:00 22/11/2019,24.0292,31.5415,105.3447,240.6481,202.0892,0.0002,24.029,1293.2954,183.754,,,,,,,,,
379,00:00 23/11/2019,25.1984,29.0117,91.696,167.9606,129.6972,0.0002,25.1982,1324.6213,113.2694,,,,,,,,,
380,01:00 23/11/2019,22.4364,43.3602,68.7426,178.3335,144.5872,0.0002,22.4362,1311.7992,126.478,,,,,,,,,
381,02:00 23/11/2019,26.2916,38.0874,59.2565,159.7767,117.9298,0.0028,26.2887,988.2765,101.8051,,,,,,,,,
382,03:00 23/11/2019,31.8856,40.5132,43.4425,199.8421,142.585,0.0181,31.8675,1219.1666,123.9675,,,,,,,,,
383,04:00 23/11/2019,45.0648,41.0414,29.1016,193.0779,151.2318,0.0589,45.0059,1506.4205,133.6019,,,,,,,,,
384,05:00 23/11/2019,40.796,37.1965,31.0069,203.4996,150.96,0.0108,40.7853,992.3674,129.0627,,,,,,,,,
385,06:00 23/11/2019,48.0183,50.3053,36.6917,222.6693,177.6361,0.3042,47.714,1532.1066,151.9937,,,,,,,,,
386,07:00 23/11/2019,43.8413,59.7009,29.6785,257.5399,200.2283,0.0597,43.7816,1369.9652,167.0699,,,,,,,,,
387,08:00 23/11/2019,58.6756,73.1898,16.432,251.8645,199.9693,6.6589,52.0167,1458.1944,178.8059,,,,,,,,,
388,09:00 23/11/2019,73.0305,70.694,13.6941,235.5638,167.5642,16.2739,56.7566,1109.7048,143.2607,,,,,,,,,
389,10:00 23/11/2019,73.6345,104.7157,36.8742,219.1853,161.7928,10.8229,62.8116,1045.7638,139.2655,,,,,,,,,
390,11:00 23/11/2019,61.6642,97.7906,78.129,205.8629,156.5473,4.0963,57.5679,1016.9966,136.0539,,,,,,,,,
391,12:00 23/11/2019,31.5096,84.2234,141.63,282.648,216.6351,0.464,31.0456,812.257,185.2454,,,,,,,,,
392,13:00 23/11/2019,17.7567,58.9978,175.0001,221.6977,164.1126,0.0087,17.748,645.7986,137.7563,,,,,,,,,
393,14:00 23/11/2019,15.9774,54.1116,182.0904,198.116,158.0634,0.0061,15.9713,628.4201,139.2913,,,,,,,,,
394,15:00 23/11/2019,16.524,56.742,184.098,194.1365,146.9167,0.0013,16.5227,570.7812,123.0922,,,,,,,,,
395,16:00 23/11/2019,25.1303,67.0849,158.8511,227.3244,172.0371,0.0195,25.1107,657.5347,148.4658,,,,,,,,,
396,17:00 23/11/2019,28.2239,75.4138,154.5014,346.2685,280.9395,0.1184,28.1056,725.0694,239.644,,,,,,,,,
397,18:00 23/11/2019,24.4212,65.1246,151.0514,217.6401,169.8435,0.0117,24.4095,794.4444,148.4482,,,,,,,,,
398,19:00 23/11/2019,23.3569,50.9378,139.6605,213.2925,145.4067,0.0026,23.3543,721.9271,112.5857,,,,,,,,,
399,20:00 23/11/2019,25.5438,31.7925,123.321,161.0686,118.7232,0.0,25.5438,789.9132,102.071,,,,,,,,,
400,21:00 23/11/2019,19.689,18.0696,134.2616,123.6001,91.6899,0.0,19.689,640.1389,79.2021,,,,,,,,,
401,22:00 23/11/2019,20.3644,20.9046,127.1561,124.3658,95.6441,0.0007,20.3637,641.4757,83.1565,,,,,,,,,
402,23:00 23/11/2019,18.5285,23.858,128.1401,106.9028,83.5591,0.0,18.5285,637.7431,73.2627,,,,,,,,,
403,00:00 24/11/2019,21.8363,29.0516,106.9226,121.6858,94.1115,0.0022,21.834,748.8021,81.9721,,,,,,,,,
404,01:00 24/11/2019,20.7312,33.2658,94.6358,138.2074,110.5444,0.0004,20.7309,802.1701,96.0808,,,,,,,,,
405,02:00 24/11/2019,17.2736,33.4608,99.6028,122.606,97.0372,0.0,17.2736,728.5417,83.9445,,,,,,,,,
406,03:00 24/11/2019,15.3175,34.1182,85.2152,113.4186,87.85,0.0004,15.3171,730.7465,76.5478,,,,,,,,,
407,04:00 24/11/2019,16.7458,28.1162,67.2414,132.8685,105.3253,0.0,16.7458,684.5139,91.2213,,,,,,,,,
408,05:00 24/11/2019,17.2671,23.0067,67.2384,103.5998,78.632,0.0009,17.2662,675.5903,68.4607,,,,,,,,,
409,06:00 24/11/2019,32.6361,28.8363,45.414,129.0684,96.4295,0.0785,32.5576,1066.7362,82.7911,,,,,,,,,
410,07:00 24/11/2019,41.008,38.7514,33.3391,196.349,152.4588,0.3733,40.6347,1161.7359,130.9271,,,,,,,,,
411,08:00 24/11/2019,42.0181,50.2701,29.6228,389.7834,288.799,1.0476,40.9705,1293.7673,210.3764,,,,,,,,,
412,09:00 24/11/2019,42.0755,57.8828,31.5375,463.7284,339.3908,2.6906,39.3849,1075.955,249.9518,,,,,,,,,
413,10:00 24/11/2019,44.1015,60.3702,44.6235,250.3486,179.0386,5.092,39.0095,695.3472,136.5716,,,,,,,,,
414,11:00 24/11/2019,40.0519,86.6739,59.1661,195.0152,144.8169,4.1782,35.8737,619.7222,122.7119,,,,,,,,,
415,12:00 24/11/2019,25.4541,74.1113,92.6684,144.2286,110.567,1.3675,24.0866,420.0,96.2521,,,,,,,,,
416,13:00 24/11/2019,21.6738,42.7189,115.427,127.3547,95.9942,0.3441,21.3296,381.6667,83.3378,,,,,,,,,
417,14:00 24/11/2019,15.6391,50.0421,126.8409,130.2829,99.8569,0.0789,15.5602,324.2708,88.8581,,,,,,,,,
418,15:00 24/11/2019,14.7739,52.7714,133.7872,172.2579,133.3659,0.0413,14.7326,374.184,112.8814,,,,,,,,,
419,16:00 24/11/2019,21.3122,59.807,132.9205,168.3366,119.3667,0.4418,20.8704,340.7465,100.5392,,,,,,,,,
420,17:00 24/11/2019,19.1895,59.9953,131.2873,160.6458,111.0788,0.0878,19.1016,323.2292,93.4159,,,,,,,,,
421,18:00 24/11/2019,22.0051,65.6005,110.2612,157.119,108.7666,0.1292,21.876,462.934,92.3439,,,,,,,,,
422,19:00 24/11/2019,21.7592,58.2221,94.3914,155.056,118.2533,0.0002,21.759,596.4931,100.3099,,,,,,,,,
423,20:00 24/11/2019,18.9424,36.6731,80.9161,138.2134,106.2946,0.0,18.9424,576.0069,90.2353,,,,,,,,,
424,21:00 24/11/2019,20.7174,26.8486,74.2344,105.329,74.5123,0.0,20.7174,549.4444,60.7339,,,,,,,,,
425,22:00 24/11/2019,18.6241,27.8556,66.333,94.6599,66.2232,0.0009,18.6232,527.7778,54.6592,,,,,,,,,
426,23:00 24/11/2019,15.4135,29.7639,65.5475,84.6089,65.1057,0.0006,15.413,425.2257,53.4083,,,,,,,,,
427,00:00 25/11/2019,16.9182,37.0588,49.5476,51.9659,35.7206,0.0035,16.9147,500.2257,28.3662,,,,,,,,,
428,01:00 25/11/2019,18.6905,45.1248,39.7032,61.9826,46.9619,0.006,18.6846,605.6424,38.1638,,,,,,,,,
429,02:00 25/11/2019,25.5717,48.5417,25.666,93.6672,66.6237,0.0761,25.4956,535.6944,54.7041,,,,,,,,,
430,03:00 25/11/2019,51.2402,51.702,7.952,92.5662,66.2806,5.816,45.4242,498.941,54.7639,,,,,,,,,
431,04:00 25/11/2019,67.7671,46.2776,7.4344,95.8714,62.3024,15.0244,52.7427,498.1076,48.9096,,,,,,,,,
432,05:00 25/11/2019,67.1183,37.6185,11.6133,91.4853,61.1281,24.4775,42.6408,478.9063,47.1933,,,,,,,,,
433,06:00 25/11/2019,47.54,41.4895,14.142,92.5136,68.4753,6.1984,41.3416,462.6736,55.3471,,,,,,,,,
434,07:00 25/11/2019,46.9333,45.2087,11.096,97.6059,75.9433,10.0917,36.8416,445.4687,63.5346,,,,,,,,,
435,08:00 25/11/2019,54.1096,48.0512,12.1761,93.0112,72.1713,17.3134,36.7963,521.5104,61.3639,,,,,,,,,
436,09:00 25/11/2019,49.6432,60.1835,16.1133,130.1292,88.4423,14.2371,35.4061,618.4028,72.0136,,,,,,,,,
437,10:00 25/11/2019,25.9901,78.56,45.3471,170.6021,93.8702,2.6981,23.292,489.6991,70.9404,,,,,,,,,
438,11:00 25/11/2019,28.7494,88.6474,72.7841,76.7527,46.7299,3.1139,25.6355,293.0303,38.6177,,,,,,,,,
439,12:00 25/11/2019,39.5581,82.3437,82.9776,81.7068,44.0649,4.2171,35.3409,341.7235,34.0185,,,,,,,,,
440,13:00 25/11/2019,43.2505,78.3926,118.6959,77.7234,37.4558,2.6644,40.5861,247.5,27.5512,,,,,,,,,
441,14:00 25/11/2019,39.9585,88.7397,157.1965,82.5937,48.3945,0.9098,39.0487,286.0038,39.2049,,,,,,,,,
442,15:00 25/11/2019,15.504,56.9617,211.7671,73.7675,48.2734,0.0,15.504,199.5644,40.5255,,,,,,,,,
443,16:00 25/11/2019,14.5607,43.3858,206.0368,82.3793,46.0522,0.0,14.5607,226.8182,38.586,,,,,,,,,
444,17:00 25/11/2019,16.4444,42.6851,203.2155,90.9198,56.4435,0.0,16.4444,265.4167,47.8463,,,,,,,,,
445,18:00 25/11/2019,26.2514,36.2765,176.7329,101.9271,63.6553,0.3766,25.8748,322.5758,54.319,,,,,,,,,
446,19:00 25/11/2019,43.4759,37.3141,105.2485,198.2309,110.7074,0.0,43.4759,653.9583,91.929,,,,,,,,,
447,20:00 25/11/2019,46.296,47.3775,68.5784,236.3413,142.9567,0.0,46.296,735.5903,119.5522,,,,,,,,,
448,21:00 25/11/2019,77.2688,30.2528,15.5871,164.6593,121.1225,6.1482,71.1206,541.4236,100.9729,,,,,,,,,
449,22:00 25/11/2019,60.6251,32.7669,16.3675,150.7413,110.5453,2.7768,57.8483,527.1528,92.0231,,,,,,,,,
450,23:00 25/11/2019,40.9316,36.4582,27.3855,139.5872,103.8593,0.2341,40.6974,584.4792,86.9748,,,,,,,,,
451,00:00 26/11/2019,33.4809,38.747,31.1275,146.0939,106.277,0.002,33.4789,728.4635,90.6302,,,,,,,,,
452,02:00 26/11/2019,10.0192,36.001,56.1424,48.3448,35.7713,0.0,10.0192,317.4826,31.7652,,,,,,,,,
453,03:00 26/11/2019,9.6786,35.2261,47.5234,41.2789,32.2073,0.0,9.6786,334.2361,28.8568,,,,,,,,,
454,04:00 26/11/2019,9.9014,30.0618,36.6096,36.1332,26.9058,0.0,9.9014,362.5347,23.6391,,,,,,,,,
455,05:00 26/11/2019,11.2656,25.9859,34.6151,33.2611,24.8977,0.0,11.2656,413.8542,21.8032,,,,,,,,,
456,06:00 26/11/2019,13.4474,31.5617,26.6598,41.3781,31.6332,0.0,13.4474,468.0556,27.6948,,,,,,,,,
457,07:00 26/11/2019,14.1127,37.5756,23.9516,108.048,89.8215,0.0,14.1127,626.9965,76.9656,,,,,,,,,
458,08:00 26/11/2019,17.1991,43.992,20.5761,156.9516,131.3053,0.0445,17.1546,763.4722,112.8253,,,,,,,,,
459,09:00 26/11/2019,22.0689,47.7776,23.086,126.1014,83.6996,1.566,20.503,613.8068,65.1427,,,,,,,,,
460,10:00 26/11/2019,17.311,56.1193,43.2928,114.3571,73.2507,0.5541,16.7569,606.8371,58.6672,,,,,,,,,
461,11:00 26/11/2019,9.9198,53.9305,69.5267,71.9519,53.3382,0.0014,9.9183,502.5568,46.8485,,,,,,,,,
462,12:00 26/11/2019,10.0975,41.3305,88.3637,73.6117,55.5937,0.0077,10.0898,494.6212,49.0202,,,,,,,,,
463,13:00 26/11/2019,10.4698,27.8235,108.6683,77.013,58.8278,0.0,10.4698,482.8788,52.206,,,,,,,,,
464,14:00 26/11/2019,10.307,33.4798,118.3134,79.8774,59.6304,0.0,10.307,525.8144,52.784,,,,,,,,,
465,15:00 26/11/2019,10.2607,35.8189,116.8877,86.3356,64.7395,0.0,10.2607,546.553,57.0888,,,,,,,,,
466,16:00 26/11/2019,12.9123,41.7491,127.0299,92.8405,69.5192,0.1498,12.7625,554.1288,61.3485,,,,,,,,,
467,17:00 26/11/2019,13.8265,47.7022,128.7362,93.9796,68.3857,0.0,13.8265,537.1023,59.9222,,,,,,,,,
468,18:00 26/11/2019,15.3508,49.5625,116.6454,110.2459,76.4753,0.0,15.3508,550.9849,66.339,,,,,,,,,
469,19:00 26/11/2019,20.2322,51.3868,94.5141,136.6827,86.4408,0.0065,20.2257,656.7614,73.4296,,,,,,,,,
470,20:00 26/11/2019,30.2343,42.9061,62.412,257.652,173.5913,0.1301,30.1042,1057.197,143.1231,,,,,,,,,
471,21:00 26/11/2019,35.5252,44.7243,48.3156,339.774,269.1878,0.0,35.5252,1458.5037,237.3298,,,,,,,,,
472,22:00 26/11/2019,46.7749,46.4962,28.5899,330.2214,255.2545,0.0069,46.768,1880.5682,223.4926,,,,,,,,,
473,23:00 26/11/2019,48.3524,38.0974,20.5144,277.5835,209.7953,0.1425,48.2099,1949.034,182.5042,,,,,,,,,
474,00:00 27/11/2019,47.2438,37.1986,15.5666,235.5687,175.6201,0.4148,46.829,1253.8826,152.1216,,,,,,,,,
475,01:00 27/11/2019,78.2864,46.5942,7.8762,263.7297,191.2323,20.0492,58.2371,1221.0416,163.3129,,,,,,,,,
476,02:00 27/11/2019,79.3939,49.738,8.0583,275.0265,207.8737,25.2539,54.14,1209.735,176.4919,,,,,,,,,
477,03:00 27/11/2019,48.9259,48.8744,10.0861,212.908,167.9034,7.8581,41.0679,911.4583,145.6598,,,,,,,,,
478,04:00 27/11/2019,28.0843,40.1531,18.3165,164.1444,129.8106,0.0124,28.072,735.0,112.3175,,,,,,,,,
479,05:00 27/11/2019,23.3904,30.8754,39.1364,122.8045,98.5897,0.0,23.3904,528.5985,86.2686,,,,,,,,,
480,06:00 27/11/2019,23.1846,35.2676,36.0217,125.1709,102.5692,0.0018,23.1828,562.2917,90.0045,,,,,,,,,
481,07:00 27/11/2019,33.4941,39.6262,22.6992,151.7749,111.8727,0.0317,33.4625,663.4848,94.981,,,,,,,,,
482,08:00 27/11/2019,36.4333,48.4878,22.2625,130.6473,103.3463,0.4258,36.0076,742.5189,92.0027,,,,,,,,,
483,09:00 27/11/2019,42.1583,56.3502,25.7611,133.639,102.224,3.4998,38.6585,778.8258,89.6511,,,,,,,,,
484,10:00 27/11/2019,27.2252,63.7186,49.5887,157.4056,117.267,0.8194,26.4057,973.0303,100.0773,,,,,,,,,
485,11:00 27/11/2019,25.4281,68.4459,67.5133,172.0065,129.1558,0.6842,24.7439,1101.4015,109.376,,,,,,,,,
486,12:00 27/11/2019,16.6005,50.2485,96.1366,119.1288,89.226,0.1925,16.408,800.7576,76.3773,,,,,,,,,
487,13:00 27/11/2019,12.3432,27.6584,116.359,89.1158,68.5878,0.0008,12.3424,522.3485,59.1647,,,,,,,,,
488,14:00 27/11/2019,10.4079,25.0445,123.1702,76.048,58.9098,0.0016,10.4063,364.375,50.8698,,,,,,,,,
489,15:00 27/11/2019,12.4639,29.9815,118.5654,49.9014,38.3579,0.0372,12.4267,221.9886,32.4521,,,,,,,,,
490,16:00 27/11/2019,10.2699,31.5727,119.2885,38.6196,29.436,0.003,10.2669,190.5871,24.7803,,,,,,,,,
491,17:00 27/11/2019,10.3171,27.2844,119.0281,44.317,31.4908,0.0097,10.3073,216.0606,26.6544,,,,,,,,,
492,18:00 27/11/2019,10.6399,23.741,105.6434,42.4651,28.0264,0.0049,10.6351,203.3144,23.3563,,,,,,,,,
493,19:00 27/11/2019,25.3086,23.0503,64.2819,79.134,43.3208,0.0108,25.2978,493.8258,34.5353,,,,,,,,,
494,20:00 27/11/2019,44.5315,15.9627,38.5633,178.8707,107.1719,3.2168,41.3147,861.7046,86.1425,,,,,,,,,
495,21:00 27/11/2019,48.8972,11.1488,28.7162,178.7055,118.4331,0.6824,48.2148,980.284,97.0927,,,,,,,,,
496,22:00 27/11/2019,19.9051,19.0433,75.0524,145.6574,116.7243,0.0,19.9051,592.9924,104.1432,,,,,,,,,
497,23:00 27/11/2019,12.9393,23.3922,89.3124,80.2006,67.3339,0.0,12.9393,515.8144,60.5342,,,,,,,,,
498,00:00 28/11/2019,12.8285,24.5453,86.7477,81.369,69.6346,0.0,12.8285,516.9697,62.224,,,,,,,,,
499,01:00 28/11/2019,17.4297,28.0696,74.4202,108.1214,92.4799,0.0,17.4297,570.8144,82.2587,,,,,,,,,
500,02:00 28/11/2019,18.5181,27.7879,64.553,104.6063,87.5683,0.0,18.5181,573.447,77.3267,,,,,,,,,
501,03:00 28/11/2019,17.0529,27.8854,54.1452,87.7734,73.2227,0.0,17.0529,553.0493,65.5397,,,,,,,,,
502,04:00 28/11/2019,11.2385,23.0572,50.3696,70.4988,61.1654,0.0,11.2385,484.2992,54.0059,,,,,,,,,
503,05:00 28/11/2019,8.6862,19.1412,41.2329,41.3233,33.7747,0.0,8.6862,411.0417,29.2401,,,,,,,,,
504,06:00 28/11/2019,9.4605,24.3087,35.2222,47.5394,39.6531,0.0,9.4605,427.9545,34.1276,,,,,,,,,
505,07:00 28/11/2019,9.2101,29.1859,35.0605,40.4504,32.3898,0.0652,9.145,386.5151,28.0588,,,,,,,,,
506,08:00 28/11/2019,9.4271,35.8635,36.6735,69.1604,56.7267,0.0002,9.4269,429.9811,48.3478,,,,,,,,,
507,09:00 28/11/2019,10.0911,39.1707,37.1301,59.5978,45.1523,0.0093,10.0817,426.7045,38.2563,,,,,,,,,
508,10:00 28/11/2019,8.8805,39.9828,38.9828,68.4342,51.7308,0.0134,8.8671,418.0682,43.5766,,,,,,,,,
509,11:00 28/11/2019,7.791,39.7549,49.5189,54.8427,35.8824,0.0244,7.7666,377.2538,29.9836,,,,,,,,,
510,12:00 28/11/2019,8.1444,31.4908,58.4558,58.4968,41.0194,0.1647,7.9798,377.9545,34.3929,,,,,,,,,
511,13:00 28/11/2019,8.9929,23.3363,75.192,43.316,29.5346,0.0926,8.9004,351.2311,25.0858,,,,,,,,,
512,14:00 28/11/2019,9.2687,26.7302,78.2958,39.4967,26.6074,0.0313,9.2374,356.8182,22.6252,,,,,,,,,
513,15:00 28/11/2019,8.9651,27.9279,76.0379,38.311,21.1537,0.0128,8.9523,339.9242,17.4717,,,,,,,,,
514,16:00 28/11/2019,18.9878,30.937,69.3108,47.278,23.3839,1.6573,17.3305,360.928,18.8453,,,,,,,,,
515,17:00 28/11/2019,20.4823,32.594,68.2906,46.271,25.9087,1.0353,19.447,399.5076,21.5412,,,,,,,,,
516,18:00 28/11/2019,24.4707,30.761,59.5066,64.0347,37.7843,0.4729,23.9979,502.0076,31.8646,,,,,,,,,
517,19:00 28/11/2019,31.7757,34.6723,41.1975,145.5452,107.155,0.1074,31.6683,707.2348,91.0152,,,,,,,,,
518,20:00 28/11/2019,37.3915,22.6308,21.7148,154.7593,121.1359,0.2564,37.1351,662.9545,101.7857,,,,,,,,,
519,21:00 28/11/2019,28.9576,20.4828,26.868,174.0914,128.405,0.0018,28.9558,725.0,105.6453,,,,,,,,,
520,22:00 28/11/2019,26.4982,26.016,32.2888,149.008,99.0833,0.0,26.4982,600.928,81.1708,,,,,,,,,
521,23:00 28/11/2019,20.4992,31.6086,39.6069,112.1574,74.9934,0.0006,20.4986,482.519,63.684,,,,,,,,,
522,00:00 29/11/2019,15.3589,32.2812,44.4234,79.1178,50.975,0.0,15.3589,408.2576,41.0202,,,,,,,,,
523,01:00 29/11/2019,15.035,33.8303,41.0294,75.2814,44.9097,0.0,15.035,408.5606,34.6591,,,,,,,,,
524,02:00 29/11/2019,19.539,38.5593,34.4542,125.0994,80.7343,0.002,19.537,496.7045,64.7992,,,,,,,,,
525,03:00 29/11/2019,14.4116,32.7583,44.4851,98.7728,68.9212,0.0,14.4116,414.7917,57.5801,,,,,,,,,
526,04:00 29/11/2019,13.7263,29.016,45.528,67.1991,48.1673,0.0,13.7263,381.4205,40.0157,,,,,,,,,
527,05:00 29/11/2019,17.8433,26.4468,39.7121,84.587,58.9805,0.0,17.8433,407.6894,48.8025,,,,,,,,,
528,06:00 29/11/2019,14.3148,29.5096,43.2126,62.8361,46.4781,0.0,14.3148,348.5985,38.8994,,,,,,,,,
529,07:00 29/11/2019,20.0882,34.4838,36.757,119.2127,95.7437,0.1921,19.8961,498.0682,84.0852,,,,,,,,,
530,08:00 29/11/2019,15.1393,33.5942,36.8378,109.3622,86.289,0.0268,15.1125,440.1326,75.6676,,,,,,,,,
531,09:00 29/11/2019,15.5264,31.9592,43.548,99.9281,76.9529,0.0106,15.5158,452.4811,66.0359,,,,,,,,,
532,10:00 29/11/2019,13.8514,33.748,51.2109,65.5504,40.1443,0.2225,13.6289,404.9242,33.1021,,,,,,,,,
533,11:00 29/11/2019,16.9962,37.8599,59.8894,67.4896,46.21,1.3954,15.6008,446.3826,39.7394,,,,,,,,,
534,12:00 29/11/2019,13.8966,30.2952,76.2298,54.1633,33.9857,0.5998,13.2968,372.6704,28.8169,,,,,,,,,
535,13:00 29/11/2019,14.7688,28.1974,99.4894,63.1152,39.7289,0.2863,14.4826,372.6894,33.8316,,,,,,,,,
536,14:00 29/11/2019,15.6511,39.6426,120.0298,59.0484,38.7549,0.0398,15.6113,357.1402,33.1607,,,,,,,,,
537,15:00 29/11/2019,19.335,46.4538,138.7774,64.6508,42.5725,0.0345,19.3004,397.2727,36.502,,,,,,,,,
538,16:00 29/11/2019,21.3915,57.8119,156.1896,111.4706,78.3345,0.0,21.3915,471.3636,66.2192,,,,,,,,,
539,17:00 29/11/2019,21.814,56.7386,167.929,120.4679,83.9476,0.0067,21.8073,568.5833,71.0075,,,,,,,,,
540,18:00 29/11/2019,30.9233,59.5443,128.9066,150.9529,89.0721,0.0,30.9233,656.1742,69.2232,,,,,,,,,
541,19:00 29/11/2019,45.5043,93.977,95.171,247.0461,166.4476,0.0004,45.5039,1042.7084,139.0783,,,,,,,,,
542,20:00 29/11/2019,53.1743,78.9876,55.1326,207.9696,132.7106,0.0012,53.1731,1060.0757,111.5591,,,,,,,,,
543,21:00 29/11/2019,32.7909,35.9931,78.7251,143.0827,98.7383,0.0,32.7909,740.7576,85.097,,,,,,,,,
544,22:00 29/11/2019,28.869,30.8247,84.2108,116.3353,85.2551,0.0,28.869,720.4545,74.5216,,,,,,,,,
545,23:00 29/11/2019,31.3535,31.0743,85.4875,101.6707,75.8511,0.0004,31.3531,640.7386,66.0226,,,,,,,,,
546,00:00 30/11/2019,33.5648,31.0098,76.458,118.3404,88.8887,0.0,33.5648,755.625,76.9579,,,,,,,,,
547,01:00 30/11/2019,42.8756,28.9189,44.2698,147.8585,115.2597,0.8682,42.0074,720.7576,99.47,,,,,,,,,
548,02:00 30/11/2019,61.5114,27.2276,9.0194,129.2472,104.001,2.2855,59.2258,716.875,90.9254,,,,,,,,,
549,03:00 30/11/2019,56.7547,28.3188,9.3409,173.1766,140.3513,3.3202,53.4345,779.0151,121.1404,,,,,,,,,
550,04:00 30/11/2019,44.3876,27.2519,27.0495,246.8042,202.8424,0.0303,44.3574,874.053,173.3347,,,,,,,,,
551,05:00 30/11/2019,49.9173,23.4312,18.3425,157.6137,124.3939,1.0956,48.8217,753.7879,106.7765,,,,,,,,,
552,06:00 30/11/2019,32.1846,25.2785,25.6842,149.5366,116.7563,0.0041,32.1806,732.4811,102.1902,,,,,,,,,
553,07:00 30/11/2019,24.7398,28.4184,28.0405,164.2053,127.9915,0.0,24.7398,786.8182,112.0993,,,,,,,,,
554,08:00 30/11/2019,23.5782,31.4529,29.8279,130.8105,101.9032,0.0,23.5782,734.8438,89.043,,,,,,,,,
555,09:00 30/11/2019,41.1641,38.5695,17.9158,209.0378,153.7613,3.4373,37.7268,996.5278,129.1554,,,,,,,,,
556,10:00 30/11/2019,48.1289,44.4988,16.7434,262.6547,199.6302,7.0047,41.1242,1190.9202,165.3955,,,,,,,,,
557,11:00 30/11/2019,41.1404,51.1571,35.6598,255.3319,197.9518,4.0038,37.1366,1144.1494,167.8607,,,,,,,,,
558,12:00 30/11/2019,25.0988,39.4124,89.848,178.6731,137.5164,1.2222,23.8766,866.5278,119.3783,,,,,,,,,
559,13:00 30/11/2019,18.7224,30.7665,123.4823,107.7987,79.7832,0.0586,18.6637,523.1076,69.8375,,,,,,,,,
560,14:00 30/11/2019,21.2067,44.4237,136.1219,113.4253,79.2864,0.0958,21.1108,564.2014,67.4563,,,,,,,,,
561,15:00 30/11/2019,28.1997,64.0898,142.0669,217.5663,165.7104,0.0342,28.1655,748.559,133.6962,,,,,,,,,
562,16:00 30/11/2019,28.2189,62.5029,147.1342,171.4701,128.9843,0.0469,28.172,616.2674,110.1322,,,,,,,,,
563,17:00 30/11/2019,32.7869,76.6107,141.608,269.2181,192.4648,0.0145,32.7724,779.7396,156.3106,,,,,,,,,
564,18:00 30/11/2019,36.9832,83.6514,126.4373,249.094,194.4639,0.002,36.9811,876.7361,168.4688,,,,,,,,,
565,19:00 30/11/2019,58.7049,82.7636,58.9891,299.0937,230.7841,0.0216,58.6834,994.5312,194.7294,,,,,,,,,
566,20:00 30/11/2019,46.2354,51.6429,58.7093,216.4414,168.8757,0.0179,46.2176,953.6633,145.3042,,,,,,,,,
567,21:00 30/11/2019,43.4925,35.9975,59.7787,157.9226,116.6525,0.0119,43.4806,863.9062,97.9546,,,,,,,,,
568,22:00 30/11/2019,73.4115,49.5551,27.7742,157.7559,115.3268,0.1197,73.2919,764.7049,97.1867,,,,,,,,,
569,23:00 30/11/2019,101.7167,68.5907,11.7088,132.5161,92.439,3.2428,98.4739,660.6944,75.263,,,,,,,,,
570,00:00 01/12/2019,87.7813,65.9778,13.5134,140.0171,95.1827,0.9998,86.7815,736.1979,77.1474,,,,,,,,,
571,01:00 01/12/2019,83.9578,66.4823,12.1458,134.2223,93.3747,0.5349,83.4229,910.9374,76.6632,,,,,,,,,
572,02:00 01/12/2019,96.8327,67.8193,6.2784,128.8211,90.6571,4.1948,92.638,709.4965,73.6038,,,,,,,,,
573,03:00 01/12/2019,61.7145,57.8653,14.8093,120.7094,87.5363,4.3425,57.3719,648.4375,73.0864,,,,,,,,,
574,04:00 01/12/2019,23.3048,34.9409,34.0957,105.0834,82.0679,0.0073,23.2975,602.8125,70.1621,,,,,,,,,
575,05:00 01/12/2019,16.4383,25.4302,49.8527,90.3428,72.5259,0.0,16.4383,482.2396,63.0346,,,,,,,,,
576,06:00 01/12/2019,15.0459,28.9019,55.5903,90.8234,73.6294,0.0009,15.045,500.5382,64.1903,,,,,,,,,
577,07:00 01/12/2019,14.5857,31.9482,65.2841,74.098,59.0024,0.0,14.5857,430.2952,50.8145,,,,,,,,,
578,08:00 01/12/2019,16.9341,37.2773,70.3574,75.1228,55.8677,0.0,16.9341,486.4931,47.4628,,,,,,,,,
579,09:00 01/12/2019,17.7694,45.623,82.0701,77.547,55.8856,0.0,17.7694,456.9444,46.6875,,,,,,,,,
580,10:00 01/12/2019,18.7282,48.218,78.7413,88.5816,60.9353,0.0434,18.6848,453.559,49.9252,,,,,,,,,
581,11:00 01/12/2019,15.5055,45.5995,89.4676,82.1664,59.3307,0.0249,15.4806,406.0417,50.3878,,,,,,,,,
582,12:00 01/12/2019,13.7331,33.286,97.9086,77.0306,58.5,0.0341,13.699,390.0868,50.4697,,,,,,,,,
583,13:00 01/12/2019,10.9259,25.7118,108.0745,74.8282,56.075,0.0052,10.9207,365.1215,48.3484,,,,,,,,,
584,14:00 01/12/2019,10.8788,28.1662,100.2338,81.5936,62.7931,0.0,10.8788,414.1667,54.6552,,,,,,,,,
585,15:00 01/12/2019,14.1302,29.8377,83.1356,96.6767,74.78,0.0047,14.1255,569.6007,66.6292,,,,,,,,,
586,16:00 01/12/2019,19.7948,36.7423,82.0296,109.5821,91.9445,0.4161,19.3786,689.4445,83.3002,,,,,,,,,
587,17:00 01/12/2019,35.2585,44.5151,73.0072,142.5864,119.7508,4.7213,30.5373,936.2154,110.9563,,,,,,,,,
588,18:00 01/12/2019,23.1701,38.8177,66.2693,88.0013,74.8027,1.4699,21.7002,711.9097,69.9124,,,,,,,,,
589,19:00 01/12/2019,15.2589,30.1075,59.1337,55.5627,40.213,0.069,15.1899,577.0486,35.2376,,,,,,,,,
590,20:00 01/12/2019,11.8838,23.9585,53.272,58.0555,39.7306,0.0,11.8838,533.559,33.3362,,,,,,,,,
591,21:00 01/12/2019,10.2378,19.939,49.0306,42.2225,27.2223,0.0,10.2378,493.125,22.2711,,,,,,,,,
592,22:00 01/12/2019,9.1121,20.7064,46.426,26.9371,18.6449,0.0,9.1121,470.4861,15.2589,,,,,,,,,
593,23:00 01/12/2019,9.0068,21.4774,51.7692,27.5261,19.9194,0.0,9.0068,475.9028,16.3921,,,,,,,,,
594,00:00 02/12/2019,8.2979,21.8615,53.4592,27.47,17.7728,0.0,8.2979,475.2257,14.3123,,,,,,,,,
595,01:00 02/12/2019,8.1424,21.5128,53.1714,19.9841,12.6413,0.0,8.1424,477.8125,10.2477,,,,,,,,,
596,02:00 02/12/2019,7.7613,19.421,54.954,15.1364,8.8907,0.0,7.7613,473.1771,7.3688,,,,,,,,,
597,03:00 02/12/2019,7.8982,17.0547,50.9799,13.1077,8.6702,0.0,7.8982,469.375,7.414,,,,,,,,,
598,04:00 02/12/2019,7.4341,13.7852,51.5478,14.1667,9.6164,0.0,7.4341,459.4965,8.2038,,,,,,,,,
599,05:00 02/12/2019,7.8366,10.7032,50.6751,17.0596,11.9728,0.0,7.8366,452.9167,10.0762,,,,,,,,,
600,06:00 02/12/2019,7.3973,10.9884,55.2576,17.7977,13.7671,0.0,7.3973,437.5347,11.8851,,,,,,,,,
601,07:00 02/12/2019,7.7011,10.6714,61.7529,15.5769,10.5194,0.0,7.7011,418.9236,9.2273,,,,,,,,,
602,08:00 02/12/2019,10.6782,9.8825,57.5961,21.8278,14.9861,0.0,10.6782,445.0868,12.8962,,,,,,,,,
603,09:00 02/12/2019,14.3854,10.1979,54.0866,39.5504,25.0509,0.0199,14.3654,508.8021,21.5046,,,,,,,,,
604,10:00 02/12/2019,11.5227,9.4777,65.0639,40.0237,22.2495,0.0326,11.4901,468.4896,18.3437,,,,,,,,,
605,11:00 02/12/2019,10.0187,8.954,75.4511,35.3131,17.0781,0.0195,9.9992,438.2386,13.8377,,,,,,,,,
606,12:00 02/12/2019,12.9349,9.1572,78.6669,54.447,29.8945,0.1811,12.7538,485.3598,24.9216,,,,,,,,,
607,13:00 02/12/2019,13.553,5.9345,81.9555,40.7942,18.3509,0.0,13.553,478.5417,14.5561,,,,,,,,,
608,14:00 02/12/2019,9.9933,6.688,96.2406,32.5776,14.6216,0.0,9.9933,448.941,11.8194,,,,,,,,,
609,15:00 02/12/2019,10.0923,7.4996,103.6757,37.3922,15.6055,0.0009,10.0914,445.3125,12.4175,,,,,,,,,
610,16:00 02/12/2019,16.0267,7.386,100.1222,45.6053,16.0882,0.7152,15.3114,459.5312,12.175,,,,,,,,,
611,17:00 02/12/2019,11.3841,8.5895,108.5819,40.7965,18.0361,0.002,11.382,439.7569,14.1789,,,,,,,,,
612,18:00 02/12/2019,27.9074,8.9351,89.7881,139.3652,38.1883,0.9657,26.9416,536.059,23.8073,,,,,,,,,
613,19:00 02/12/2019,45.4344,6.2582,51.6433,110.7537,76.4756,1.7011,43.7334,808.6111,69.1316,,,,,,,,,
614,20:00 02/12/2019,46.3406,7.67,34.6681,207.5884,155.7069,0.0009,46.3397,1010.6425,142.8219,,,,,,,,,
615,21:00 02/12/2019,32.7448,4.4429,36.2771,168.2695,110.2556,0.0026,32.7422,810.0347,91.3139,,,,,,,,,
616,22:00 02/12/2019,28.5654,2.0497,23.8456,83.5684,54.8659,0.0,28.5654,677.2222,46.8075,,,,,,,,,
617,02:00 03/12/2019,13.262,2.5259,59.0563,43.5389,31.2758,0.0,13.262,476.0243,27.1362,,,,,,,,,
618,03:00 03/12/2019,18.0498,5.5496,49.9393,148.3846,122.0227,0.0,18.0498,649.9653,100.5655,,,,,,,,,
619,04:00 03/12/2019,30.3037,6.2582,29.4856,129.3385,99.4079,0.0004,30.3033,578.6111,84.5071,,,,,,,,,
620,05:00 03/12/2019,22.8379,0.0079,25.4615,79.0924,56.8743,0.0,22.8379,572.3264,45.8577,,,,,,,,,
621,06:00 03/12/2019,10.3359,0.0044,49.9411,31.4435,25.2651,0.0,10.3359,512.8298,22.4759,,,,,,,,,
622,07:00 03/12/2019,19.1846,5.2906,42.9996,60.0443,33.8458,0.0017,19.1829,493.7326,26.2508,,,,,,,,,
623,08:00 03/12/2019,31.5829,17.5362,32.0754,55.5103,36.5878,0.6263,30.9566,507.309,30.28,,,,,,,,,
624,09:00 03/12/2019,38.7478,10.0295,37.1563,75.6307,44.6303,8.5166,30.2312,496.1285,35.9965,,,,,,,,,
625,10:00 03/12/2019,50.8788,7.8875,51.5908,62.9111,32.3436,21.0084,29.8705,420.1894,26.5688,,,,,,,,,
626,11:00 03/12/2019,13.633,1.6198,81.8412,41.0409,25.9675,2.6223,11.0107,364.697,22.2414,,,,,,,,,
627,12:00 03/12/2019,21.4391,1.1531,86.9623,41.1215,26.5452,5.8863,15.5528,350.9659,23.1917,,,,,,,,,
628,13:00 03/12/2019,8.4816,0.169,103.8871,39.2711,26.3712,0.3303,8.1513,332.2917,23.1571,,,,,,,,,
629,14:00 03/12/2019,7.0069,0.0646,114.1378,41.7171,25.5602,0.0,7.0069,300.5114,21.9422,,,,,,,,,
630,15:00 03/12/2019,7.4784,0.2955,118.8521,39.2689,26.0993,0.0,7.4784,292.8977,22.9067,,,,,,,,,
631,16:00 03/12/2019,8.934,1.4902,119.6184,42.145,28.3866,0.1442,8.7899,283.4659,24.8942,,,,,,,,,
632,17:00 03/12/2019,22.2735,3.8692,109.6034,42.2242,23.8512,2.1511,20.1224,294.4318,20.262,,,,,,,,,
633,18:00 03/12/2019,22.9557,3.4597,104.7982,62.7426,37.4521,0.9788,21.9769,358.5038,31.0553,,,,,,,,,
634,19:00 03/12/2019,98.5525,4.394,18.8454,321.7552,114.7335,15.4035,83.149,862.3864,79.187,,,,,,,,,
635,20:00 03/12/2019,61.1468,8.6129,28.2016,212.3099,131.9066,0.1119,61.0349,1244.1478,108.8999,,,,,,,,,
636,21:00 03/12/2019,58.8386,1.2168,8.0181,241.0021,163.0217,0.6544,58.1842,1300.5873,136.4761,,,,,,,,,
637,22:00 03/12/2019,85.7821,4.5959,7.3485,351.342,250.3011,12.5775,73.2046,1701.3258,206.7867,,,,,,,,,
638,23:00 03/12/2019,93.7934,7.5812,7.0683,404.6166,303.9676,19.5313,74.2621,1502.0076,244.9004,,,,,,,,,
639,00:00 04/12/2019,57.5467,11.807,18.1122,273.9882,196.0068,1.1433,56.4035,1122.0644,156.9077,,,,,,,,,
640,01:00 04/12/2019,79.6116,6.542,4.3688,297.985,226.3427,15.7714,63.8402,1066.9888,184.0111,,,,,,,,,
641,02:00 04/12/2019,47.1593,11.8902,7.0849,171.7615,133.7069,2.4132,44.7461,857.1401,114.3988,,,,,,,,,
642,03:00 04/12/2019,42.8905,11.2693,9.0516,174.6736,135.473,3.2757,39.6148,872.0076,113.3463,,,,,,,,,
643,04:00 04/12/2019,30.8157,20.056,13.6061,124.381,98.3023,0.0132,30.8025,688.447,83.8746,,,,,,,,,
644,05:00 04/12/2019,36.8345,10.1292,7.3222,146.4619,113.4245,2.0407,34.7938,663.6932,90.0913,,,,,,,,,
645,06:00 04/12/2019,52.493,12.9536,4.2639,189.77,149.9146,9.8563,42.6367,746.4204,116.7905,,,,,,,,,
646,07:00 04/12/2019,57.5618,17.3611,3.4327,176.6211,140.0035,12.0825,45.4793,1475.5871,112.8345,,,,,,,,,
647,08:00 04/12/2019,67.9283,21.4396,4.8458,362.6776,284.6996,23.0823,44.846,1561.9318,245.7591,,,,,,,,,
648,09:00 04/12/2019,64.0238,34.9739,9.924,296.3732,197.0449,24.1781,39.8457,1657.2348,155.1118,,,,,,,,,
649,10:00 04/12/2019,28.8364,33.6652,46.7453,126.9464,95.5148,3.4464,25.3899,1351.4394,84.0487,,,,,,,,,
650,11:00 04/12/2019,13.7526,9.4267,90.6122,61.9572,39.9343,0.6854,13.0672,351.2311,33.8609,,,,,,,,,
651,12:00 04/12/2019,7.8723,3.2296,112.353,46.3711,30.8736,0.0136,7.8587,204.9811,26.3644,,,,,,,,,
652,13:00 04/12/2019,7.3644,0.0676,117.691,42.1613,23.3858,0.0843,7.2802,158.2954,19.1883,,,,,,,,,
653,14:00 04/12/2019,6.9117,0.9594,122.5452,36.7746,22.0037,0.0,6.9117,152.2917,18.2247,,,,,,,,,
654,15:00 04/12/2019,6.472,0.9988,126.3821,37.1242,21.2887,0.0,6.472,141.8939,17.5525,,,,,,,,,
655,16:00 04/12/2019,8.6499,1.8924,122.6028,45.0701,22.2337,0.0465,8.6034,144.0799,17.6091,,,,,,,,,
656,17:00 04/12/2019,14.7446,5.8328,124.48,59.2215,28.2811,0.257,14.4875,218.3854,22.4962,,,,,,,,,
657,18:00 04/12/2019,28.6678,7.0417,108.1251,85.6486,37.2048,0.3845,28.2833,310.1136,28.7336,,,,,,,,,
658,19:00 04/12/2019,41.738,4.8057,64.58,145.9913,56.36,0.2562,41.4818,444.5265,42.973,,,,,,,,,
659,20:00 04/12/2019,58.268,2.876,21.3647,215.277,106.7099,1.5857,56.6823,704.1477,83.8584,,,,,,,,,
660,21:00 04/12/2019,99.8318,3.7041,5.6192,289.388,195.4787,26.359,73.4728,992.5757,157.1198,,,,,,,,,
661,22:00 04/12/2019,68.9534,13.8948,5.716,173.979,113.8969,5.9815,62.9719,851.0038,95.8722,,,,,,,,,
662,23:00 04/12/2019,65.9566,19.1681,7.6736,171.2522,116.7463,5.7819,60.1747,868.9015,98.3966,,,,,,,,,
663,00:00 05/12/2019,45.6142,26.5716,19.211,126.9676,83.0885,0.2591,45.3551,796.0227,70.3715,,,,,,,,,
664,01:00 05/12/2019,52.0623,5.3525,11.8216,164.646,120.9491,4.8374,47.2249,615.9659,95.213,,,,,,,,,
665,02:00 05/12/2019,28.8403,6.2989,36.2664,80.9744,59.3852,0.0,28.8403,411.8561,45.9186,,,,,,,,,
666,03:00 05/12/2019,38.5578,19.4055,24.201,147.5404,106.1174,0.0428,38.515,638.9773,76.1789,,,,,,,,,
667,04:00 05/12/2019,35.9078,20.01,29.4451,256.2861,184.3325,0.0061,35.9017,874.8485,130.3625,,,,,,,,,
668,05:00 05/12/2019,32.6091,17.4464,37.9707,125.8997,93.5203,0.0,32.6091,690.3599,71.4652,,,,,,,,,
669,06:00 05/12/2019,35.3887,33.1717,31.4407,93.8416,69.9467,0.0294,35.3593,431.4962,56.2968,,,,,,,,,
670,07:00 05/12/2019,46.27,16.5026,18.4512,138.979,107.4671,1.0649,45.2051,538.125,90.9,,,,,,,,,
671,08:00 05/12/2019,41.6698,15.59,24.1915,116.4896,87.186,1.0361,40.6337,689.5644,73.3,,,,,,,,,
672,09:00 05/12/2019,40.5455,15.2434,37.2213,109.7309,72.1257,4.6593,35.8862,561.0038,60.2406,,,,,,,,,
673,10:00 05/12/2019,23.3112,12.831,69.9215,74.5763,44.1659,2.253,21.0582,279.4129,36.1046,,,,,,,,,
674,11:00 05/12/2019,13.0716,4.5504,96.5626,64.4239,29.2122,0.9701,12.1015,193.125,22.599,,,,,,,,,
675,12:00 05/12/2019,16.2336,3.5655,104.9513,62.3909,28.524,1.7112,14.5225,174.625,22.5783,,,,,,,,,
676,13:00 05/12/2019,11.0454,0.7089,116.3922,59.4556,27.7439,0.36,10.6855,118.6174,21.6744,,,,,,,,,
677,14:00 05/12/2019,10.3487,1.1709,120.2918,78.271,38.1642,0.3031,10.0456,121.0038,30.3766,,,,,,,,,
678,15:00 05/12/2019,7.0416,0.1239,125.2512,50.8655,29.0464,0.001,7.0406,122.822,23.3351,,,,,,,,,
679,16:00 05/12/2019,11.5451,0.2639,123.2933,55.9439,23.5102,0.2369,11.3082,120.0,17.7366,,,,,,,,,
680,17:00 05/12/2019,11.26,1.6445,125.6168,50.1086,26.942,0.0134,11.2466,142.2917,21.4246,,,,,,,,,
681,18:00 05/12/2019,17.1039,3.7379,115.5821,70.1362,48.8403,0.0,17.1039,284.2424,41.0789,,,,,,,,,
682,19:00 05/12/2019,81.4992,4.1884,28.7503,164.0861,103.7174,2.4264,79.0728,501.6098,84.2275,,,,,,,,,
683,20:00 05/12/2019,75.7815,4.0278,23.0009,278.2534,177.8019,7.533,68.2485,763.6553,141.4429,,,,,,,,,
684,21:00 05/12/2019,17.769,0.2665,80.0553,118.2823,80.6388,0.0,17.769,344.4697,67.8505,,,,,,,,,
685,22:00 05/12/2019,13.7453,0.0,89.9417,68.5055,48.48,0.0,13.7453,257.2349,41.5157,,,,,,,,,
686,23:00 05/12/2019,13.9588,0.0022,87.3182,56.9891,39.2952,0.0,13.9588,186.7614,33.0023,,,,,,,,,
687,00:00 06/12/2019,31.1561,11.1973,56.7587,64.1269,42.5271,0.0,31.1561,243.6932,35.4538,,,,,,,,,
688,01:00 06/12/2019,32.7086,5.5614,42.9253,68.3517,44.8383,0.0002,32.7084,348.2576,37.4755,,,,,,,,,
689,02:00 06/12/2019,24.2388,7.839,56.1843,66.5718,44.4024,0.0,24.2388,213.3901,34.688,,,,,,,,,
690,03:00 06/12/2019,20.7619,22.1793,63.2769,83.5752,64.669,0.0,20.7619,438.3902,51.0444,,,,,,,,,
691,04:00 06/12/2019,22.059,10.15,63.739,57.4678,43.0095,0.0,22.059,394.5833,34.67,,,,,,,,,
692,05:00 06/12/2019,18.3768,1.7533,68.6,44.234,31.8662,0.0,18.3768,92.5,25.2092,,,,,,,,,
693,06:00 06/12/2019,16.3032,0.7583,70.7343,32.7116,22.3702,0.0,16.3032,86.7992,18.2444,,,,,,,,,
694,07:00 06/12/2019,19.0714,15.6771,64.3429,39.7217,25.6239,0.0,19.0714,136.1364,21.5608,,,,,,,,,
695,08:00 06/12/2019,22.8631,2.5532,60.7794,44.287,27.6998,0.002,22.861,117.3674,22.2339,,,,,,,,,
696,09:00 06/12/2019,29.5483,6.8354,59.5222,69.1956,30.7591,3.7142,25.834,173.0114,22.9798,,,,,,,,,
697,10:00 06/12/2019,30.4127,9.0558,69.6339,86.9371,34.5709,5.2699,25.1428,190.4735,26.4985,,,,,,,,,
698,11:00 06/12/2019,15.4687,4.4937,97.3718,86.1789,30.018,0.7338,14.735,156.4773,21.0099,,,,,,,,,
699,12:00 06/12/2019,11.6564,1.7541,113.6777,76.9661,40.8465,0.1764,11.48,138.6364,33.0194,,,,,,,,,
700,13:00 06/12/2019,8.7583,0.0,125.3363,50.406,26.1345,0.0067,8.7516,88.3902,20.893,,,,,,,,,
701,14:00 06/12/2019,8.4132,0.0277,134.6388,41.8283,20.6315,0.0008,8.4124,88.5795,16.2072,,,,,,,,,
702,15:00 06/12/2019,9.1944,0.0104,135.171,46.8335,21.4091,0.0152,9.1792,73.3523,16.3163,,,,,,,,,
703,16:00 06/12/2019,14.0048,0.2799,133.4988,51.9938,21.424,0.454,13.5508,84.4697,15.8858,,,,,,,,,
704,17:00 06/12/2019,25.6551,3.5269,122.1513,81.9957,31.7725,1.4655,24.1896,138.5796,23.59,,,,,,,,,
705,18:00 06/12/2019,46.2251,2.1554,90.0927,127.7783,43.7161,4.1981,42.027,226.7803,30.9562,,,,,,,,,
706,19:00 06/12/2019,65.8741,10.5153,48.4847,234.6611,155.0431,2.1883,63.6858,953.6742,132.9245,,,,,,,,,
707,20:00 06/12/2019,74.9236,12.1832,19.9322,366.007,215.4469,3.1833,71.7403,1055.0569,174.8965,,,,,,,,,
708,21:00 06/12/2019,75.1527,5.3625,5.7929,310.0791,226.6565,5.0179,70.1348,1152.462,192.2953,,,,,,,,,
709,22:00 06/12/2019,84.2598,1.8798,4.4285,307.4241,222.1488,20.26,63.9998,1294.6592,190.7702,,,,,,,,,
710,23:00 06/12/2019,113.3614,2.6598,5.2676,449.0465,345.3356,51.901,61.4603,1547.0265,289.7148,,,,,,,,,
711,00:00 07/12/2019,125.1026,6.8484,5.2312,563.4579,453.0171,59.7618,65.3409,1319.2425,368.1163,,,,,,,,,
712,01:00 07/12/2019,93.0536,0.5278,3.609,317.2337,247.5669,41.9601,51.0936,1213.5037,204.131,,,,,,,,,
713,02:00 07/12/2019,74.0202,12.0389,2.2979,208.3682,150.7293,21.2128,52.8074,978.1061,123.688,,,,,,,,,
714,03:00 07/12/2019,41.6302,21.4842,7.1602,131.2256,92.0292,1.1605,40.4697,583.0682,76.1966,,,,,,,,,
715,04:00 07/12/2019,34.915,8.4678,4.899,117.8467,87.6111,1.3841,33.5309,480.947,71.4883,,,,,,,,,
716,05:00 07/12/2019,36.0222,0.0797,3.6071,103.9621,80.6418,1.3264,34.6958,447.2159,65.6674,,,,,,,,,
717,06:00 07/12/2019,34.7265,10.6219,9.6516,99.8336,76.3834,0.3255,34.4011,356.2311,62.7115,,,,,,,,,
718,07:00 07/12/2019,21.7295,2.7447,16.4647,171.0322,136.2802,0.1915,21.5381,314.1856,108.1837,,,,,,,,,
719,08:00 07/12/2019,37.8562,1.4677,4.8799,180.1573,137.5804,4.1363,33.7198,447.7273,110.3704,,,,,,,,,
720,09:00 07/12/2019,84.6926,24.2658,6.4387,245.0386,164.3471,35.9219,48.7707,863.5227,128.727,,,,,,,,,
721,10:00 07/12/2019,50.9619,20.5305,27.3557,150.8409,102.4813,13.4715,37.4905,729.3371,84.1231,,,,,,,,,
722,11:00 07/12/2019,30.93,12.23,68.8582,95.9252,56.6166,4.9998,25.9302,442.2538,45.8579,,,,,,,,,
723,12:00 07/12/2019,9.4076,1.687,117.312,56.2787,37.0252,0.0071,9.4005,224.3182,30.5514,,,,,,,,,
724,13:00 07/12/2019,8.5147,0.0,133.6177,47.2815,29.4868,0.0095,8.5051,135.4735,24.4064,,,,,,,,,
725,14:00 07/12/2019,7.8681,0.0,143.8414,43.8363,27.6928,0.0,7.8681,128.2576,23.0122,,,,,,,,,
726,15:00 07/12/2019,7.4333,0.0,151.1484,41.8186,24.7307,0.0,7.4333,99.5076,20.4677,,,,,,,,,
727,16:00 07/12/2019,9.216,2.0943,155.4802,50.8304,32.9155,0.001,9.215,108.0871,26.5422,,,,,,,,,
728,17:00 07/12/2019,12.3101,1.7541,156.4169,44.8593,26.6268,0.2124,12.0977,114.7917,21.8699,,,,,,,,,
729,18:00 07/12/2019,44.0589,5.0999,122.5897,141.2243,42.6039,6.3745,37.6844,288.2197,28.0985,,,,,,,,,
730,19:00 07/12/2019,84.3438,8.0011,42.31,651.6385,379.9805,7.1144,77.2295,1217.9924,289.195,,,,,,,,,
731,20:00 07/12/2019,84.4987,6.0138,20.5075,360.4195,225.7416,2.5507,81.9481,1491.2877,182.0513,,,,,,,,,
732,21:00 07/12/2019,86.5493,7.5227,9.8016,569.7402,470.5161,4.8904,81.659,1335.947,412.7003,,,,,,,,,
733,22:00 07/12/2019,103.5712,5.5458,5.8725,463.9855,373.2913,26.3121,77.259,1389.356,320.9186,,,,,,,,,
734,23:00 07/12/2019,104.2059,5.1346,4.9364,584.4452,460.2153,31.3511,72.8548,1536.8182,373.5841,,,,,,,,,
735,00:00 08/12/2019,77.8788,5.6078,2.8677,329.2695,257.1577,20.528,57.3508,1011.0416,213.0658,,,,,,,,,
736,01:00 08/12/2019,71.9377,5.7486,3.1596,202.5696,161.5283,20.2892,51.6485,948.1251,138.1946,,,,,,,,,
737,02:00 08/12/2019,66.9238,21.7798,5.2419,416.155,370.0122,11.8383,55.0855,1209.5643,336.9565,,,,,,,,,
738,03:00 08/12/2019,61.6841,21.3945,4.2681,321.543,267.6029,10.9173,50.7668,1138.0493,227.9096,,,,,,,,,
739,04:00 08/12/2019,42.8436,23.8047,6.2332,227.2109,169.3061,0.4515,42.3921,916.231,129.7664,,,,,,,,,
740,05:00 08/12/2019,27.9206,12.0133,9.8886,128.1841,100.4517,0.0217,27.8989,514.2992,82.2718,,,,,,,,,
741,06:00 08/12/2019,34.9004,15.6932,6.1631,133.3007,104.7263,0.7492,34.1512,549.8864,86.3311,,,,,,,,,
742,07:00 08/12/2019,36.0445,4.1565,3.2177,131.4201,105.5932,2.5011,33.5434,551.4583,87.0826,,,,,,,,,
743,08:00 08/12/2019,37.6138,3.1157,2.4745,118.9863,89.0819,6.3861,31.2276,581.8371,72.5613,,,,,,,,,
744,09:00 08/12/2019,67.7239,15.6806,5.6267,173.0131,121.5893,29.5373,38.1867,641.7614,96.49,,,,,,,,,
745,10:00 08/12/2019,52.0829,24.8612,18.5136,126.6707,81.501,15.8557,36.2273,523.3712,67.8156,,,,,,,,,
746,11:00 08/12/2019,49.2091,15.4453,48.2201,113.8763,68.3928,11.3772,37.8319,391.6856,58.7097,,,,,,,,,
747,12:00 08/12/2019,41.8388,15.3664,87.4919,100.2117,58.0599,5.6887,36.1501,298.0682,48.9329,,,,,,,,,
748,13:00 08/12/2019,20.3355,12.8726,144.4911,97.0087,52.5821,0.7342,19.6014,285.0568,43.1771,,,,,,,,,
749,14:00 08/12/2019,11.7672,7.0425,182.0004,74.1201,50.7844,0.0012,11.766,264.5833,43.7506,,,,,,,,,
750,15:00 08/12/2019,9.304,1.8161,188.5058,65.251,45.8671,0.0,9.304,186.4773,39.655,,,,,,,,,
751,16:00 08/12/2019,12.4822,0.458,180.1578,56.3301,37.5577,0.1738,12.3084,143.9583,32.4728,,,,,,,,,
752,17:00 08/12/2019,9.3678,-996.7834,-832.7121,-933.1197,-955.5234,-999.8998,-990.5324,-851.15,-961.7988,,,,,,,,,
753,18:00 08/12/2019,23.7521,3.5724,164.4671,212.0238,62.7642,1.3461,22.406,359.4886,42.7182,,,,,,,,,
754,19:00 08/12/2019,78.8803,5.2208,83.3841,517.8986,152.1709,7.8349,71.0454,1135.6629,99.1743,,,,,,,,,
755,20:00 08/12/2019,66.6576,12.0441,71.1872,362.5094,267.986,0.0327,66.6249,1511.9317,230.6297,,,,,,,,,
756,21:00 08/12/2019,65.9473,13.3683,46.5258,436.1622,352.3005,0.0755,65.8718,1634.1666,312.1447,,,,,,,,,
757,22:00 08/12/2019,64.3859,6.903,14.7377,617.4575,516.5121,1.0679,63.318,1970.4545,446.3866,,,,,,,,,
758,23:00 08/12/2019,71.5675,18.6624,25.3494,461.7789,356.4875,0.0627,71.5047,2265.2082,309.5324,,,,,,,,,
759,00:00 09/12/2019,47.7872,6.9307,43.0129,388.6668,290.8088,0.0177,47.7695,1862.8977,239.6077,,,,,,,,,
760,01:00 09/12/2019,47.2288,6.9533,32.4837,286.2466,219.7704,0.2712,46.9576,1307.3485,186.9019,,,,,,,,,
761,02:00 09/12/2019,62.6374,5.756,7.4596,307.0994,238.8759,4.7203,57.9172,993.3145,201.1735,,,,,,,,,
762,03:00 09/12/2019,78.4257,5.4552,4.1123,402.6296,325.5579,16.6156,61.8102,1253.9962,278.489,,,,,,,,,
763,04:00 09/12/2019,74.053,7.3628,3.8834,405.949,338.0815,17.1995,56.8535,1488.3712,299.368,,,,,,,,,
764,05:00 09/12/2019,81.9796,8.1415,4.2139,392.5059,323.8253,25.5597,56.42,1636.5338,282.5654,,,,,,,,,
765,06:00 09/12/2019,53.64,13.7796,6.1624,319.5127,253.4646,8.8058,44.8342,1266.6099,209.5516,,,,,,,,,
766,07:00 09/12/2019,39.8604,29.2717,9.0951,167.7958,131.1413,0.1852,39.6752,773.5227,111.6602,,,,,,,,,
767,08:00 09/12/2019,46.1825,11.7563,4.2672,186.0598,152.5115,4.9811,41.2014,847.6136,129.7371,,,,,,,,,
768,09:00 09/12/2019,82.4387,18.4479,7.8512,177.6292,111.6395,31.2322,51.2065,743.6553,93.481,,,,,,,,,
769,10:00 09/12/2019,62.6996,37.333,28.0772,194.7679,118.1272,11.672,51.0276,920.1136,99.3657,,,,,,,,,
770,11:00 09/12/2019,52.8507,40.9244,53.4666,173.9378,101.3233,7.2622,45.5885,558.3334,86.3262,,,,,,,,,
771,12:00 09/12/2019,37.5531,30.5188,93.2562,142.5572,81.6219,3.0055,34.5477,420.3977,69.1297,,,,,,,,,
772,13:00 09/12/2019,22.0558,16.7249,154.1541,113.1937,68.5392,0.4406,21.6152,359.8296,58.8325,,,,,,,,,
773,14:00 09/12/2019,11.6191,7.2891,186.6702,80.7508,53.3023,0.0128,11.6063,267.8409,45.8032,,,,,,,,,
774,15:00 09/12/2019,10.4607,5.2247,188.8681,62.4421,43.3895,0.0229,10.4377,213.5417,37.7112,,,,,,,,,
775,16:00 09/12/2019,10.293,6.7344,193.5249,65.9507,42.4373,0.0,10.293,232.4432,36.5529,,,,,,,,,
776,17:00 09/12/2019,12.784,8.1432,192.6927,66.6041,41.7804,0.0041,12.7799,244.3182,35.8477,,,,,,,,,
777,18:00 09/12/2019,25.0058,11.8785,173.395,612.3997,119.5772,0.552,24.4538,442.9545,60.45,,,,,,,,,
778,19:00 09/12/2019,50.1292,16.936,131.6883,324.882,197.7999,0.5886,49.5406,1001.7802,170.2235,,,,,,,,,
779,20:00 09/12/2019,97.4976,15.3274,56.5921,494.1691,305.8268,4.6344,92.8632,1489.2045,259.4125,,,,,,,,,
780,21:00 09/12/2019,103.8655,10.2215,28.4487,379.0929,268.9611,0.7634,103.1021,1758.6742,233.4669,,,,,,,,,
781,22:00 09/12/2019,102.3953,6.5333,8.3787,410.1313,258.9007,4.3433,98.052,2168.1251,220.188,,,,,,,,,
782,23:00 09/12/2019,104.1217,15.9117,5.9741,450.6381,332.1046,5.8521,98.2696,2573.9963,282.1693,,,,,,,,,
783,00:00 10/12/2019,92.7367,17.7337,6.3433,441.1386,338.4483,1.9826,90.7541,2184.6781,287.8993,,,,,,,,,
784,01:00 10/12/2019,79.1198,13.9598,6.4845,416.47,319.1379,1.758,77.3617,1512.5568,267.7297,,,,,,,,,
785,02:00 10/12/2019,95.8775,6.7097,3.4467,439.4067,342.8173,30.3151,65.5624,1440.322,289.8942,,,,,,,,,
786,03:00 10/12/2019,75.4964,4.7502,3.6425,371.8507,303.2753,20.1473,55.3491,1542.5947,263.9957,,,,,,,,,
787,04:00 10/12/2019,63.8618,15.1766,4.06,338.8054,268.4445,12.5631,51.2987,1591.5911,224.6883,,,,,,,,,
788,05:00 10/12/2019,67.2911,19.0294,2.8616,303.0018,240.1354,18.3751,48.916,1437.1023,199.3293,,,,,,,,,
789,06:00 10/12/2019,58.402,13.4398,3.0275,295.9117,248.7432,12.6323,45.7697,1196.2122,213.6445,,,,,,,,,
790,07:00 10/12/2019,52.8526,7.9213,2.819,297.4217,249.4751,6.7804,46.0722,1248.9961,210.641,,,,,,,,,
791,08:00 10/12/2019,70.55,5.1931,2.5537,345.1747,276.9967,30.5045,40.0455,1050.8522,222.8055,,,,,,,,,
792,09:00 10/12/2019,108.9705,16.0637,2.3695,266.2577,215.1531,64.275,44.6955,911.369,178.4749,,,,,,,,,
793,12:00 10/12/2019,49.0239,28.8479,97.5386,202.5886,114.2114,5.357,43.6669,633.5417,95.2114,,,,,,,,,
794,13:00 10/12/2019,38.8708,28.5987,137.7433,172.0806,106.402,3.044,35.8267,545.1515,91.8137,,,,,,,,,
795,14:00 10/12/2019,20.7307,15.9055,202.9496,128.723,94.6546,0.0024,20.7283,435.8902,84.6058,,,,,,,,,
796,15:00 10/12/2019,17.9017,9.825,216.9239,106.6809,78.0097,0.0885,17.8132,377.3864,69.9008,,,,,,,,,
797,16:00 10/12/2019,21.633,9.4298,216.1582,112.6516,75.7241,0.0221,21.6109,336.7046,66.8341,,,,,,,,,
798,17:00 10/12/2019,16.0962,11.4742,217.0112,118.1934,77.669,0.0,16.0962,331.1742,67.9079,,,,,,,,,
799,18:00 10/12/2019,24.4317,10.7952,191.1825,182.6373,85.5902,0.0018,24.4298,397.3295,69.366,,,,,,,,,
800,19:00 10/12/2019,53.2147,10.195,133.0296,372.864,144.0937,1.4241,51.7907,903.2954,105.7596,,,,,,,,,
801,20:00 10/12/2019,70.7238,11.7269,84.3274,521.4374,295.7778,0.1748,70.549,1820.5114,242.8253,,,,,,,,,
802,21:00 10/12/2019,63.7277,4.5569,24.8685,450.1266,293.3026,0.0709,63.6569,2376.2878,249.5166,,,,,,,,,
803,22:00 10/12/2019,66.5993,3.1993,17.984,549.0584,382.5353,0.1829,66.4164,2431.5341,325.6732,,,,,,,,,
804,23:00 10/12/2019,94.0801,11.645,18.7551,437.6051,328.401,0.8848,93.1953,2496.0606,276.9185,,,,,,,,,
805,00:00 11/12/2019,77.5302,12.7504,17.3664,369.0406,272.2535,0.1868,77.3434,2251.4015,232.1301,,,,,,,,,
806,01:00 11/12/2019,65.9422,25.5112,24.2435,345.1402,279.724,0.161,65.7812,2285.8523,247.7859,,,,,,,,,
807,02:00 11/12/2019,71.9055,7.2692,7.0264,353.7874,285.2473,14.7093,57.1961,1559.4507,247.7851,,,,,,,,,
808,03:00 11/12/2019,93.638,7.5755,4.0259,361.1009,296.8882,27.4625,66.1755,1588.2007,262.3117,,,,,,,,,
809,04:00 11/12/2019,66.5047,7.7822,3.0733,317.3988,262.0672,11.4911,55.0136,1531.5342,230.8008,,,,,,,,,
810,05:00 11/12/2019,52.9425,13.3059,3.6145,312.9999,259.3368,5.763,47.1794,1557.5001,227.3755,,,,,,,,,
811,06:00 11/12/2019,46.5042,7.3359,4.3824,286.9641,233.4775,1.5605,44.9437,1339.0909,198.6877,,,,,,,,,
812,07:00 11/12/2019,40.002,11.4998,6.817,212.3939,175.277,0.9368,39.0652,1026.7424,152.512,,,,,,,,,
813,08:00 11/12/2019,65.8172,7.8035,3.0684,234.4003,188.9391,13.0916,52.7256,1055.8334,160.2199,,,,,,,,,
814,09:00 11/12/2019,115.4496,24.1501,3.5697,214.5605,158.4895,57.2564,58.1932,1058.447,135.4838,,,,,,,,,
815,10:00 11/12/2019,67.9375,45.2816,20.166,208.5496,146.3627,14.1469,53.7905,967.1591,127.5738,,,,,,,,,
816,11:00 11/12/2019,75.947,56.5348,45.931,243.7417,169.2656,11.1539,64.7931,1074.9054,148.5546,,,,,,,,,
817,12:00 11/12/2019,49.3047,45.4064,104.1628,278.1632,155.8113,3.5575,45.7472,837.8788,130.7718,,,,,,,,,
818,13:00 11/12/2019,33.5863,31.0336,167.9066,210.8095,127.4541,1.5034,32.0829,686.8939,109.3018,,,,,,,,,
819,14:00 11/12/2019,22.8636,21.1449,210.5721,133.7064,96.6454,0.0642,22.7994,488.0682,85.8474,,,,,,,,,
820,15:00 11/12/2019,16.5848,18.6481,232.9873,119.037,85.9583,0.0,16.5848,423.1439,76.5357,,,,,,,,,
821,16:00 11/12/2019,23.1927,16.0082,232.8974,122.3206,80.1946,0.1117,23.081,425.9849,70.1572,,,,,,,,,
822,17:00 11/12/2019,20.9636,16.9373,241.5362,136.9575,81.3724,0.001,20.9626,413.7311,69.7205,,,,,,,,,
823,18:00 11/12/2019,52.7415,18.3608,200.2377,217.8731,97.4759,0.3486,52.3929,476.7424,76.3901,,,,,,,,,
824,19:00 11/12/2019,156.8106,19.6634,35.1614,504.8168,180.2032,15.3093,141.5013,1407.2159,130.2214,,,,,,,,,
825,20:00 11/12/2019,107.0223,15.7244,27.5369,581.9657,304.8416,3.0865,103.9358,2139.3371,245.1174,,,,,,,,,
826,21:00 11/12/2019,110.5627,10.8346,13.1697,590.6887,383.0296,5.0254,105.5373,3075.9093,327.4257,,,,,,,,,
827,22:00 11/12/2019,88.3661,6.9489,7.7275,565.5952,422.8428,4.7493,83.6168,2802.8978,362.6895,,,,,,,,,
828,23:00 11/12/2019,107.0059,4.394,6.8748,822.4478,672.4148,24.2733,82.7326,2935.6817,565.2616,,,,,,,,,
829,00:00 12/12/2019,200.15,4.1171,5.2049,705.4253,573.5278,95.5777,104.5723,2917.1591,488.1842,,,,,,,,,
830,01:00 12/12/2019,225.8892,3.3029,5.0594,635.9578,526.0072,130.8283,95.061,2819.7726,459.3487,,,,,,,,,
831,02:00 12/12/2019,177.7602,1.4993,3.8032,527.0535,435.2066,89.783,87.9772,2198.3145,380.1258,,,,,,,,,
832,03:00 12/12/2019,96.7422,0.0104,3.108,385.8938,317.5226,32.0016,64.7405,1838.2575,278.5563,,,,,,,,,
833,04:00 12/12/2019,93.1235,0.0459,3.7227,423.0172,356.1466,34.4756,58.6479,2047.6514,312.8581,,,,,,,,,
834,05:00 12/12/2019,70.0032,1.089,3.4083,411.5851,344.0502,14.4614,55.5417,1969.5833,299.3488,,,,,,,,,
835,06:00 12/12/2019,41.1458,4.17,6.3923,309.0715,257.7454,0.1772,40.9686,1411.553,219.7836,,,,,,,,,
836,07:00 12/12/2019,63.9979,4.0491,3.122,268.4929,225.6503,12.383,51.6148,1234.5076,192.5872,,,,,,,,,
837,08:00 12/12/2019,64.3598,4.6592,2.9382,232.8561,194.315,14.8939,49.4659,1099.2234,167.9866,,,,,,,,,
838,09:00 12/12/2019,64.712,9.3262,3.3398,216.0034,173.1416,26.9399,37.7721,1109.6213,149.3531,,,,,,,,,
839,10:00 12/12/2019,80.2361,24.284,10.9894,256.8366,183.6356,19.6422,60.5939,1183.9015,158.9782,,,,,,,,,
840,11:00 12/12/2019,87.2301,49.0446,31.269,295.8207,204.5258,14.2038,73.0263,1227.8298,176.7795,,,,,,,,,
841,12:00 12/12/2019,65.3707,50.1298,90.4888,302.6734,213.0608,6.0073,59.3635,1056.2152,185.5283,,,,,,,,,
842,13:00 12/12/2019,38.9277,40.129,174.7027,231.2757,166.5598,0.3713,38.5564,871.4236,147.687,,,,,,,,,
843,14:00 12/12/2019,26.4276,40.4789,234.0873,200.6872,149.9863,0.0,26.4276,732.0313,133.8234,,,,,,,,,
844,15:00 12/12/2019,22.9834,41.9165,260.0879,186.8398,141.3859,0.0022,22.9811,642.1181,125.2193,,,,,,,,,
845,16:00 12/12/2019,23.821,48.3419,263.5952,208.8473,138.8822,0.0,23.821,600.6597,118.9185,,,,,,,,,
846,17:00 12/12/2019,26.2732,46.9247,259.9402,203.5618,148.8522,0.0,26.2732,665.5729,130.8607,,,,,,,,,
847,18:00 12/12/2019,34.9933,58.5736,226.9732,304.0911,195.1205,0.3437,34.6496,857.309,161.8234,,,,,,,,,
848,19:00 12/12/2019,52.2423,77.6728,165.2464,395.0304,275.3082,0.0102,52.2321,1489.4618,240.1271,,,,,,,,,
849,20:00 12/12/2019,67.1303,67.3951,88.3863,443.6338,298.3395,0.0244,67.1059,1967.6042,258.0881,,,,,,,,,
850,21:00 12/12/2019,71.1746,36.6306,56.972,413.4488,293.9114,0.0523,71.1223,2006.3888,252.4864,,,,,,,,,
851,22:00 12/12/2019,36.2656,20.2301,75.4291,307.7256,234.7363,0.0034,36.2622,1536.3194,204.042,,,,,,,,,
852,23:00 12/12/2019,39.4797,22.6651,65.0921,277.8311,220.1641,0.0078,39.4719,1434.4617,193.7691,,,,,,,,,
853,00:00 13/12/2019,45.3424,15.0142,27.9376,298.4563,221.7859,1.3106,44.0318,1494.8785,194.0791,,,,,,,,,
854,01:00 13/12/2019,114.6969,10.3266,3.7863,388.3523,303.0849,27.684,87.0129,1322.7952,256.9417,,,,,,,,,
855,02:00 13/12/2019,153.7211,9.4098,3.3571,346.9809,280.3824,55.6221,98.099,1186.3368,241.499,,,,,,,,,
856,03:00 13/12/2019,121.7659,7.2648,3.7285,301.4385,248.9783,46.2218,75.5441,1165.8853,218.6009,,,,,,,,,
857,04:00 13/12/2019,58.9805,3.913,11.4347,311.754,256.7497,2.2579,56.7226,1179.5659,224.8437,,,,,,,,,
858,05:00 13/12/2019,53.7281,3.6004,10.1269,273.6517,230.2293,1.1885,52.5396,1237.1701,205.1706,,,,,,,,,
859,06:00 13/12/2019,50.8622,11.4054,8.8461,299.9696,253.2723,0.8127,50.0494,1831.8751,227.1429,,,,,,,,,
860,07:00 13/12/2019,52.7893,19.8512,17.0869,323.4659,264.5986,0.2423,52.547,1525.3645,225.1581,,,,,,,,,
861,08:00 13/12/2019,49.2028,20.9682,19.7977,248.8207,206.6529,0.2317,48.9711,1247.5522,183.9095,,,,,,,,,
862,09:00 13/12/2019,59.339,25.5315,24.7448,232.3796,168.7357,6.4422,52.8968,1082.5522,150.1804,,,,,,,,,
863,10:00 13/12/2019,41.6475,35.5333,54.7501,221.9372,158.827,1.9686,39.6789,962.0076,141.0726,,,,,,,,,
864,11:00 13/12/2019,44.6193,43.2701,85.7937,268.8531,173.8345,2.2536,42.3656,912.6136,148.1931,,,,,,,,,
865,12:00 13/12/2019,54.7015,45.7214,113.6693,347.6469,180.4738,4.7834,49.9181,873.9205,146.0312,,,,,,,,,
866,13:00 13/12/2019,37.3801,31.0613,157.2556,237.1008,142.3493,3.2718,34.1082,648.0303,119.7338,,,,,,,,,
867,14:00 13/12/2019,31.5691,27.7494,181.9982,179.6229,134.0728,0.1096,31.4595,687.4432,118.9053,,,,,,,,,
868,15:00 13/12/2019,26.0419,28.7504,216.6924,180.2006,134.5089,0.0035,26.0385,647.7841,119.2506,,,,,,,,,
869,16:00 13/12/2019,24.9932,28.0705,225.5517,166.2816,124.733,0.0471,24.9461,614.2045,110.3513,,,,,,,,,
870,17:00 13/12/2019,29.3156,40.3698,213.9081,197.8218,149.6342,0.042,29.2735,688.5417,132.1357,,,,,,,,,
871,18:00 13/12/2019,34.1511,40.8789,209.838,294.4928,149.4779,0.4995,33.6517,776.8371,119.5245,,,,,,,,,
872,19:00 13/12/2019,58.2764,32.1035,128.2956,381.2646,196.5206,0.7382,57.5381,1382.0075,157.9945,,,,,,,,,
873,20:00 13/12/2019,144.1634,15.2603,26.3595,567.7012,297.6522,6.6157,137.5477,2201.9318,235.2664,,,,,,,,,
874,21:00 13/12/2019,86.1965,7.6384,14.2766,543.1552,338.9024,3.0861,83.1104,3313.6363,279.1272,,,,,,,,,
875,22:00 13/12/2019,103.0885,10.8364,16.2745,593.227,409.5983,2.8231,100.2654,3195.4356,337.5505,,,,,,,,,
876,23:00 13/12/2019,69.2915,10.4169,23.5042,265.7535,198.1868,0.8117,68.4797,1367.9356,170.9483,,,,,,,,,
877,00:00 14/12/2019,52.4527,8.0747,12.5317,238.2986,191.3833,1.15,51.3027,1261.0985,168.0563,,,,,,,,,
878,01:00 14/12/2019,52.5434,5.4327,7.5843,238.7055,195.0079,4.9438,47.5996,1163.4661,168.846,,,,,,,,,
879,02:00 14/12/2019,96.0573,5.3725,5.2208,328.8286,277.1923,43.7283,52.3291,1239.9622,231.0127,,,,,,,,,
880,03:00 14/12/2019,98.0725,3.8424,4.1662,288.5302,243.0842,34.6628,63.4098,1313.3713,209.9558,,,,,,,,,
881,04:00 14/12/2019,96.1028,1.5548,3.222,233.7886,210.4919,46.3571,49.7457,1336.3446,185.9781,,,,,,,,,
882,05:00 14/12/2019,71.5279,1.0227,4.5276,301.7826,253.9952,17.4155,54.1123,1496.0038,222.1226,,,,,,,,,
883,06:00 14/12/2019,75.2349,1.8568,3.8204,308.3664,270.1125,36.9247,38.3102,1724.5455,239.5545,,,,,,,,,
884,07:00 14/12/2019,70.2173,2.4319,5.2396,358.4863,315.3636,27.7518,42.4655,1839.9242,278.2285,,,,,,,,,
885,08:00 14/12/2019,80.8252,2.8808,4.3376,299.6607,259.8766,38.5589,42.2663,1795.7575,231.1556,,,,,,,,,
886,09:00 14/12/2019,66.5196,4.3199,7.0755,296.108,234.319,23.3296,43.19,1605.2463,201.1454,,,,,,,,,
887,10:00 14/12/2019,43.6569,4.924,19.0246,241.1921,188.2023,5.0159,38.641,964.1098,154.401,,,,,,,,,
888,11:00 14/12/2019,40.4029,12.1468,29.176,218.0398,167.7835,3.9575,36.4454,859.4697,137.5423,,,,,,,,,
889,12:00 14/12/2019,42.4505,31.1441,46.4391,200.6182,143.3442,3.8754,38.5751,747.1023,121.6511,,,,,,,,,
890,13:00 14/12/2019,39.5155,40.8755,70.3875,179.8581,117.5224,3.7995,35.7159,513.0682,98.0324,,,,,,,,,
891,14:00 14/12/2019,21.4761,27.5409,108.3309,124.0465,95.3838,0.1297,21.3464,417.9735,80.6095,,,,,,,,,
892,15:00 14/12/2019,27.2088,27.9348,115.295,130.6135,103.9865,0.363,26.8458,432.178,87.2827,,,,,,,,,
893,16:00 14/12/2019,28.1129,46.8563,106.2188,176.7455,136.0947,0.1504,27.9624,448.428,112.7892,,,,,,,,,
894,17:00 14/12/2019,32.8212,49.5053,96.8168,153.8041,101.7518,0.5037,32.3175,449.678,80.4967,,,,,,,,,
895,18:00 14/12/2019,40.7597,58.4575,85.7752,287.2418,167.9906,0.4113,40.3483,804.2803,135.0681,,,,,,,,,
896,19:00 14/12/2019,48.2481,59.7363,65.8859,290.0849,212.252,0.1525,48.0957,1208.8446,179.0369,,,,,,,,,
897,20:00 14/12/2019,58.9946,23.9824,38.4945,276.7993,194.4891,0.7319,58.2626,1320.3599,160.6505,,,,,,,,,
898,21:00 14/12/2019,55.8771,9.8683,23.3285,279.9403,192.5966,3.094,52.7831,1629.7537,159.7728,,,,,,,,,
899,22:00 14/12/2019,83.7128,8.2268,11.8735,340.6307,250.4818,20.3382,63.3746,1765.7006,208.8331,,,,,,,,,
900,23:00 14/12/2019,96.4418,9.6178,6.3706,294.2837,226.282,33.3684,63.0734,1623.3335,191.148,,,,,,,,,
901,00:00 15/12/2019,106.447,11.255,6.4261,282.5898,223.7157,42.974,63.473,1538.2955,188.4187,,,,,,,,,
902,01:00 15/12/2019,94.4201,15.3084,7.3664,373.9414,300.2652,35.4513,58.9688,2135.5493,251.4114,,,,,,,,,
903,02:00 15/12/2019,82.6112,17.1019,6.2478,383.0986,308.676,21.8075,60.8037,2164.356,256.1776,,,,,,,,,
904,03:00 15/12/2019,77.7778,19.1724,6.3891,341.0532,267.4262,11.3813,66.3965,2250.7197,216.8524,,,,,,,,,
905,04:00 15/12/2019,77.8088,19.6153,6.893,270.8374,207.3555,12.73,65.0788,2167.6136,169.4087,,,,,,,,,
906,05:00 15/12/2019,59.1131,14.0036,11.8216,209.8476,161.2625,2.1385,56.9745,1186.9697,133.1369,,,,,,,,,
907,06:00 15/12/2019,58.5318,19.5126,13.4951,265.624,214.892,3.9116,54.6202,1740.1135,174.6352,,,,,,,,,
908,07:00 15/12/2019,51.5129,18.8994,13.784,339.551,288.5804,3.1431,48.3698,1644.7917,246.5254,,,,,,,,,
909,08:00 15/12/2019,46.6763,18.9011,10.1494,210.4556,166.6773,2.2713,44.405,977.9356,131.7776,,,,,,,,,
910,09:00 15/12/2019,61.8854,25.028,9.2376,204.3208,157.5924,16.3827,45.5026,1225.4546,128.4271,,,,,,,,,
911,10:00 15/12/2019,74.3429,36.4872,11.0492,207.9545,151.9533,15.483,58.8599,996.2674,125.0797,,,,,,,,,
912,11:00 15/12/2019,62.4977,61.0887,16.0335,208.3548,147.7896,6.8007,55.697,871.8182,121.8271,,,,,,,,,
913,12:00 15/12/2019,83.6538,63.8118,16.6823,185.6598,136.9386,19.3671,64.2868,1010.1705,113.3667,,,,,,,,,
914,13:00 15/12/2019,71.1499,77.7539,28.6876,165.4489,116.25,13.6619,57.488,919.4318,95.5252,,,,,,,,,
915,14:00 15/12/2019,58.5097,79.6103,42.4814,164.5347,116.9052,8.1904,50.3193,715.0379,96.2636,,,,,,,,,
916,15:00 15/12/2019,39.6625,55.4818,50.5871,117.3289,85.9016,4.2858,35.3767,423.6742,71.0756,,,,,,,,,
917,16:00 15/12/2019,37.2819,57.6832,59.1289,144.2285,101.8872,2.8101,34.4717,486.9886,84.8475,,,,,,,,,
918,17:00 15/12/2019,35.6553,71.9814,72.863,212.4913,149.463,1.3607,34.2946,502.5568,120.7949,,,,,,,,,
919,18:00 15/12/2019,38.6964,70.184,61.6103,227.8882,168.806,0.8838,37.8126,610.8712,143.0153,,,,,,,,,
920,19:00 15/12/2019,35.8727,43.2416,53.0339,281.7277,227.284,0.0891,35.7835,760.677,202.1875,,,,,,,,,
921,20:00 15/12/2019,27.0039,24.9035,44.6256,138.2001,97.51,0.0523,26.9516,687.3438,80.2794,,,,,,,,,
922,21:00 15/12/2019,21.0817,15.4611,40.1741,101.8513,70.3177,0.0043,21.0775,583.4375,56.5573,,,,,,,,,
923,22:00 15/12/2019,19.3704,13.6863,41.1986,98.672,69.333,0.0186,19.3518,680.8681,56.6668,,,,,,,,,
924,23:00 15/12/2019,19.9967,23.4412,38.8,96.267,72.5704,0.0035,19.9932,655.322,59.8059,,,,,,,,,
925,00:00 16/12/2019,12.7525,22.9476,51.4119,59.0359,44.5758,0.0146,12.7379,421.5909,35.7682,,,,,,,,,
926,01:00 16/12/2019,14.7455,28.4427,44.8578,60.7356,47.8838,0.0052,14.7403,602.9688,39.3571,,,,,,,,,
927,02:00 16/12/2019,13.3495,29.0377,45.3004,58.502,45.7141,0.001,13.3485,583.3902,37.389,,,,,,,,,
928,03:00 16/12/2019,16.8812,23.699,37.6382,78.7055,65.6821,0.0079,16.8733,365.3788,56.2918,,,,,,,,,
929,04:00 16/12/2019,24.2118,15.805,28.6129,104.412,85.3315,0.016,24.1958,518.2008,72.2581,,,,,,,,,
930,05:00 16/12/2019,20.3109,11.0712,33.6324,98.533,78.5837,0.041,20.2699,543.8068,65.899,,,,,,,,,
931,06:00 16/12/2019,18.5133,14.2822,32.3625,111.5759,91.3279,0.0575,18.4558,687.4621,78.3079,,,,,,,,,
932,07:00 16/12/2019,20.1592,18.0457,34.0386,147.0272,126.3169,0.0804,20.0788,680.5114,110.2951,,,,,,,,,
933,08:00 16/12/2019,23.4391,21.4691,31.3949,195.6695,158.5176,0.1974,23.2417,634.125,130.1817,,,,,,,,,
934,09:00 16/12/2019,30.3011,32.6889,23.3882,229.2449,184.6983,1.753,28.5481,828.447,162.5289,,,,,,,,,
935,10:00 16/12/2019,41.4824,36.283,19.5253,237.8488,194.9855,5.0102,36.4722,827.9924,167.7745,,,,,,,,,
936,11:00 16/12/2019,53.6503,51.1316,19.6415,156.8893,114.565,10.8726,42.7777,668.6285,94.3363,,,,,,,,,
937,12:00 16/12/2019,61.773,58.2944,17.8619,125.0495,87.9471,13.0494,48.7236,507.5,73.1183,,,,,,,,,
938,13:00 16/12/2019,60.183,34.018,28.8032,107.4717,67.3644,15.9629,44.2201,312.3106,54.0842,,,,,,,,,
939,14:00 16/12/2019,53.7613,32.4467,36.0167,85.297,54.758,12.5067,41.2546,217.2222,43.8869,,,,,,,,,
940,15:00 16/12/2019,31.8718,22.1637,92.8062,89.8139,66.2473,1.5548,30.317,354.697,54.4266,,,,,,,,,
941,16:00 16/12/2019,19.9943,26.0715,102.7819,85.4603,57.7397,0.0761,19.9182,274.4507,46.6119,,,,,,,,,
942,17:00 16/12/2019,26.3866,27.3052,83.9082,94.2386,53.969,0.7333,25.6532,280.4167,42.495,,,,,,,,,
943,18:00 16/12/2019,49.3882,63.5929,42.9457,255.2903,184.7694,2.7738,46.6144,592.2569,159.7138,,,,,,,,,
944,19:00 16/12/2019,41.1485,73.0496,50.7833,284.297,183.8713,0.1758,40.9726,902.2917,149.298,,,,,,,,,
945,20:00 16/12/2019,45.8057,24.1245,28.8464,231.8899,145.5239,0.2583,45.5475,987.6326,117.0858,,,,,,,,,
946,21:00 16/12/2019,32.8373,5.7343,36.6828,140.6045,94.7159,0.0726,32.7647,738.3333,77.4124,,,,,,,,,
947,22:00 16/12/2019,30.287,8.9891,26.4024,118.0309,89.698,0.0692,30.2178,626.5104,75.5511,,,,,,,,,
948,23:00 16/12/2019,22.6253,12.6623,26.7487,84.5134,63.5257,0.0137,22.6116,540.2083,52.6835,,,,,,,,,
949,00:00 17/12/2019,18.3869,16.9217,29.785,73.0209,56.0617,0.0181,18.3688,834.0885,46.3123,,,,,,,,,
950,01:00 17/12/2019,21.6287,53.3156,23.7319,84.8868,64.9808,0.0243,21.6043,909.4375,53.3539,,,,,,,,,
951,02:00 17/12/2019,22.8168,48.7439,26.6553,75.9322,58.0781,0.0112,22.8057,694.8611,48.7333,,,,,,,,,
952,03:00 17/12/2019,17.8009,44.0023,31.103,80.6274,64.98,0.0274,17.7735,579.5573,54.2725,,,,,,,,,
953,04:00 17/12/2019,16.5025,30.6176,29.7734,94.5839,78.7066,0.0073,16.4952,510.928,64.9482,,,,,,,,,
954,05:00 17/12/2019,20.3686,22.2475,30.3956,89.5965,70.0692,0.023,20.3456,507.5833,57.3898,,,,,,,,,
955,06:00 17/12/2019,21.3927,22.8991,29.2359,107.208,82.0383,0.115,21.2777,586.4583,68.3584,,,,,,,,,
956,07:00 17/12/2019,33.0488,33.7132,28.6776,200.7021,179.9441,0.8058,32.243,1226.6459,165.888,,,,,,,,,
957,08:00 17/12/2019,30.0129,50.9646,20.3438,211.2684,182.6221,0.5701,29.4428,1402.3436,167.1359,,,,,,,,,
958,09:00 17/12/2019,33.5537,61.5451,22.0408,266.2896,212.8055,1.6703,31.8834,1175.5324,186.5969,,,,,,,,,
959,10:00 17/12/2019,39.5694,62.9851,20.1549,202.3728,162.8603,3.5867,35.9827,882.7083,144.2346,,,,,,,,,
960,11:00 17/12/2019,37.3002,65.5941,24.5266,304.3068,248.0647,3.2517,34.0485,835.0,228.3244,,,,,,,,,
961,12:00 17/12/2019,36.3058,59.6038,27.5498,190.5096,149.8173,3.9836,32.3221,593.1547,131.5467,,,,,,,,,
962,13:00 17/12/2019,36.3486,35.5705,43.5139,158.2012,116.5481,3.1991,33.1496,449.7396,96.325,,,,,,,,,
963,14:00 17/12/2019,34.3004,37.9327,48.1996,138.5323,95.0352,2.2546,32.0458,401.5451,78.0051,,,,,,,,,
964,15:00 17/12/2019,28.257,44.3625,65.6868,153.7846,121.1167,1.5438,26.7132,391.3447,105.7992,,,,,,,,,
965,16:00 17/12/2019,28.259,46.956,64.9021,91.9802,63.7058,1.65,26.6089,253.9394,53.344,,,,,,,,,
966,17:00 17/12/2019,30.6682,52.2318,64.5101,121.8863,83.1128,1.0972,29.5711,378.1818,71.3559,,,,,,,,,
967,18:00 17/12/2019,31.2402,66.349,72.8237,210.1283,143.8357,0.6282,30.6121,544.3182,124.7587,,,,,,,,,
968,19:00 17/12/2019,31.3868,51.9879,48.8201,167.3779,108.0432,0.0518,31.335,621.4773,91.4161,,,,,,,,,
969,20:00 17/12/2019,43.0868,39.6409,35.6345,204.4446,147.8782,0.6645,42.4223,879.0531,126.7286,,,,,,,,,
970,21:00 17/12/2019,29.7732,22.9212,39.5088,112.5426,77.3816,0.082,29.6912,554.3371,64.0077,,,,,,,,,
